CustomerID,LastPurchase,FirstPurchase,Frequency,Monetary,Country,Recency,Tenure,AvgOrderValue,CancellationRate,Churned,R_Score,F_Score,M_Score,Segment,ChurnProbability
12347,2011-11-12 11:52:00,2011-02-19 12:53:00,32,8924.21,United Kingdom,28,265,278.88,0.0,0,4,5,5,Champions,0.55
12348,2011-11-27 09:00:00,2011-02-14 08:41:00,16,3633.09,United Kingdom,13,286,227.07,0.0,0,5,4,4,Champions,0.0
12349,2011-12-09 19:02:00,2011-02-14 17:57:00,27,7912.58,United Kingdom,1,298,293.06,0.0,0,5,5,5,Champions,0.0
12350,2011-11-20 17:46:00,2011-02-03 15:27:00,36,9385.83,Germany,20,290,260.72,0.0,0,4,5,5,Champions,0.0
12351,2011-12-02 10:16:00,2011-02-05 09:51:00,38,10362.59,United Kingdom,8,300,272.7,0.0345,0,5,5,5,Champions,0.0
12352,2011-11-10 11:36:00,2011-01-31 14:45:00,37,10384.43,United Kingdom,30,282,280.66,0.0577,0,4,5,5,Champions,0.0
12353,2011-12-05 08:50:00,2011-02-13 09:37:00,19,5502.94,United Kingdom,5,294,289.63,0.0,0,5,4,4,Champions,0.0
12354,2011-11-09 19:52:00,2011-02-06 17:56:00,34,8135.06,United Kingdom,31,276,239.27,0.0,0,4,5,5,Champions,0.0
12355,2011-12-03 12:00:00,2011-02-26 12:55:00,33,9487.35,United Kingdom,7,279,287.5,0.0,0,5,5,5,Champions,0.0
12356,2011-11-10 18:14:00,2011-01-28 14:31:00,35,9577.68,Ireland,30,286,273.65,0.0023,0,4,5,5,Champions,0.0
12357,2011-11-23 18:27:00,2011-02-04 14:22:00,32,8300.69,United Kingdom,17,292,259.4,0.0147,0,4,5,5,Champions,0.0
12358,2011-11-27 10:17:00,2011-02-13 09:36:00,31,8479.07,United Kingdom,13,287,273.52,0.0363,0,5,5,5,Champions,0.0
12359,2011-11-09 07:55:00,2011-01-25 08:33:00,33,7910.6,United Kingdom,31,287,239.72,0.0361,0,4,5,5,Champions,0.0
12360,2011-11-11 11:44:00,2011-01-22 07:57:00,20,6186.38,United Kingdom,29,293,309.32,0.0421,0,4,4,4,Champions,0.0
12361,2011-12-06 16:18:00,2011-02-12 15:56:00,36,9947.88,United Kingdom,4,297,276.33,0.0,0,5,5,5,Champions,0.0
12362,2011-11-17 10:59:00,2011-01-25 15:08:00,39,10238.27,United Kingdom,23,295,262.52,0.0,0,4,5,5,Champions,0.0
12363,2011-11-28 15:27:00,2011-02-10 15:16:00,31,8284.73,United Kingdom,12,291,267.25,0.0,0,5,5,5,Champions,0.0
12364,2011-11-15 08:36:00,2011-01-26 12:59:00,15,4873.83,United Kingdom,25,292,324.92,0.0,0,4,4,4,Champions,0.0
12365,2011-11-11 13:06:00,2011-01-21 13:44:00,34,8657.38,United Kingdom,29,293,254.63,0.0,0,4,5,5,Champions,0.0
12366,2011-11-26 12:40:00,2011-02-06 13:57:00,24,7134.6,United Kingdom,14,292,297.28,0.0499,0,5,5,5,Champions,0.0
12367,2011-11-18 07:48:00,2011-02-04 18:42:00,23,6353.48,Ireland,22,286,276.24,0.0285,0,4,4,5,Champions,0.0
12368,2011-11-11 08:57:00,2011-02-07 09:50:00,36,9805.9,United Kingdom,29,276,272.39,0.0136,0,4,5,5,Champions,0.0
12369,2011-12-02 19:16:00,2011-02-18 17:10:00,38,10392.3,United Kingdom,8,287,273.48,0.0185,0,5,5,5,Champions,0.0
12370,2011-11-13 19:24:00,2011-01-31 11:29:00,31,6899.94,Ireland,27,286,222.58,0.0,0,4,5,5,Champions,0.0
12371,2011-12-09 07:54:00,2011-02-12 14:16:00,20,4760.18,United Kingdom,1,299,238.01,0.0039,0,5,4,4,Champions,0.0
12372,2011-12-04 14:00:00,2011-02-07 11:46:00,23,6561.49,United Kingdom,6,300,285.28,0.0,0,5,4,5,Champions,0.0
12373,2011-11-14 11:10:00,2011-02-06 07:23:00,19,5047.56,Germany,26,281,265.66,0.0,0,4,4,4,Champions,0.0
12374,2011-12-08 19:34:00,2011-02-21 17:38:00,20,5514.87,Germany,2,290,275.74,0.0,0,5,4,4,Champions,0.0
12375,2011-11-12 11:01:00,2011-01-22 09:33:00,24,7532.03,Ireland,28,294,313.83,0.0,0,4,5,5,Champions,0.0
12376,2011-12-07 18:54:00,2011-02-19 09:06:00,28,8013.44,United Kingdom,3,291,286.19,0.0,0,5,5,5,Champions,0.0
12377,2011-12-01 11:20:00,2011-02-08 13:20:00,30,8121.15,Ireland,9,295,270.7,0.0,0,5,5,5,Champions,0.0
12378,2011-11-15 16:05:00,2011-01-19 07:57:00,34,8408.18,Ireland,25,300,247.3,0.0146,0,4,5,5,Champions,0.0
12379,2011-12-02 15:32:00,2011-02-10 08:39:00,27,7478.88,United Kingdom,8,295,277.0,0.0,0,5,5,5,Champions,0.0
12380,2011-12-05 15:20:00,2011-02-08 19:19:00,34,8314.73,United Kingdom,5,299,244.55,0.0,0,5,5,5,Champions,0.0
12381,2011-11-09 18:05:00,2011-01-27 09:45:00,25,7033.49,United Kingdom,31,286,281.34,0.0224,0,4,5,5,Champions,0.0
12382,2011-11-28 16:49:00,2011-02-12 08:04:00,35,8656.74,United Kingdom,12,289,247.34,0.0093,0,5,5,5,Champions,0.0
12383,2011-11-11 14:03:00,2011-01-22 11:24:00,39,11430.12,Ireland,29,293,293.08,0.0,0,4,5,5,Champions,0.0
12384,2011-11-17 10:13:00,2011-02-01 16:14:00,31,6735.58,United Kingdom,23,288,217.28,0.0,0,4,5,5,Champions,0.0
12385,2011-12-08 11:59:00,2011-02-15 14:12:00,22,5517.47,United Kingdom,2,295,250.79,0.031,0,5,4,4,Champions,0.0
12386,2011-11-30 14:44:00,2011-02-06 07:20:00,33,8693.91,United Kingdom,10,297,263.45,0.0272,0,5,5,5,Champions,0.0
12387,2011-12-01 16:39:00,2011-02-04 14:44:00,30,9562.68,United Kingdom,9,300,318.76,0.0,0,5,5,5,Champions,0.0
12388,2011-11-26 11:49:00,2011-01-31 19:47:00,20,5404.17,United Kingdom,14,298,270.21,0.0,0,5,4,4,Champions,0.0
12389,2011-11-28 11:15:00,2011-02-12 18:28:00,35,10151.46,United Kingdom,12,288,290.04,0.0245,0,5,5,5,Champions,0.0
12390,2011-11-08 15:41:00,2011-01-21 13:12:00,32,9128.08,Ireland,32,291,285.25,0.0096,0,4,5,5,Champions,0.0
12391,2011-12-01 10:37:00,2011-02-07 11:09:00,29,7622.42,United Kingdom,9,296,262.84,0.0398,0,5,5,5,Champions,0.0
12392,2011-11-14 17:16:00,2011-03-09 10:10:00,21,6709.62,Ireland,26,250,319.51,0.0,0,4,4,5,Champions,0.759
12393,2011-11-29 10:14:00,2011-02-13 11:33:00,29,9170.0,France,11,288,316.21,0.0,0,5,5,5,Champions,0.0
12394,2011-11-12 10:00:00,2011-01-18 15:43:00,35,8903.98,United Kingdom,28,297,254.4,0.0,0,4,5,5,Champions,0.0
12395,2011-11-13 17:16:00,2011-02-10 14:46:00,18,5134.2,United Kingdom,27,276,285.23,0.0,0,4,4,4,Champions,0.0
12396,2011-11-16 12:38:00,2011-03-24 07:31:00,17,5420.02,Ireland,24,237,318.82,0.0487,0,4,4,4,Champions,0.65
12397,2011-11-23 07:26:00,2011-02-17 14:16:00,18,6002.32,Ireland,17,278,333.46,0.0714,0,4,4,4,Champions,0.0
12398,2011-11-11 14:44:00,2011-01-23 07:43:00,30,8518.38,Germany,29,292,283.95,0.0,0,4,5,5,Champions,0.0
12399,2011-11-28 07:03:00,2011-02-02 11:42:00,40,9890.8,United Kingdom,12,298,247.27,0.0,0,5,5,5,Champions,0.0
12400,2011-11-22 10:52:00,2011-02-13 10:42:00,29,8868.24,United Kingdom,18,282,305.8,0.0,0,4,5,5,Champions,0.0
12401,2011-11-30 08:16:00,2011-02-08 18:57:00,29,8977.34,United Kingdom,10,294,309.56,0.0843,0,5,5,5,Champions,0.0
12402,2011-12-03 13:32:00,2011-02-07 13:16:00,18,4064.33,Ireland,7,299,225.8,0.0,0,5,4,4,Champions,0.0
12403,2011-11-25 08:48:00,2011-02-08 08:46:00,38,10880.43,Netherlands,15,290,286.33,0.038,0,5,5,5,Champions,0.0
12404,2011-11-16 19:39:00,2011-01-20 09:26:00,36,8855.45,United Kingdom,24,300,245.98,0.0,0,4,5,5,Champions,0.0
12405,2011-11-16 11:27:00,2011-01-25 19:02:00,24,6258.81,Ireland,24,294,260.78,0.0,0,4,5,5,Champions,0.0
12406,2011-11-10 11:19:00,2011-01-14 14:41:00,38,8557.75,United Kingdom,30,299,225.2,0.0271,0,4,5,5,Champions,0.0
12407,2011-11-23 10:41:00,2011-01-31 12:04:00,20,5408.6,Germany,17,295,270.43,0.0238,0,4,4,4,Champions,0.0
12408,2011-11-16 16:19:00,2011-01-25 10:25:00,32,8586.92,United Kingdom,24,295,268.34,0.0,0,4,5,5,Champions,0.0
12409,2011-11-21 18:56:00,2011-02-23 11:23:00,19,5815.62,United Kingdom,19,271,306.09,0.0,0,4,4,4,Champions,0.55
12410,2011-12-06 14:16:00,2011-02-10 13:19:00,28,8335.47,France,4,299,297.7,0.0026,0,5,5,5,Champions,0.0
12411,2011-11-13 08:26:00,2011-02-11 11:54:00,18,6727.29,United Kingdom,27,274,373.74,0.0,0,4,4,5,Champions,0.0
12412,2011-11-19 12:37:00,2011-01-25 19:51:00,36,9527.53,United Kingdom,21,297,264.65,0.0596,0,4,5,5,Champions,0.0
12413,2011-12-09 17:39:00,2011-02-20 19:07:00,15,3481.23,Portugal,1,291,232.08,0.0899,0,5,4,4,Champions,0.0
12414,2011-12-05 12:12:00,2011-02-24 13:34:00,27,5654.87,United Kingdom,5,283,209.44,0.0,0,5,5,4,Champions,0.0
12415,2011-12-02 16:45:00,2011-02-08 17:56:00,32,8314.41,United Kingdom,8,296,259.83,0.0877,0,5,5,5,Champions,0.0
12416,2011-11-11 19:17:00,2011-01-16 11:48:00,32,8345.0,Ireland,29,299,260.78,0.0231,0,4,5,5,Champions,0.0
12417,2011-11-12 08:57:00,2011-01-18 19:15:00,37,9420.09,United Kingdom,28,297,254.6,0.0835,0,4,5,5,Champions,0.0
12418,2011-12-06 10:43:00,2011-02-21 19:36:00,19,5321.0,United Kingdom,4,287,280.05,0.0297,0,5,4,4,Champions,0.0
12419,2011-12-06 11:23:00,2011-02-09 11:35:00,32,7185.98,United Kingdom,4,299,224.56,0.0,0,5,5,5,Champions,0.0
12420,2011-12-03 09:45:00,2011-02-10 17:06:00,26,6632.06,United Kingdom,7,295,255.08,0.0123,0,5,5,5,Champions,0.0
12421,2011-11-21 07:26:00,2011-02-04 18:37:00,30,7140.07,United Kingdom,19,289,238.0,0.0526,0,4,5,5,Champions,0.0
12422,2011-11-27 16:24:00,2011-02-01 11:43:00,35,8452.27,France,13,299,241.49,0.0262,0,5,5,5,Champions,0.0
12423,2011-12-04 12:16:00,2011-02-10 17:45:00,21,4403.5,Portugal,6,296,209.69,0.0642,0,5,4,4,Champions,0.0
12424,2011-11-17 07:12:00,2011-01-29 14:30:00,28,7661.81,United Kingdom,23,291,273.64,0.0,0,4,5,5,Champions,0.0
12425,2011-12-08 13:11:00,2011-02-11 11:05:00,34,8669.47,United Kingdom,2,300,254.98,0.0,0,5,5,5,Champions,0.0
12426,2011-11-22 17:10:00,2011-02-06 09:56:00,19,6306.36,Ireland,18,289,331.91,0.0,0,4,4,5,Champions,0.0
12427,2011-12-03 12:32:00,2011-03-05 12:06:00,16,4409.26,United Kingdom,7,273,275.58,0.0,0,5,4,4,Champions,0.0
12428,2011-11-25 18:34:00,2011-02-10 13:42:00,31,6976.89,United Kingdom,15,288,225.06,0.0425,0,5,5,5,Champions,0.0
12429,2011-11-17 18:42:00,2011-01-25 18:40:00,37,10558.83,United Kingdom,23,296,285.37,0.038,0,4,5,5,Champions,0.0
12430,2011-12-07 14:18:00,2011-03-17 07:49:00,15,3422.45,United Kingdom,3,265,228.16,0.0309,0,5,4,4,Champions,0.014
12431,2011-11-23 18:21:00,2011-02-01 08:49:00,22,5014.67,Spain,17,295,227.94,0.0615,0,4,4,4,Champions,0.0
12432,2011-11-24 19:08:00,2011-02-03 09:05:00,19,5235.3,United Kingdom,16,294,275.54,0.0,0,5,4,4,Champions,0.0
12433,2011-11-30 18:33:00,2011-02-06 17:20:00,20,5337.18,United Kingdom,10,297,266.86,0.0,0,5,4,4,Champions,0.0
12434,2011-11-16 16:08:00,2011-01-27 10:50:00,39,9376.32,Ireland,24,293,240.42,0.0,0,4,5,5,Champions,0.0
12435,2011-11-26 12:50:00,2011-01-31 13:58:00,20,5565.07,United Kingdom,14,298,278.25,0.0,0,5,4,4,Champions,0.0
12436,2011-11-22 11:47:00,2011-01-28 08:30:00,31,8613.72,United Kingdom,18,298,277.86,0.0,0,4,5,5,Champions,0.0
12437,2011-11-19 09:11:00,2011-01-25 11:32:00,16,4107.42,United Kingdom,21,297,256.71,0.0,0,4,4,4,Champions,0.0
12438,2011-12-09 16:50:00,2011-02-15 12:00:00,37,9130.54,United Kingdom,1,297,246.77,0.0333,0,5,5,5,Champions,0.0
12439,2011-11-11 18:14:00,2011-01-16 13:39:00,30,7200.07,United Kingdom,29,299,240.0,0.0,0,4,5,5,Champions,0.0
12440,2011-11-09 16:11:00,2011-01-16 15:32:00,40,10373.04,Belgium,31,297,259.33,0.0,0,4,5,5,Champions,0.0
12441,2011-11-16 15:44:00,2011-02-17 08:55:00,36,9896.3,United Kingdom,24,272,274.9,0.0209,0,4,5,5,Champions,0.0
12442,2011-11-10 14:35:00,2011-01-23 09:23:00,16,4005.17,United Kingdom,30,291,250.32,0.0861,0,4,4,4,Champions,0.0
12443,2011-11-18 10:48:00,2011-01-31 11:55:00,32,7919.65,United Kingdom,22,290,247.49,0.0312,0,4,5,5,Champions,0.0
12444,2011-11-17 17:37:00,2011-01-21 14:24:00,25,6478.97,United Kingdom,23,300,259.16,0.0519,0,4,5,5,Champions,0.0
12445,2011-11-13 13:41:00,2011-02-17 17:09:00,30,7002.03,United Kingdom,27,268,233.4,0.0,0,4,5,5,Champions,0.014
12446,2011-11-24 17:53:00,2011-01-28 14:39:00,27,7168.51,France,16,300,265.5,0.079,0,5,5,5,Champions,0.0
12447,2011-11-21 11:22:00,2011-01-28 12:07:00,25,6644.92,United Kingdom,19,296,265.8,0.0923,0,4,5,5,Champions,0.0
12448,2011-11-10 15:29:00,2011-02-10 12:42:00,29,8372.24,Belgium,30,273,288.7,0.0327,0,4,5,5,Champions,0.0
12449,2011-12-03 14:13:00,2011-02-12 14:18:00,37,8743.07,Ireland,7,293,236.3,0.0245,0,5,5,5,Champions,0.0
12450,2011-11-10 07:21:00,2011-01-27 13:29:00,27,6484.62,Ireland,30,286,240.17,0.0,0,4,5,5,Champions,0.0
12451,2011-12-07 12:19:00,2011-02-12 10:00:00,22,4535.38,United Kingdom,3,298,206.15,0.0,0,5,4,4,Champions,0.0
12452,2011-11-29 16:40:00,2011-02-08 17:13:00,21,5824.64,United Kingdom,11,293,277.36,0.0296,0,5,4,4,Champions,0.0
12453,2011-11-26 10:03:00,2011-01-31 07:34:00,33,9699.54,France,14,299,293.93,0.0,0,5,5,5,Champions,0.0
12454,2011-11-11 10:59:00,2011-01-15 14:47:00,35,10168.04,United Kingdom,29,299,290.52,0.0043,0,4,5,5,Champions,0.0
12455,2011-11-20 08:53:00,2011-02-02 12:31:00,35,10122.66,Ireland,20,290,289.22,0.0686,0,4,5,5,Champions,0.0
12456,2011-11-06 16:29:00,2011-01-25 17:02:00,20,6290.47,United Kingdom,34,284,314.52,0.0096,0,3,4,5,Regular,0.0
12457,2011-12-03 15:06:00,2011-02-06 07:58:00,28,7931.07,Ireland,7,300,283.25,0.0434,0,5,5,5,Champions,0.0
12458,2011-11-27 09:56:00,2011-04-08 09:16:00,22,5754.39,United Kingdom,13,233,261.56,0.2044,0,5,4,4,Champions,0.65
12459,2011-11-12 10:30:00,2011-01-24 09:31:00,27,5885.52,United Kingdom,28,292,217.98,0.0,0,4,5,4,Champions,0.0
12460,2011-11-12 16:08:00,2011-01-28 10:46:00,27,7027.13,United Kingdom,28,288,260.26,0.0,0,4,5,5,Champions,0.0
12461,2011-11-13 17:25:00,2011-01-21 08:13:00,38,9863.84,United Kingdom,27,296,259.57,0.0,0,4,5,5,Champions,0.0
12462,2011-11-21 09:10:00,2011-02-18 14:48:00,28,6009.7,United Kingdom,19,275,214.63,0.0248,0,4,5,4,Champions,0.0
12463,2011-11-23 08:29:00,2011-02-01 13:46:00,15,4711.12,France,17,294,314.07,0.0,0,4,4,4,Champions,0.0
12464,2011-11-21 09:23:00,2011-01-25 09:19:00,39,10604.06,France,19,300,271.9,0.0,0,4,5,5,Champions,0.0
12465,2011-11-23 10:52:00,2011-02-12 19:16:00,26,6106.56,United Kingdom,17,283,234.87,0.0789,0,4,5,4,Champions,0.0
12466,2011-12-09 16:36:00,2011-02-14 14:14:00,29,8097.35,United Kingdom,1,298,279.22,0.066,0,5,5,5,Champions,0.0
12467,2011-11-18 09:51:00,2011-01-22 13:08:00,24,6707.19,Spain,22,299,279.47,0.0,0,4,5,5,Champions,0.0
12468,2011-11-24 07:29:00,2011-01-28 07:12:00,33,8343.26,France,16,300,252.83,0.011,0,5,5,5,Champions,0.0
12469,2011-11-09 07:09:00,2011-01-14 07:34:00,32,8948.92,United Kingdom,31,298,279.65,0.0211,0,4,5,5,Champions,0.0
12470,2011-11-25 17:35:00,2011-02-09 11:10:00,15,3515.42,Germany,15,289,234.36,0.0,0,5,4,4,Champions,0.0
12471,2011-12-08 13:27:00,2011-02-19 16:36:00,30,7020.29,Ireland,2,291,234.01,0.0,0,5,5,5,Champions,0.0
12472,2011-12-03 08:23:00,2011-02-15 15:51:00,25,5994.27,France,7,290,239.77,0.0,0,5,5,4,Champions,0.0
12473,2011-12-01 19:16:00,2011-02-09 09:17:00,36,9162.73,United Kingdom,9,295,254.52,0.0,0,5,5,5,Champions,0.0
12474,2011-12-02 17:48:00,2011-02-09 15:14:00,29,7540.23,United Kingdom,8,296,260.01,0.0,0,5,5,5,Champions,0.0
12475,2011-12-06 15:27:00,2011-02-11 19:34:00,23,7375.89,Netherlands,4,297,320.69,0.0452,0,5,4,5,Champions,0.0
12476,2011-11-22 19:25:00,2011-02-12 19:43:00,17,4319.13,United Kingdom,18,282,254.07,0.0,0,4,4,4,Champions,0.0
12477,2011-11-25 18:16:00,2011-02-07 16:49:00,39,10201.06,France,15,291,261.57,0.0,0,5,5,5,Champions,0.0
12478,2011-11-28 18:51:00,2011-02-01 09:28:00,16,4264.93,United Kingdom,12,300,266.56,0.0,0,5,4,4,Champions,0.0
12479,2011-11-23 19:54:00,2011-03-22 16:23:00,18,4876.68,United Kingdom,17,246,270.93,0.0381,0,4,4,4,Champions,0.447
12480,2011-12-06 08:17:00,2011-02-17 13:41:00,32,9783.42,United Kingdom,4,291,305.73,0.0,0,5,5,5,Champions,0.0
12481,2011-11-12 13:20:00,2011-01-16 19:39:00,20,6284.49,United Kingdom,28,299,314.22,0.0741,0,4,4,5,Champions,0.0
12482,2011-11-24 18:54:00,2011-02-11 19:26:00,16,4471.04,United Kingdom,16,285,279.44,0.0,0,5,4,4,Champions,0.0
12483,2011-12-09 14:56:00,2011-02-18 11:02:00,30,7530.32,Germany,1,294,251.01,0.0554,0,5,5,5,Champions,0.0
12484,2011-11-24 10:41:00,2011-02-15 13:08:00,30,8396.75,United Kingdom,16,281,279.89,0.0,0,5,5,5,Champions,0.0
12485,2011-11-13 13:06:00,2011-02-11 09:45:00,27,6963.37,United Kingdom,27,275,257.9,0.0,0,4,5,5,Champions,0.0
12486,2011-11-18 08:50:00,2011-01-27 11:12:00,34,8015.18,United Kingdom,22,294,235.74,0.0,0,4,5,5,Champions,0.0
12487,2011-11-16 14:41:00,2011-02-21 07:01:00,19,5442.33,United Kingdom,24,268,286.44,0.0,0,4,4,4,Champions,0.55
12488,2011-11-23 09:48:00,2011-01-29 07:50:00,36,10183.55,Portugal,17,298,282.88,0.0478,0,4,5,5,Champions,0.0
12489,2011-12-02 14:46:00,2011-02-14 11:39:00,28,7919.96,United Kingdom,8,291,282.86,0.0342,0,5,5,5,Champions,0.0
12490,2011-11-15 07:39:00,2011-01-20 13:46:00,22,7420.58,United Kingdom,25,298,337.3,0.0929,0,4,4,5,Champions,0.0
12491,2011-12-06 09:28:00,2011-02-19 12:13:00,29,7510.19,Spain,4,289,258.97,0.0515,0,5,5,5,Champions,0.0
12492,2011-11-15 09:13:00,2011-01-19 11:43:00,35,8809.0,United Kingdom,25,299,251.69,0.0302,0,4,5,5,Champions,0.0
12493,2011-11-14 16:36:00,2011-02-11 14:45:00,19,5591.78,United Kingdom,26,276,294.3,0.0,0,4,4,4,Champions,0.0
12494,2011-11-21 19:21:00,2011-01-27 17:09:00,30,9003.49,United Kingdom,19,298,300.12,0.011,0,4,5,5,Champions,0.0
12495,2011-11-21 17:00:00,2011-01-27 15:30:00,27,8696.41,United Kingdom,19,298,322.09,0.0,0,4,5,5,Champions,0.0
12496,2011-11-19 14:51:00,2011-01-29 14:08:00,27,5853.92,United Kingdom,21,294,216.81,0.0665,0,4,5,4,Champions,0.0
12497,2011-11-20 09:09:00,2011-02-11 14:04:00,16,4790.06,United Kingdom,20,281,299.38,0.0,0,4,4,4,Champions,0.0
12498,2011-11-21 14:52:00,2011-01-29 09:33:00,33,9010.84,United Kingdom,19,296,273.06,0.0138,0,4,5,5,Champions,0.0
12499,2011-12-01 09:16:00,2011-02-13 07:52:00,27,7959.46,United Kingdom,9,291,294.79,0.0469,0,5,5,5,Champions,0.0
12500,2011-11-19 14:40:00,2011-02-06 11:37:00,37,9881.97,Ireland,21,286,267.08,0.0,0,4,5,5,Champions,0.0
12501,2011-11-14 14:01:00,2011-01-18 12:43:00,22,5841.95,United Kingdom,26,300,265.54,0.0,0,4,4,4,Champions,0.0
12502,2011-11-25 15:36:00,2011-02-14 14:21:00,21,5432.44,United Kingdom,15,284,258.69,0.0,0,5,4,4,Champions,0.0
12503,2011-11-04 11:22:00,2011-01-28 09:15:00,31,9411.77,United Kingdom,36,280,303.61,0.0,0,3,5,5,Regular,0.0
12504,2011-12-09 12:24:00,2011-02-14 08:04:00,26,7527.05,Ireland,1,298,289.5,0.0223,0,5,5,5,Champions,0.0
12505,2011-11-24 18:15:00,2011-02-10 15:08:00,31,8969.07,United Kingdom,16,287,289.32,0.0,0,5,5,5,Champions,0.0
12506,2011-12-01 18:57:00,2011-02-08 10:56:00,18,5654.1,Netherlands,9,296,314.12,0.0489,0,5,4,4,Champions,0.0
12507,2011-12-05 10:40:00,2011-02-09 13:58:00,37,10956.28,United Kingdom,5,298,296.12,0.0312,0,5,5,5,Champions,0.0
12508,2011-11-17 18:09:00,2011-02-25 08:19:00,20,5144.72,United Kingdom,23,265,257.24,0.0,0,4,4,4,Champions,0.55
12509,2011-11-27 07:03:00,2011-01-31 13:20:00,23,5178.02,France,13,299,225.13,0.0,0,5,4,4,Champions,0.0
12510,2011-11-30 11:29:00,2011-02-20 08:07:00,16,4232.2,United Kingdom,10,283,264.51,0.0711,0,5,4,4,Champions,0.0
12511,2011-11-15 09:16:00,2011-01-29 07:47:00,17,4694.79,United Kingdom,25,290,276.16,0.0048,0,4,4,4,Champions,0.0
12512,2011-11-16 16:04:00,2011-01-26 15:05:00,24,6784.8,United Kingdom,24,294,282.7,0.0,0,4,5,5,Champions,0.0
12513,2011-11-10 11:37:00,2011-01-24 13:35:00,29,7248.2,United Kingdom,30,289,249.94,0.0,0,4,5,5,Champions,0.0
12514,2011-12-08 11:16:00,2011-02-12 16:50:00,35,8788.45,United Kingdom,2,298,251.1,0.0,0,5,5,5,Champions,0.0
12515,2011-12-07 16:48:00,2011-03-09 09:27:00,24,6529.32,United Kingdom,3,273,272.06,0.0,0,5,5,5,Champions,0.0
12516,2011-12-09 07:17:00,2011-02-22 10:53:00,36,9186.58,United Kingdom,1,289,255.18,0.0516,0,5,5,5,Champions,0.0
12517,2011-11-12 11:09:00,2011-01-18 12:09:00,25,6770.69,France,28,297,270.83,0.065,0,4,5,5,Champions,0.0
12518,2011-11-29 17:57:00,2011-02-02 12:25:00,15,3297.95,United Kingdom,11,300,219.86,0.0,0,5,4,4,Champions,0.0
12519,2011-11-30 07:59:00,2011-02-28 15:29:00,19,4459.53,United Kingdom,10,274,234.71,0.0,0,5,4,4,Champions,0.0
12520,2011-11-21 19:33:00,2011-03-06 19:22:00,31,7621.98,United Kingdom,19,260,245.87,0.0,0,4,5,5,Champions,0.447
12521,2011-11-19 15:56:00,2011-01-23 17:28:00,40,11873.51,Ireland,21,299,296.84,0.0,0,4,5,5,Champions,0.0
12522,2011-11-28 12:01:00,2011-02-16 18:17:00,38,11720.25,United Kingdom,12,284,308.43,0.0,0,5,5,5,Champions,0.0
12523,2011-11-30 07:45:00,2011-02-08 07:06:00,25,6330.83,United Kingdom,10,295,253.23,0.0,0,5,5,5,Champions,0.0
12524,2011-12-05 08:32:00,2011-02-27 14:16:00,37,11341.06,United Kingdom,5,280,306.52,0.0204,0,5,5,5,Champions,0.0
12525,2011-12-09 08:44:00,2011-02-25 10:18:00,19,4768.5,United Kingdom,1,286,250.97,0.1278,0,5,4,4,Champions,0.0
12526,2011-10-30 12:50:00,2011-02-01 13:11:00,19,4427.85,United Kingdom,41,270,233.04,0.0976,0,3,4,4,Regular,0.014
12527,2011-11-16 13:40:00,2011-01-29 13:55:00,35,8114.89,United Kingdom,24,290,231.85,0.0,0,4,5,5,Champions,0.0
12528,2011-12-05 15:58:00,2011-02-11 14:13:00,35,9696.94,United Kingdom,5,297,277.06,0.0,0,5,5,5,Champions,0.0
12529,2011-11-23 11:45:00,2011-02-18 10:28:00,23,6371.18,United Kingdom,17,278,277.01,0.0,0,4,4,5,Champions,0.0
12530,2011-11-22 18:09:00,2011-04-06 10:09:00,16,4141.51,Germany,18,230,258.84,0.0,0,4,4,4,Champions,0.65
12531,2011-10-07 11:35:00,2011-02-03 19:50:00,27,8747.37,Ireland,64,245,323.98,0.0415,0,3,5,5,Regular,0.931
12532,2011-12-05 07:39:00,2011-02-18 18:04:00,29,6522.99,United Kingdom,5,289,224.93,0.0,0,5,5,5,Champions,0.0
12533,2011-11-19 10:05:00,2011-01-24 18:12:00,21,5200.54,United Kingdom,21,298,247.64,0.0,0,4,4,4,Champions,0.0
12534,2011-11-26 18:02:00,2011-02-06 15:55:00,34,9997.19,France,14,293,294.04,0.0,0,5,5,5,Champions,0.0
12535,2011-11-17 14:49:00,2011-02-06 12:44:00,16,4765.75,United Kingdom,23,284,297.86,0.1385,0,4,4,4,Champions,0.0
12536,2011-11-12 11:00:00,2011-01-26 15:12:00,18,5591.38,Germany,28,289,310.63,0.0314,0,4,4,4,Champions,0.0
12537,2011-11-19 07:16:00,2011-01-29 19:18:00,38,9522.66,Germany,21,293,250.6,0.0,0,4,5,5,Champions,0.0
12538,2011-11-13 17:57:00,2011-01-25 16:31:00,35,9564.56,France,27,292,273.27,0.0,0,4,5,5,Champions,0.0
12539,2011-11-09 08:05:00,2011-02-23 17:36:00,24,7172.81,Spain,31,258,298.87,0.0,0,4,5,5,Champions,0.759
12540,2011-11-29 15:36:00,2011-02-06 18:46:00,38,10714.32,United Kingdom,11,295,281.96,0.0,0,5,5,5,Champions,0.0
12541,2011-11-20 16:55:00,2011-02-11 15:36:00,25,6403.66,United Kingdom,20,282,256.15,0.0,0,4,5,5,Champions,0.0
12542,2011-12-02 07:17:00,2011-02-06 19:47:00,33,7865.82,Portugal,8,298,238.36,0.0,0,5,5,5,Champions,0.0
12543,2011-11-21 15:35:00,2011-02-09 10:56:00,17,3431.12,France,19,285,201.83,0.0,0,4,4,4,Champions,0.0
12544,2011-11-25 12:09:00,2011-02-10 16:02:00,35,9068.75,Ireland,15,287,259.11,0.0902,0,5,5,5,Champions,0.0
12545,2011-11-25 18:07:00,2011-02-01 15:59:00,37,10068.96,United Kingdom,15,297,272.13,0.0269,0,5,5,5,Champions,0.0
12546,2011-12-07 11:47:00,2011-02-26 09:18:00,28,6716.1,United Kingdom,3,284,239.86,0.0,0,5,5,5,Champions,0.0
12547,2011-11-28 08:41:00,2011-02-16 12:19:00,29,7265.41,United Kingdom,12,284,250.53,0.0,0,5,5,5,Champions,0.0
12548,2011-11-12 19:16:00,2011-01-17 17:09:00,37,11140.62,United Kingdom,28,299,301.1,0.0,0,4,5,5,Champions,0.0
12549,2011-11-20 08:50:00,2011-02-27 17:02:00,15,3309.62,United Kingdom,20,265,220.64,0.0,0,4,4,4,Champions,0.014
12550,2011-12-06 10:02:00,2011-02-27 18:03:00,23,6043.73,United Kingdom,4,281,262.77,0.0658,0,5,4,4,Champions,0.0
12551,2011-11-23 15:02:00,2011-01-31 19:42:00,22,6409.38,Germany,17,295,291.34,0.0,0,4,4,5,Champions,0.0
12552,2011-12-04 10:49:00,2011-02-18 17:06:00,37,10932.88,United Kingdom,6,288,295.48,0.0272,0,5,5,5,Champions,0.0
12553,2011-11-15 15:01:00,2011-01-19 10:06:00,14,3469.01,United Kingdom,25,300,247.79,0.1022,0,4,4,4,Champions,0.0
12554,2011-11-27 13:08:00,2011-02-02 19:05:00,39,10648.37,United Kingdom,13,297,273.04,0.0,0,5,5,5,Champions,0.0
12555,2011-12-09 14:59:00,2011-02-13 10:31:00,30,8262.72,United Kingdom,1,299,275.42,0.0,0,5,5,5,Champions,0.0
12556,2011-11-15 11:33:00,2011-02-10 08:22:00,26,7314.77,United Kingdom,25,278,281.34,0.0,0,4,5,5,Champions,0.0
12557,2011-11-21 17:33:00,2011-02-02 10:54:00,26,6175.44,United Kingdom,19,292,237.52,0.0,0,4,5,4,Champions,0.0
12558,2011-11-24 13:37:00,2011-02-10 19:15:00,20,5653.86,United Kingdom,16,286,282.69,0.0,0,5,4,4,Champions,0.0
12559,2011-11-27 16:34:00,2011-02-18 16:21:00,14,2922.51,United Kingdom,13,282,208.75,0.2646,0,5,4,4,Champions,0.05
12560,2011-12-04 07:57:00,2011-02-14 15:23:00,36,9578.63,United Kingdom,6,292,266.07,0.0948,0,5,5,5,Champions,0.0
12561,2011-11-20 09:27:00,2011-02-09 15:03:00,35,9088.8,Ireland,20,283,259.68,0.0943,0,4,5,5,Champions,0.0
12562,2011-11-28 17:54:00,2011-02-01 18:24:00,32,8524.13,United Kingdom,12,299,266.38,0.0699,0,5,5,5,Champions,0.0
12563,2011-12-08 15:44:00,2011-02-18 07:47:00,28,9324.32,United Kingdom,2,293,333.01,0.0685,0,5,5,5,Champions,0.0
12564,2011-12-01 17:41:00,2011-02-11 08:38:00,30,8204.0,United Kingdom,9,293,273.47,0.0104,0,5,5,5,Champions,0.0
12565,2011-11-10 07:16:00,2011-03-12 14:06:00,19,5620.28,Ireland,30,242,295.8,0.0344,0,4,4,4,Champions,0.65
12566,2011-11-17 07:31:00,2011-02-22 19:46:00,33,9312.48,United Kingdom,23,267,282.2,0.0217,0,4,5,5,Champions,0.19
12567,2011-11-28 07:23:00,2011-02-01 17:28:00,17,4199.84,United Kingdom,12,299,247.05,0.1284,0,5,4,4,Champions,0.0
12568,2011-11-18 14:26:00,2011-01-24 14:45:00,27,6374.42,United Kingdom,22,297,236.09,0.0,0,4,5,5,Champions,0.0
12569,2011-12-06 13:54:00,2011-02-19 15:00:00,17,4516.28,United Kingdom,4,289,265.66,0.0,0,5,4,4,Champions,0.0
12570,2011-11-10 09:47:00,2011-01-15 14:11:00,37,9768.36,Germany,30,298,264.01,0.0,0,4,5,5,Champions,0.0
12571,2011-12-05 10:24:00,2011-02-10 15:42:00,27,8316.43,United Kingdom,5,297,308.02,0.0304,0,5,5,5,Champions,0.0
12572,2011-12-01 07:37:00,2011-02-15 11:21:00,22,5329.08,United Kingdom,9,288,242.23,0.0753,0,5,4,4,Champions,0.0
12573,2011-11-17 09:05:00,2011-02-10 09:50:00,18,4110.41,United Kingdom,23,279,228.36,0.0,0,4,4,4,Champions,0.0
12574,2011-12-04 14:27:00,2011-02-18 11:23:00,36,8174.12,Germany,6,289,227.06,0.0271,0,5,5,5,Champions,0.0
12575,2011-11-20 09:03:00,2011-03-17 16:31:00,26,6469.71,United Kingdom,20,247,248.84,0.0362,0,4,5,5,Champions,0.447
12576,2011-11-10 12:19:00,2011-01-30 14:54:00,36,9594.77,United Kingdom,30,283,266.52,0.0564,0,4,5,5,Champions,0.0
12577,2011-11-19 15:03:00,2011-04-04 11:29:00,14,5077.1,Germany,21,229,362.65,0.0742,0,4,4,4,Champions,1.0
12578,2011-11-22 18:37:00,2011-02-06 08:00:00,22,5985.6,United Kingdom,18,289,272.07,0.0,0,4,4,4,Champions,0.0
12579,2011-11-20 16:12:00,2011-01-31 07:54:00,36,9074.55,United Kingdom,20,293,252.07,0.012,0,4,5,5,Champions,0.0
12580,2011-11-23 18:39:00,2011-02-15 07:54:00,26,5948.5,Ireland,17,281,228.79,0.0,0,4,5,4,Champions,0.0
12581,2011-11-22 07:57:00,2011-01-29 15:52:00,35,9758.2,United Kingdom,18,296,278.81,0.0,0,4,5,5,Champions,0.0
12582,2011-11-13 14:37:00,2011-03-05 09:36:00,25,5146.81,United Kingdom,27,253,205.87,0.0,0,4,5,4,Champions,0.447
12583,2011-12-06 16:21:00,2011-02-21 19:49:00,30,7775.95,United Kingdom,4,287,259.2,0.0727,0,5,5,5,Champions,0.0
12584,2011-11-14 16:11:00,2011-02-02 14:41:00,34,9680.44,United Kingdom,26,285,284.72,0.0336,0,4,5,5,Champions,0.0
12585,2011-11-29 09:40:00,2011-02-09 14:14:00,33,8812.4,United Kingdom,11,292,267.04,0.0477,0,5,5,5,Champions,0.0
12586,2011-11-27 10:16:00,2011-02-12 10:38:00,34,9383.38,United Kingdom,13,287,275.98,0.0339,0,5,5,5,Champions,0.0
12587,2011-11-17 16:23:00,2011-02-18 14:25:00,29,7056.59,United Kingdom,23,272,243.33,0.0,0,4,5,5,Champions,0.0
12588,2011-11-20 14:48:00,2011-01-29 11:19:00,16,4963.83,United Kingdom,20,295,310.24,0.0396,0,4,4,4,Champions,0.0
12589,2011-11-24 14:30:00,2011-02-15 19:19:00,24,6849.49,United Kingdom,16,281,285.4,0.0,0,5,5,5,Champions,0.0
12590,2011-12-06 08:25:00,2011-03-24 17:46:00,24,6504.83,United Kingdom,4,256,271.03,0.0,0,5,5,5,Champions,0.447
12591,2011-12-05 09:31:00,2011-02-22 15:53:00,16,4266.95,United Kingdom,5,285,266.68,0.067,0,5,4,4,Champions,0.0
12592,2011-11-09 12:02:00,2011-01-14 09:05:00,15,4614.08,United Kingdom,31,299,307.61,0.0,0,4,4,4,Champions,0.0
12593,2011-11-27 15:32:00,2011-02-02 15:45:00,30,7390.41,Spain,13,297,246.35,0.0,0,5,5,5,Champions,0.0
12594,2011-11-12 08:51:00,2011-01-27 15:06:00,25,6725.7,United Kingdom,28,288,269.03,0.0427,0,4,5,5,Champions,0.0
12595,2011-11-22 14:03:00,2011-03-16 10:37:00,30,7914.14,Spain,18,251,263.8,0.0,0,4,5,5,Champions,0.447
12596,2011-11-24 08:35:00,2011-02-05 19:16:00,36,9903.54,United Kingdom,16,291,275.1,0.0308,0,5,5,5,Champions,0.0
12597,2011-12-02 19:48:00,2011-02-05 09:32:00,26,8734.54,United Kingdom,8,300,335.94,0.0213,0,5,5,5,Champions,0.0
12598,2011-11-12 13:42:00,2011-01-17 12:49:00,33,9143.21,France,28,299,277.07,0.0,0,4,5,5,Champions,0.0
12599,2011-11-19 10:38:00,2011-02-02 19:56:00,21,4331.58,United Kingdom,21,289,206.27,0.0,0,4,4,4,Champions,0.0
12600,2011-12-04 11:19:00,2011-02-11 19:01:00,31,8021.99,United Kingdom,6,295,258.77,0.0649,0,5,5,5,Champions,0.0
12601,2011-12-04 12:00:00,2011-02-13 16:39:00,39,9488.4,United Kingdom,6,293,243.29,0.0377,0,5,5,5,Champions,0.0
12602,2011-12-03 13:13:00,2011-02-15 18:12:00,28,8174.61,United Kingdom,7,290,291.95,0.0765,0,5,5,5,Champions,0.0
12603,2011-11-12 12:57:00,2011-01-16 07:23:00,39,10070.98,United Kingdom,28,300,258.23,0.0432,0,4,5,5,Champions,0.0
12604,2011-11-23 08:56:00,2011-01-27 16:22:00,18,5417.9,United Kingdom,17,299,300.99,0.0,0,4,4,4,Champions,0.0
12605,2011-12-02 13:11:00,2011-02-13 17:06:00,38,7505.89,United Kingdom,8,291,197.52,0.0,0,5,5,5,Champions,0.0
12606,2011-11-24 13:41:00,2011-02-15 16:11:00,34,10151.95,France,16,281,298.59,0.0,0,5,5,5,Champions,0.0
12607,2011-11-27 07:45:00,2011-02-18 19:09:00,26,6469.98,United Kingdom,13,281,248.85,0.0285,0,5,5,5,Champions,0.0
12608,2011-11-19 08:37:00,2011-01-24 11:43:00,34,7526.88,United Kingdom,21,298,221.38,0.0,0,4,5,5,Champions,0.0
12609,2011-12-08 13:13:00,2011-02-11 16:21:00,38,8678.79,Belgium,2,299,228.39,0.0,0,5,5,5,Champions,0.0
12610,2011-12-01 17:13:00,2011-02-28 19:53:00,37,9469.81,United Kingdom,9,275,255.94,0.0,0,5,5,5,Champions,0.0
12611,2011-12-06 15:52:00,2011-02-20 19:58:00,17,4795.25,United Kingdom,4,288,282.07,0.126,0,5,4,4,Champions,0.0
12612,2011-12-06 10:16:00,2011-02-09 11:02:00,24,6326.37,Germany,4,299,263.6,0.088,0,5,5,5,Champions,0.0
12613,2011-11-21 14:06:00,2011-01-27 08:27:00,23,6342.17,United Kingdom,19,298,275.75,0.0471,0,4,4,5,Champions,0.0
12614,2011-11-12 11:48:00,2011-03-06 11:32:00,30,7101.13,France,28,251,236.7,0.0,0,4,5,5,Champions,0.447
12615,2011-11-12 10:26:00,2011-01-22 16:25:00,22,5020.11,United Kingdom,28,293,228.19,0.0,0,4,4,4,Champions,0.0
12616,2011-11-12 11:24:00,2011-01-26 12:21:00,24,6475.91,United Kingdom,28,289,269.83,0.0871,0,4,5,5,Champions,0.0
12617,2011-12-06 10:55:00,2011-02-22 17:36:00,17,6863.46,United Kingdom,4,286,403.73,0.0,0,5,4,5,Champions,0.0
12618,2011-11-29 14:42:00,2011-02-07 17:43:00,20,5490.4,United Kingdom,11,294,274.52,0.0,0,5,4,4,Champions,0.0
12619,2011-11-22 17:51:00,2011-02-08 08:52:00,18,6317.57,United Kingdom,18,287,350.98,0.0041,0,4,4,5,Champions,0.0
12620,2011-12-07 07:26:00,2011-03-08 10:22:00,17,5711.37,Portugal,3,273,335.96,0.0,0,5,4,4,Champions,0.0
12621,2011-12-06 10:51:00,2011-02-09 12:07:00,31,7726.25,United Kingdom,4,299,249.23,0.0,0,5,5,5,Champions,0.0
12622,2011-12-09 17:06:00,2011-02-13 17:42:00,23,5489.87,United Kingdom,1,298,238.69,0.0041,0,5,4,4,Champions,0.0
12623,2011-11-15 07:56:00,2011-01-29 10:09:00,27,5089.86,United Kingdom,25,289,188.51,0.0,0,4,5,4,Champions,0.0
12624,2011-11-16 16:44:00,2011-02-04 07:26:00,26,8284.62,Portugal,24,285,318.64,0.0,0,4,5,5,Champions,0.0
12625,2011-11-12 17:06:00,2011-01-22 12:41:00,16,4057.68,United Kingdom,28,294,253.6,0.0,0,4,4,4,Champions,0.0
12626,2011-11-24 15:03:00,2011-02-06 08:45:00,17,5312.07,United Kingdom,16,291,312.47,0.0,0,5,4,4,Champions,0.0
12627,2011-11-18 19:40:00,2011-01-27 17:40:00,39,10292.12,Germany,22,295,263.9,0.0335,0,4,5,5,Champions,0.0
12628,2011-11-15 14:21:00,2011-01-27 08:58:00,38,8822.92,United Kingdom,25,292,232.18,0.0,0,4,5,5,Champions,0.0
12629,2011-11-23 15:39:00,2011-02-08 18:28:00,26,6916.06,Germany,17,287,266.0,0.0,0,4,5,5,Champions,0.0
12630,2011-11-17 10:41:00,2011-02-17 12:40:00,27,6621.62,Belgium,23,272,245.25,0.0,0,4,5,5,Champions,0.0
12631,2011-11-21 12:04:00,2011-02-26 13:57:00,27,7900.64,United Kingdom,19,267,292.62,0.0355,0,4,5,5,Champions,0.19
12632,2011-12-09 09:01:00,2011-02-21 17:39:00,28,7435.35,United Kingdom,1,290,265.55,0.014,0,5,5,5,Champions,0.0
12633,2011-12-07 10:42:00,2011-02-23 13:56:00,22,5615.24,United Kingdom,3,286,255.24,0.0699,0,5,4,4,Champions,0.0
12634,2011-12-04 18:30:00,2011-02-09 16:52:00,22,5190.79,Spain,6,298,235.94,0.1468,0,5,4,4,Champions,0.0
12635,2011-11-14 13:37:00,2011-01-21 16:55:00,20,5197.66,United Kingdom,26,296,259.88,0.0,0,4,4,4,Champions,0.0
12636,2011-11-26 15:18:00,2011-02-20 15:38:00,28,7732.76,United Kingdom,14,278,276.17,0.044,0,5,5,5,Champions,0.0
12637,2011-12-03 17:21:00,2011-02-14 08:22:00,28,6483.37,United Kingdom,7,292,231.55,0.0414,0,5,5,5,Champions,0.0
12638,2011-12-07 09:48:00,2011-03-03 09:30:00,31,7298.2,United Kingdom,3,279,235.43,0.0483,0,5,5,5,Champions,0.0
12639,2011-12-01 12:51:00,2011-02-14 19:26:00,20,6364.04,United Kingdom,9,289,318.2,0.0746,0,5,4,5,Champions,0.0
12640,2011-11-29 18:48:00,2011-02-06 07:55:00,18,4099.03,Spain,11,296,227.72,0.0,0,5,4,4,Champions,0.0
12641,2011-11-11 08:49:00,2011-02-12 19:16:00,30,8108.06,United Kingdom,29,271,270.27,0.051,0,4,5,5,Champions,0.19
12642,2011-12-05 17:19:00,2011-02-09 13:53:00,33,6715.41,United Kingdom,5,299,203.5,0.0632,0,5,5,5,Champions,0.0
12643,2011-11-24 09:56:00,2011-01-30 11:44:00,20,4778.08,United Kingdom,16,297,238.9,0.0,0,5,4,4,Champions,0.0
12644,2011-11-16 17:41:00,2011-01-21 18:14:00,36,8809.26,United Kingdom,24,298,244.7,0.0,0,4,5,5,Champions,0.0
12645,2011-12-05 11:03:00,2011-02-23 15:25:00,17,4491.01,United Kingdom,5,284,264.18,0.0,0,5,4,4,Champions,0.0
12646,2011-11-28 19:21:00,2011-02-28 16:30:00,33,9143.07,United Kingdom,12,273,277.06,0.0444,0,5,5,5,Champions,0.0
12647,2011-11-29 18:17:00,2011-02-07 18:10:00,38,9673.29,France,11,295,254.56,0.0405,0,5,5,5,Champions,0.0
12648,2011-11-28 19:11:00,2011-02-13 08:47:00,36,9876.45,Ireland,12,288,274.35,0.0,0,5,5,5,Champions,0.0
12649,2011-12-02 08:06:00,2011-02-20 09:18:00,33,9062.83,United Kingdom,8,284,274.63,0.0751,0,5,5,5,Champions,0.0
12650,2011-11-21 14:01:00,2011-02-11 16:54:00,20,5208.14,United Kingdom,19,282,260.41,0.0632,0,4,4,4,Champions,0.0
12651,2011-11-19 19:22:00,2011-01-23 10:50:00,28,5755.75,Netherlands,21,300,205.56,0.0777,0,4,5,4,Champions,0.0
12652,2011-11-18 10:00:00,2011-01-23 18:22:00,38,9446.96,United Kingdom,22,298,248.6,0.0071,0,4,5,5,Champions,0.0
12653,2011-11-09 19:37:00,2011-01-16 17:17:00,31,10103.94,United Kingdom,31,297,325.93,0.0309,0,4,5,5,Champions,0.0
12654,2011-12-08 12:06:00,2011-03-30 17:48:00,19,4372.95,United Kingdom,2,252,230.16,0.0295,0,5,4,4,Champions,0.447
12655,2011-11-30 19:18:00,2011-02-05 09:39:00,27,9019.34,United Kingdom,10,298,334.05,0.0393,0,5,5,5,Champions,0.0
12656,2011-12-01 08:44:00,2011-03-04 14:36:00,22,6528.74,United Kingdom,9,271,296.76,0.0,0,5,4,5,Champions,0.55
12657,2011-12-04 16:22:00,2011-02-08 17:16:00,32,9220.79,United Kingdom,6,298,288.15,0.0,0,5,5,5,Champions,0.0
12658,2011-11-26 12:50:00,2011-02-14 15:10:00,37,11042.71,United Kingdom,14,284,298.45,0.02,0,5,5,5,Champions,0.0
12659,2011-11-27 13:45:00,2011-02-07 15:42:00,35,10309.84,United Kingdom,13,292,294.57,0.0058,0,5,5,5,Champions,0.0
12660,2011-12-08 09:18:00,2011-02-26 10:52:00,31,9098.81,United Kingdom,2,284,293.51,0.0091,0,5,5,5,Champions,0.0
12661,2011-11-18 18:49:00,2011-01-26 07:28:00,16,4276.48,United Kingdom,22,296,267.28,0.0,0,4,4,4,Champions,0.0
12662,2011-12-08 09:44:00,2011-02-20 15:33:00,18,4812.67,United Kingdom,2,290,267.37,0.0936,0,5,4,4,Champions,0.0
12663,2011-11-28 16:10:00,2011-02-13 13:27:00,29,8101.05,Germany,12,288,279.35,0.0051,0,5,5,5,Champions,0.0
12664,2011-11-18 18:03:00,2011-01-24 14:48:00,34,8777.82,Germany,22,298,258.17,0.0025,0,4,5,5,Champions,0.0
12665,2011-10-23 13:09:00,2011-02-20 09:28:00,18,6500.1,United Kingdom,48,245,361.12,0.1677,0,3,4,5,Regular,0.931
12666,2011-12-07 09:11:00,2011-02-26 17:25:00,30,9304.84,United Kingdom,3,283,310.16,0.0,0,5,5,5,Champions,0.0
12667,2011-11-21 12:22:00,2011-02-06 11:02:00,37,10194.58,Germany,19,288,275.53,0.0464,0,4,5,5,Champions,0.0
12668,2011-11-17 11:38:00,2011-01-25 18:57:00,25,6766.94,United Kingdom,23,295,270.68,0.0379,0,4,5,5,Champions,0.0
12669,2011-11-17 11:13:00,2011-02-03 17:18:00,38,9445.86,Germany,23,286,248.58,0.0,0,4,5,5,Champions,0.0
12670,2011-12-02 07:23:00,2011-02-17 15:42:00,19,5011.08,United Kingdom,8,287,263.74,0.0354,0,5,4,4,Champions,0.0
12671,2011-11-21 12:42:00,2011-02-04 07:06:00,34,8878.08,France,19,290,261.12,0.0,0,4,5,5,Champions,0.0
12672,2011-11-25 11:58:00,2011-02-08 17:29:00,40,9401.19,United Kingdom,15,289,235.03,0.0,0,5,5,5,Champions,0.0
12673,2011-12-04 19:46:00,2011-02-28 08:28:00,30,8764.52,United Kingdom,6,279,292.15,0.0469,0,5,5,5,Champions,0.0
12674,2011-11-13 08:27:00,2011-02-09 17:30:00,30,8717.28,Netherlands,27,276,290.58,0.0,0,4,5,5,Champions,0.0
12675,2011-11-12 15:34:00,2011-01-24 11:15:00,32,7838.61,Belgium,28,292,244.96,0.0,0,4,5,5,Champions,0.0
12676,2011-11-12 17:29:00,2011-01-22 11:40:00,28,9166.81,United Kingdom,28,294,327.39,0.0619,0,4,5,5,Champions,0.0
12677,2011-11-24 19:56:00,2011-01-28 10:11:00,34,9698.01,United Kingdom,15,300,285.24,0.0283,0,5,5,5,Champions,0.0
12678,2011-11-17 07:55:00,2011-02-21 15:43:00,14,3148.93,United Kingdom,23,268,224.92,0.0807,0,4,4,4,Champions,0.014
12679,2011-12-05 07:56:00,2011-02-23 14:19:00,14,3731.66,United Kingdom,5,284,266.55,0.0311,0,5,4,4,Champions,0.0
12680,2011-12-04 10:00:00,2011-02-14 11:28:00,15,4585.26,Germany,6,292,305.68,0.0,0,5,4,4,Champions,0.0
12681,2011-11-15 09:26:00,2011-01-27 07:53:00,17,4270.1,United Kingdom,25,292,251.18,0.0327,0,4,4,4,Champions,0.0
12682,2011-11-24 15:07:00,2011-01-30 08:32:00,36,8391.4,United Kingdom,16,298,233.09,0.0585,0,5,5,5,Champions,0.0
12683,2011-12-04 10:11:00,2011-02-23 13:30:00,16,4180.56,Netherlands,6,283,261.29,0.0,0,5,4,4,Champions,0.0
12684,2011-11-11 18:08:00,2011-02-07 13:55:00,27,8934.89,United Kingdom,29,277,330.92,0.0553,0,4,5,5,Champions,0.0
12685,2011-11-22 12:47:00,2011-02-02 08:14:00,27,8452.16,United Kingdom,18,293,313.04,0.061,0,4,5,5,Champions,0.0
12686,2011-11-16 14:13:00,2011-01-29 10:50:00,27,6828.87,United Kingdom,24,291,252.92,0.0459,0,4,5,5,Champions,0.0
12687,2011-11-23 16:30:00,2011-01-28 19:24:00,18,4388.02,Spain,17,298,243.78,0.0,0,4,4,4,Champions,0.0
12688,2011-11-07 17:39:00,2011-02-21 14:33:00,14,2933.41,United Kingdom,33,259,209.53,0.125,0,3,4,4,Regular,0.447
12689,2011-12-01 13:05:00,2011-02-08 07:34:00,27,6206.16,Netherlands,9,296,229.86,0.0,0,5,5,4,Champions,0.0
12690,2011-11-26 15:07:00,2011-02-25 14:30:00,19,5635.0,United Kingdom,14,274,296.58,0.0,0,5,4,4,Champions,0.0
12691,2011-11-19 08:14:00,2011-02-10 17:27:00,15,3949.44,United Kingdom,21,281,263.3,0.0,0,4,4,4,Champions,0.0
12692,2011-11-12 12:06:00,2011-02-03 09:00:00,38,10464.96,United Kingdom,28,282,275.39,0.0437,0,4,5,5,Champions,0.0
12693,2011-11-16 10:54:00,2011-01-20 15:21:00,20,6093.62,United Kingdom,24,299,304.68,0.0,0,4,4,4,Champions,0.0
12694,2011-11-21 09:03:00,2011-01-28 15:55:00,25,5281.15,United Kingdom,19,296,211.25,0.0,0,4,5,4,Champions,0.0
12695,2011-12-04 15:38:00,2011-02-25 15:31:00,23,6491.89,Ireland,6,282,282.26,0.0,0,5,5,5,Champions,0.0
12696,2011-11-21 12:56:00,2011-02-10 08:04:00,22,5819.06,United Kingdom,19,284,264.5,0.0496,0,4,4,4,Champions,0.0
12697,2011-12-04 07:08:00,2011-02-19 08:42:00,20,6040.76,Germany,6,287,302.04,0.0,0,5,4,4,Champions,0.0
12698,2011-11-14 18:28:00,2011-01-23 08:35:00,34,7588.33,United Kingdom,26,295,223.19,0.016,0,4,5,5,Champions,0.0
12699,2011-11-22 15:58:00,2011-01-31 13:57:00,38,8585.94,Germany,18,295,225.95,0.0225,0,4,5,5,Champions,0.0
12700,2011-11-27 18:22:00,2011-02-02 17:27:00,32,8428.12,Ireland,13,298,263.38,0.0,0,5,5,5,Champions,0.0
12701,2011-11-15 14:08:00,2011-02-20 08:40:00,16,3910.53,United Kingdom,25,268,244.41,0.0,0,4,4,4,Champions,0.014
12702,2011-11-20 19:16:00,2011-01-30 10:36:00,34,9654.76,France,20,294,283.96,0.0,0,4,5,5,Champions,0.0
12703,2011-11-14 19:01:00,2011-01-29 12:18:00,38,10969.96,United Kingdom,26,289,288.68,0.0112,0,4,5,5,Champions,0.0
12704,2011-11-16 13:34:00,2011-02-25 16:25:00,33,9129.41,United Kingdom,24,263,276.65,0.0256,0,4,5,5,Champions,0.19
12705,2011-11-29 12:21:00,2011-02-24 08:24:00,27,7062.63,Ireland,11,278,261.58,0.0,0,5,5,5,Champions,0.0
12706,2011-11-13 13:25:00,2011-01-25 12:20:00,16,5350.62,Ireland,27,292,334.41,0.0,0,4,4,4,Champions,0.0
12707,2011-11-28 12:49:00,2011-02-19 15:14:00,40,10655.78,United Kingdom,12,281,266.39,0.0,0,5,5,5,Champions,0.0
12708,2011-11-30 17:07:00,2011-02-14 11:23:00,22,6043.34,United Kingdom,10,289,274.7,0.0,0,5,4,4,Champions,0.0
12709,2011-11-11 13:27:00,2011-01-21 11:23:00,22,5515.74,United Kingdom,29,294,250.72,0.0,0,4,4,4,Champions,0.0
12710,2011-12-09 11:22:00,2011-02-13 15:00:00,29,6556.65,Netherlands,1,298,226.09,0.0,0,5,5,5,Champions,0.0
12711,2011-11-19 10:20:00,2011-01-27 17:35:00,33,9522.04,Germany,21,295,288.55,0.0455,0,4,5,5,Champions,0.0
12712,2011-11-28 18:39:00,2011-02-06 10:17:00,23,5554.94,United Kingdom,12,295,241.52,0.0,0,5,5,4,Champions,0.0
12713,2011-11-21 16:40:00,2011-02-03 19:46:00,19,5246.76,United Kingdom,19,290,276.15,0.0,0,4,4,4,Champions,0.0
12714,2011-11-09 19:29:00,2011-01-28 09:20:00,30,7225.67,Spain,31,285,240.86,0.0855,0,4,5,5,Champions,0.0
12715,2011-11-19 15:21:00,2011-02-01 10:48:00,33,7686.56,United Kingdom,21,291,232.93,0.0,0,4,5,5,Champions,0.0
12716,2011-12-02 14:06:00,2011-03-04 15:37:00,29,7610.55,United Kingdom,8,272,262.43,0.0507,0,5,5,5,Champions,0.0
12717,2011-11-26 15:20:00,2011-02-19 09:21:00,31,8040.41,United Kingdom,14,280,259.37,0.0,0,5,5,5,Champions,0.0
12718,2011-11-26 11:47:00,2011-02-03 14:31:00,17,4702.72,United Kingdom,14,295,276.63,0.0,0,5,4,4,Champions,0.0
12719,2011-11-09 11:52:00,2011-01-26 09:10:00,19,5400.75,United Kingdom,31,287,284.25,0.0,0,4,4,4,Champions,0.0
12720,2011-12-08 19:37:00,2011-02-28 15:23:00,19,5744.75,United Kingdom,2,283,302.36,0.0,0,5,4,4,Champions,0.0
12721,2011-11-25 11:16:00,2011-02-10 14:23:00,24,7389.19,United Kingdom,15,287,307.88,0.0427,0,5,5,5,Champions,0.0
12722,2011-11-23 07:33:00,2011-02-14 11:04:00,29,8631.98,United Kingdom,17,281,297.65,0.032,0,4,5,5,Champions,0.0
12723,2011-11-13 11:29:00,2011-02-04 16:43:00,24,5549.19,United Kingdom,27,281,231.22,0.0,0,4,5,4,Champions,0.0
12724,2011-12-01 17:25:00,2011-03-14 11:25:00,22,5711.07,United Kingdom,9,262,259.59,0.1358,0,5,4,4,Champions,0.19
12725,2011-12-06 18:09:00,2011-02-15 14:42:00,19,4837.18,Belgium,4,294,254.59,0.0,0,5,4,4,Champions,0.0
12726,2011-11-14 11:19:00,2011-01-26 13:56:00,20,6075.66,Ireland,26,291,303.78,0.0,0,4,4,4,Champions,0.0
12727,2011-11-27 14:57:00,2011-02-10 09:02:00,16,3088.96,United Kingdom,13,290,193.06,0.0882,0,5,4,4,Champions,0.0
12728,2011-11-12 12:38:00,2011-02-05 13:44:00,33,8970.25,United Kingdom,28,279,271.83,0.0976,0,4,5,5,Champions,0.0
12729,2011-11-25 15:36:00,2011-02-01 12:34:00,19,5433.81,United Kingdom,15,297,285.99,0.0487,0,5,4,4,Champions,0.0
12730,2011-11-18 17:40:00,2011-02-21 17:52:00,20,5781.48,United Kingdom,22,269,289.07,0.0725,0,4,4,4,Champions,0.19
12731,2011-12-05 13:08:00,2011-02-09 08:18:00,38,8970.85,United Kingdom,5,299,236.08,0.0365,0,5,5,5,Champions,0.0
12732,2011-11-17 14:15:00,2011-03-19 11:49:00,24,7208.58,United Kingdom,23,243,300.36,0.0,0,4,5,5,Champions,0.931
12733,2011-11-21 15:45:00,2011-01-27 18:39:00,39,11666.29,Spain,19,297,299.14,0.0,0,4,5,5,Champions,0.0
12734,2011-11-23 11:57:00,2011-01-30 14:55:00,30,8037.52,United Kingdom,17,296,267.92,0.0,0,4,5,5,Champions,0.0
12735,2011-12-02 14:49:00,2011-02-28 18:03:00,22,6160.19,United Kingdom,8,276,280.01,0.0,0,5,4,4,Champions,0.0
12736,2011-12-06 14:18:00,2011-02-12 13:33:00,35,10834.81,France,4,297,309.57,0.0,0,5,5,5,Champions,0.0
12737,2011-11-14 08:18:00,2011-02-28 10:58:00,21,5491.88,Ireland,26,258,261.52,0.0,0,4,4,4,Champions,0.447
12738,2011-11-30 16:02:00,2011-02-24 13:59:00,20,5411.4,United Kingdom,10,279,270.57,0.0,0,5,4,4,Champions,0.0
12739,2011-11-26 11:30:00,2011-02-05 15:27:00,22,5599.32,United Kingdom,14,293,254.51,0.103,0,5,4,4,Champions,0.0
12740,2011-11-28 09:54:00,2011-02-04 18:44:00,27,6578.11,United Kingdom,12,296,243.63,0.0288,0,5,5,5,Champions,0.0
12741,2011-11-29 16:04:00,2011-03-09 10:22:00,17,3322.31,United Kingdom,11,265,195.43,0.0884,0,5,4,4,Champions,0.014
12742,2011-12-01 15:42:00,2011-02-07 09:05:00,29,9514.35,United Kingdom,9,297,328.08,0.0222,0,5,5,5,Champions,0.0
12743,2011-11-14 19:58:00,2011-02-01 12:28:00,25,7176.05,United Kingdom,25,286,287.04,0.0486,0,4,5,5,Champions,0.0
12744,2011-12-01 10:50:00,2011-03-07 18:23:00,18,4164.48,United Kingdom,9,268,231.36,0.1636,0,5,4,4,Champions,0.014
12745,2011-11-11 18:51:00,2011-01-15 11:00:00,20,4801.74,United Kingdom,29,300,240.09,0.0372,0,4,4,4,Champions,0.0
12746,2011-11-11 10:26:00,2011-01-19 11:01:00,31,7284.02,United Kingdom,29,295,234.97,0.0,0,4,5,5,Champions,0.0
12747,2011-12-06 13:34:00,2011-02-15 13:48:00,28,8551.38,United Kingdom,4,293,305.41,0.0319,0,5,5,5,Champions,0.0
12748,2011-12-01 15:25:00,2011-02-14 19:27:00,19,5934.02,Portugal,9,289,312.32,0.0,0,5,4,4,Champions,0.0
12749,2011-12-05 11:34:00,2011-02-08 08:12:00,35,9890.18,United Kingdom,5,300,282.58,0.0,0,5,5,5,Champions,0.0
12750,2011-12-06 17:08:00,2011-03-14 12:09:00,15,3299.4,Ireland,4,267,219.96,0.0,0,5,4,4,Champions,0.014
12751,2011-12-05 14:03:00,2011-02-12 16:01:00,37,10662.82,United Kingdom,5,295,288.18,0.0,0,5,5,5,Champions,0.0
12752,2011-12-03 07:39:00,2011-02-10 11:39:00,21,5621.62,Portugal,7,295,267.7,0.0,0,5,4,4,Champions,0.0
12753,2011-11-25 14:34:00,2011-02-01 13:15:00,14,4415.88,United Kingdom,15,297,315.42,0.0777,0,5,4,4,Champions,0.0
12754,2011-12-04 09:10:00,2011-02-08 17:45:00,21,5192.81,United Kingdom,6,298,247.28,0.0653,0,5,4,4,Champions,0.0
12755,2011-11-21 17:49:00,2011-01-28 08:42:00,27,7944.3,United Kingdom,19,297,294.23,0.0,0,4,5,5,Champions,0.0
12756,2011-11-02 15:27:00,2011-01-16 09:12:00,38,10803.9,United Kingdom,38,290,284.31,0.0737,0,3,5,5,Regular,0.0
12757,2011-11-18 12:43:00,2011-01-22 13:34:00,31,8019.86,Germany,22,299,258.71,0.0,0,4,5,5,Champions,0.0
12758,2011-11-30 10:39:00,2011-02-03 08:52:00,35,10502.61,Netherlands,10,300,300.07,0.0467,0,5,5,5,Champions,0.0
12759,2011-12-06 12:42:00,2011-03-03 11:12:00,29,6832.18,United Kingdom,4,278,235.59,0.0643,0,5,5,5,Champions,0.0
12760,2011-11-27 14:59:00,2011-03-04 15:49:00,23,6542.76,Ireland,13,267,284.47,0.0316,0,5,5,5,Champions,0.19
12761,2011-12-08 13:25:00,2011-02-23 08:18:00,32,7862.93,United Kingdom,2,288,245.72,0.0886,0,5,5,5,Champions,0.0
12762,2011-11-21 19:31:00,2011-02-13 11:06:00,19,5386.27,United Kingdom,19,281,283.49,0.0,0,4,4,4,Champions,0.0
12763,2011-11-18 10:44:00,2011-03-01 08:14:00,15,3468.27,France,22,262,231.22,0.0,0,4,4,4,Champions,0.014
12764,2011-11-30 09:52:00,2011-02-07 14:46:00,18,4970.04,United Kingdom,10,295,276.11,0.1223,0,5,4,4,Champions,0.0
12765,2011-11-28 08:38:00,2011-02-04 08:01:00,38,8199.65,United Kingdom,12,297,215.78,0.005,0,5,5,5,Champions,0.0
12766,2011-11-21 11:16:00,2011-02-04 15:37:00,24,7347.86,Ireland,19,289,306.16,0.0,0,4,5,5,Champions,0.0
12767,2011-11-25 08:25:00,2011-02-07 11:37:00,15,3636.08,United Kingdom,15,290,242.41,0.0219,0,5,4,4,Champions,0.0
12768,2011-11-13 18:53:00,2011-01-24 19:28:00,21,6343.72,Portugal,27,292,302.08,0.0,0,4,4,5,Champions,0.0
12769,2011-12-09 14:25:00,2011-02-13 18:37:00,29,6862.57,United Kingdom,1,298,236.64,0.0,0,5,5,5,Champions,0.0
12770,2011-11-24 14:01:00,2011-01-29 15:48:00,30,8333.88,Ireland,16,298,277.8,0.0466,0,5,5,5,Champions,0.0
12771,2011-11-22 07:55:00,2011-02-10 14:28:00,22,6702.34,United Kingdom,18,284,304.65,0.0,0,4,4,5,Champions,0.0
12772,2011-11-20 19:07:00,2011-01-27 15:05:00,15,4536.9,United Kingdom,20,297,302.46,0.0,0,4,4,4,Champions,0.0
12773,2011-12-02 14:12:00,2011-02-10 17:33:00,37,9638.91,United Kingdom,8,294,260.51,0.0,0,5,5,5,Champions,0.0
12774,2011-11-25 09:39:00,2011-01-30 16:42:00,35,9790.86,United Kingdom,15,298,279.74,0.0316,0,5,5,5,Champions,0.0
12775,2011-11-14 19:03:00,2011-02-06 17:58:00,15,3332.88,United Kingdom,26,281,222.19,0.0,0,4,4,4,Champions,0.0
12776,2011-11-13 11:04:00,2011-01-21 18:03:00,18,4513.26,Portugal,27,295,250.74,0.0,0,4,4,4,Champions,0.0
12777,2011-11-26 08:21:00,2011-01-31 07:37:00,35,9916.99,United Kingdom,14,299,283.34,0.0684,0,5,5,5,Champions,0.0
12778,2011-11-16 15:48:00,2011-02-03 17:07:00,28,6762.75,United Kingdom,24,285,241.53,0.0,0,4,5,5,Champions,0.0
12779,2011-11-14 11:02:00,2011-01-24 15:59:00,26,7319.73,United Kingdom,26,293,281.53,0.0907,0,4,5,5,Champions,0.0
12780,2011-12-03 10:34:00,2011-02-08 08:01:00,34,8696.93,Ireland,7,298,255.79,0.0,0,5,5,5,Champions,0.0
12781,2011-11-20 13:40:00,2011-01-25 17:24:00,27,7203.11,United Kingdom,20,298,266.78,0.0316,0,4,5,5,Champions,0.0
12782,2011-11-15 15:11:00,2011-02-28 19:20:00,30,8036.8,Belgium,25,259,267.89,0.0,0,4,5,5,Champions,0.447
12783,2011-11-22 14:04:00,2011-02-06 14:56:00,23,6121.42,United Kingdom,18,288,266.15,0.0523,0,4,5,4,Champions,0.0
12784,2011-11-29 19:54:00,2011-02-07 18:47:00,30,6931.89,United Kingdom,11,295,231.06,0.094,0,5,5,5,Champions,0.0
12785,2011-11-26 19:51:00,2011-02-15 14:00:00,19,5378.61,United Kingdom,14,284,283.08,0.0,0,5,4,4,Champions,0.0
12786,2011-12-08 07:26:00,2011-02-11 14:49:00,32,10474.23,Germany,2,299,327.32,0.0305,0,5,5,5,Champions,0.0
12787,2011-11-24 18:23:00,2011-03-08 12:53:00,27,6653.51,United Kingdom,16,261,246.43,0.0,0,5,5,5,Champions,0.014
12788,2011-11-28 18:24:00,2011-02-21 13:51:00,19,4813.06,Ireland,12,280,253.32,0.0,0,5,4,4,Champions,0.0
12789,2011-11-22 10:55:00,2011-01-30 15:35:00,30,7414.23,United Kingdom,18,295,247.14,0.0373,0,4,5,5,Champions,0.0
12790,2011-12-08 10:55:00,2011-02-16 18:40:00,32,8336.83,United Kingdom,2,294,260.53,0.0,0,5,5,5,Champions,0.0
12791,2011-12-09 17:12:00,2011-02-12 16:36:00,27,7330.36,France,1,300,271.49,0.0,0,5,5,5,Champions,0.0
12792,2011-11-10 16:18:00,2011-01-18 15:17:00,17,4329.23,United Kingdom,30,296,254.66,0.0,0,4,4,4,Champions,0.0
12793,2011-11-09 16:18:00,2011-01-13 17:14:00,35,7671.64,United Kingdom,31,299,219.19,0.0,0,4,5,5,Champions,0.0
12794,2011-11-10 17:22:00,2011-01-14 09:30:00,39,8626.57,United Kingdom,30,300,221.19,0.0,0,4,5,5,Champions,0.0
12795,2011-11-19 07:55:00,2011-01-31 12:10:00,32,7293.22,United Kingdom,21,291,227.91,0.0,0,4,5,5,Champions,0.0
12796,2011-11-14 10:21:00,2011-01-21 10:31:00,31,8267.62,United Kingdom,26,296,266.7,0.0,0,4,5,5,Champions,0.0
12797,2011-11-17 15:11:00,2011-01-21 09:24:00,34,10455.4,United Kingdom,23,300,307.51,0.0183,0,4,5,5,Champions,0.0
12798,2011-12-06 18:25:00,2011-02-21 09:45:00,33,9304.58,United Kingdom,4,288,281.96,0.022,0,5,5,5,Champions,0.0
12799,2011-11-14 12:15:00,2011-02-09 15:43:00,16,5488.54,France,26,277,343.03,0.0,0,4,4,4,Champions,0.0
12800,2011-11-21 14:28:00,2011-01-27 11:26:00,29,7539.73,United Kingdom,19,298,259.99,0.0299,0,4,5,5,Champions,0.0
12801,2011-11-15 13:20:00,2011-01-25 12:23:00,26,7289.28,United Kingdom,25,294,280.36,0.026,0,4,5,5,Champions,0.0
12802,2011-12-07 08:58:00,2011-02-28 15:29:00,36,9112.53,Ireland,3,281,253.13,0.0297,0,5,5,5,Champions,0.0
12803,2011-11-18 13:38:00,2011-02-12 17:31:00,19,4392.06,United Kingdom,22,278,231.16,0.0,0,4,4,4,Champions,0.0
12804,2011-11-24 09:08:00,2011-01-31 19:55:00,37,7994.24,United Kingdom,16,296,216.06,0.0387,0,5,5,5,Champions,0.0
12805,2011-12-09 07:11:00,2011-02-23 10:20:00,28,7642.06,United Kingdom,1,288,272.93,0.1387,0,5,5,5,Champions,0.0
12806,2011-11-10 08:04:00,2011-01-18 19:14:00,16,4735.04,United Kingdom,30,295,295.94,0.0,0,4,4,4,Champions,0.0
12807,2011-11-20 16:09:00,2011-01-25 15:39:00,26,7049.95,United Kingdom,20,299,271.15,0.0,0,4,5,5,Champions,0.0
12808,2011-11-25 17:15:00,2011-01-30 18:02:00,30,9219.52,United Kingdom,15,298,307.32,0.0162,0,5,5,5,Champions,0.0
12809,2011-12-01 09:03:00,2011-02-22 08:51:00,31,7759.19,United Kingdom,9,282,250.3,0.0474,0,5,5,5,Champions,0.0
12810,2011-12-06 13:16:00,2011-02-24 08:29:00,30,9081.9,United Kingdom,4,285,302.73,0.0186,0,5,5,5,Champions,0.0
12811,2011-11-09 15:55:00,2011-01-16 17:30:00,26,6710.2,United Kingdom,31,296,258.08,0.0245,0,4,5,5,Champions,0.0
12812,2011-11-17 17:39:00,2011-02-01 18:33:00,34,8425.2,France,23,288,247.8,0.0,0,4,5,5,Champions,0.0
12813,2011-11-10 12:41:00,2011-01-15 18:38:00,17,3275.1,United Kingdom,30,298,192.65,0.0,0,4,4,4,Champions,0.0
12814,2011-11-16 14:12:00,2011-01-21 10:45:00,36,9051.24,United Kingdom,24,299,251.42,0.0684,0,4,5,5,Champions,0.0
12815,2011-12-08 11:17:00,2011-02-12 09:59:00,30,8448.69,United Kingdom,2,299,281.62,0.0332,0,5,5,5,Champions,0.0
12816,2011-12-07 12:44:00,2011-02-15 12:18:00,26,7391.05,United Kingdom,3,295,284.27,0.0767,0,5,5,5,Champions,0.0
12817,2011-11-16 09:16:00,2011-01-30 13:42:00,37,9283.38,France,24,289,250.9,0.0,0,4,5,5,Champions,0.0
12818,2011-11-28 09:19:00,2011-02-13 15:38:00,15,3301.0,United Kingdom,12,287,220.07,0.0,0,5,4,4,Champions,0.0
12819,2011-12-05 10:43:00,2011-03-17 09:06:00,24,6216.7,United Kingdom,5,263,259.03,0.0954,0,5,5,5,Champions,0.19
12820,2011-09-25 09:21:00,2011-03-01 14:06:00,14,2939.21,Portugal,76,207,209.94,0.1429,0,3,4,4,Regular,0.993
12821,2011-11-16 13:45:00,2011-01-25 07:47:00,23,7092.46,United Kingdom,24,295,308.37,0.0122,0,4,5,5,Champions,0.0
12822,2011-11-24 12:25:00,2011-02-27 16:52:00,26,7710.41,Netherlands,16,269,296.55,0.1275,0,5,5,5,Champions,0.19
12823,2011-11-21 07:53:00,2011-01-28 09:51:00,18,4104.64,Germany,19,296,228.04,0.0,0,4,4,4,Champions,0.0
12824,2011-11-29 07:53:00,2011-02-22 08:21:00,20,4832.46,France,11,279,241.62,0.0,0,5,4,4,Champions,0.0
12825,2011-11-28 08:44:00,2011-02-04 15:04:00,16,5152.73,United Kingdom,12,296,322.05,0.1116,0,5,4,4,Champions,0.0
12826,2011-12-04 09:25:00,2011-02-09 10:41:00,37,9284.51,United Kingdom,6,297,250.93,0.0573,0,5,5,5,Champions,0.0
12827,2011-11-21 09:04:00,2011-02-13 10:34:00,17,4826.39,United Kingdom,19,280,283.91,0.0556,0,4,4,4,Champions,0.0
12828,2011-11-29 08:10:00,2011-02-06 12:16:00,28,7915.13,United Kingdom,11,295,282.68,0.0623,0,5,5,5,Champions,0.0
12829,2011-12-02 08:26:00,2011-02-08 10:46:00,30,7037.87,United Kingdom,8,296,234.6,0.0429,0,5,5,5,Champions,0.0
12830,2011-11-12 16:00:00,2011-01-20 15:23:00,30,8856.26,United Kingdom,28,296,295.21,0.0,0,4,5,5,Champions,0.0
12831,2011-12-03 14:20:00,2011-02-09 16:52:00,28,7304.55,Spain,7,296,260.88,0.0,0,5,5,5,Champions,0.0
12832,2011-11-15 13:56:00,2011-01-29 18:52:00,33,9092.96,United Kingdom,25,289,275.54,0.0302,0,4,5,5,Champions,0.0
12833,2011-11-17 07:41:00,2011-01-28 07:39:00,34,8224.13,United Kingdom,23,293,241.89,0.0234,0,4,5,5,Champions,0.0
12834,2011-11-15 13:40:00,2011-01-27 11:49:00,21,5644.83,United Kingdom,25,292,268.8,0.0667,0,4,4,4,Champions,0.0
12835,2011-11-15 07:08:00,2011-02-03 11:59:00,27,6894.14,United Kingdom,25,284,255.34,0.1209,0,4,5,5,Champions,0.0
12836,2011-11-20 13:04:00,2011-01-31 14:28:00,28,7111.77,France,20,292,253.99,0.0451,0,4,5,5,Champions,0.0
12837,2011-11-16 13:48:00,2011-01-31 12:33:00,28,6587.14,United Kingdom,24,289,235.26,0.0357,0,4,5,5,Champions,0.0
12838,2011-11-11 09:53:00,2011-01-18 09:05:00,17,4513.39,United Kingdom,29,297,265.49,0.1082,0,4,4,4,Champions,0.0
12839,2011-11-23 13:59:00,2011-02-05 13:10:00,33,7742.53,Netherlands,17,291,234.62,0.0732,0,4,5,5,Champions,0.0
12840,2011-12-07 18:20:00,2011-02-20 19:44:00,14,4095.91,United Kingdom,3,289,292.56,0.0,0,5,4,4,Champions,0.0
12841,2011-11-14 17:02:00,2011-01-23 18:23:00,21,5393.29,United Kingdom,26,294,256.82,0.0471,0,4,4,4,Champions,0.0
12842,2011-11-25 10:03:00,2011-02-12 12:35:00,39,10041.28,United Kingdom,15,285,257.47,0.0022,0,5,5,5,Champions,0.0
12843,2011-11-13 19:26:00,2011-01-19 16:02:00,27,6002.75,United Kingdom,27,298,222.32,0.0,0,4,5,4,Champions,0.0
12844,2011-12-02 10:14:00,2011-02-06 10:05:00,36,10042.6,United Kingdom,8,299,278.96,0.0349,0,5,5,5,Champions,0.0
12845,2011-11-09 19:36:00,2011-01-24 08:20:00,22,5871.4,United Kingdom,31,289,266.88,0.0,0,4,4,4,Champions,0.0
12846,2011-12-04 09:34:00,2011-02-11 10:31:00,15,3188.22,United Kingdom,6,295,212.55,0.0,0,5,4,4,Champions,0.0
12847,2011-11-18 10:54:00,2011-02-09 08:56:00,23,6342.23,United Kingdom,22,282,275.75,0.0,0,4,5,5,Champions,0.0
12848,2011-12-09 07:28:00,2011-02-14 14:00:00,23,7143.55,United Kingdom,1,297,310.59,0.0697,0,5,5,5,Champions,0.0
12849,2011-11-17 10:26:00,2011-01-23 08:45:00,27,7413.46,Netherlands,23,298,274.57,0.0,0,4,5,5,Champions,0.0
12850,2011-12-08 08:54:00,2011-02-22 12:34:00,23,6627.35,United Kingdom,2,288,288.15,0.0,0,5,5,5,Champions,0.0
12851,2011-11-27 18:16:00,2011-02-09 11:51:00,27,7217.31,United Kingdom,13,291,267.31,0.0,0,5,5,5,Champions,0.0
12852,2011-11-13 17:29:00,2011-01-18 08:04:00,30,7820.14,United Kingdom,27,299,260.67,0.0159,0,4,5,5,Champions,0.0
12853,2011-11-12 18:16:00,2011-01-21 18:38:00,38,10570.61,Ireland,28,294,278.17,0.0292,0,4,5,5,Champions,0.0
12854,2011-11-15 09:31:00,2011-01-22 09:44:00,15,3547.24,United Kingdom,25,296,236.48,0.0795,0,4,4,4,Champions,0.0
12855,2011-11-19 17:45:00,2011-01-27 19:38:00,23,5702.99,United Kingdom,21,295,247.96,0.0118,0,4,5,4,Champions,0.0
12856,2011-11-27 17:14:00,2011-02-12 19:04:00,37,7529.06,Netherlands,13,287,203.49,0.0393,0,5,5,5,Champions,0.0
12857,2011-11-13 15:33:00,2011-01-17 13:58:00,16,4989.19,United Kingdom,27,300,311.82,0.0,0,4,4,4,Champions,0.0
12858,2011-11-14 12:11:00,2011-01-21 09:42:00,37,7997.9,United Kingdom,26,297,216.16,0.0,0,4,5,5,Champions,0.0
12859,2011-11-18 08:01:00,2011-01-29 19:12:00,24,7932.23,United Kingdom,22,292,330.51,0.0,0,4,5,5,Champions,0.0
12860,2011-11-19 07:50:00,2011-01-29 17:45:00,16,4582.41,United Kingdom,21,293,286.4,0.1477,0,4,4,4,Champions,0.05
12861,2011-11-17 16:06:00,2011-01-28 15:47:00,21,5726.41,Germany,23,293,272.69,0.0345,0,4,4,4,Champions,0.0
12862,2011-11-27 15:09:00,2011-01-31 12:44:00,27,8206.13,United Kingdom,13,300,303.93,0.0,0,5,5,5,Champions,0.0
12863,2011-11-25 16:24:00,2011-02-10 13:28:00,34,8624.32,United Kingdom,15,288,253.66,0.0,0,5,5,5,Champions,0.0
12864,2011-11-20 14:32:00,2011-02-14 11:45:00,28,6921.47,United Kingdom,20,279,247.2,0.0,0,4,5,5,Champions,0.0
12865,2011-11-23 10:05:00,2011-01-30 17:15:00,33,9885.33,United Kingdom,17,296,299.56,0.0137,0,4,5,5,Champions,0.0
12866,2011-11-18 18:36:00,2011-01-26 08:35:00,39,10977.32,United Kingdom,22,296,281.47,0.0,0,4,5,5,Champions,0.0
12867,2011-11-22 11:33:00,2011-01-29 17:53:00,31,7987.54,United Kingdom,18,296,257.66,0.0123,0,4,5,5,Champions,0.0
12868,2011-11-22 14:47:00,2011-01-30 14:30:00,20,6066.07,United Kingdom,18,296,303.3,0.0,0,4,4,4,Champions,0.0
12869,2011-11-24 11:05:00,2011-02-03 07:05:00,33,8699.65,United Kingdom,16,294,263.63,0.0311,0,5,5,5,Champions,0.0
12870,2011-11-28 14:00:00,2011-02-06 14:25:00,21,6107.37,United Kingdom,12,294,290.83,0.0,0,5,4,4,Champions,0.0
12871,2011-11-24 19:45:00,2011-01-28 12:44:00,21,6201.2,United Kingdom,16,300,295.3,0.0,0,5,4,4,Champions,0.0
12872,2011-11-15 17:37:00,2011-02-24 09:03:00,27,7550.83,Portugal,25,264,279.66,0.0521,0,4,5,5,Champions,0.19
12873,2011-11-10 12:18:00,2011-01-25 14:58:00,29,7342.26,United Kingdom,30,288,253.18,0.0375,0,4,5,5,Champions,0.0
12874,2011-12-03 15:07:00,2011-02-06 09:24:00,15,3754.18,United Kingdom,7,300,250.28,0.0,0,5,4,4,Champions,0.0
12875,2011-11-14 19:23:00,2011-01-30 10:50:00,16,4164.02,Belgium,26,288,260.25,0.0,0,4,4,4,Champions,0.0
12876,2011-11-13 18:22:00,2011-01-18 12:17:00,33,9265.93,United Kingdom,27,299,280.79,0.0256,0,4,5,5,Champions,0.0
12877,2011-11-28 16:46:00,2011-02-14 10:42:00,29,7449.79,United Kingdom,12,287,256.89,0.0,0,5,5,5,Champions,0.0
12878,2011-11-29 17:07:00,2011-02-26 18:46:00,38,9694.18,France,11,275,255.11,0.0357,0,5,5,5,Champions,0.0
12879,2011-11-17 07:53:00,2011-02-12 17:17:00,25,5432.47,United Kingdom,23,277,217.3,0.047,0,4,5,4,Champions,0.0
12880,2011-11-15 14:26:00,2011-02-15 07:37:00,33,9368.36,United Kingdom,25,273,283.89,0.0325,0,4,5,5,Champions,0.0
12881,2011-11-20 10:46:00,2011-02-09 18:42:00,25,6739.58,United Kingdom,20,283,269.58,0.0,0,4,5,5,Champions,0.0
12882,2011-11-13 08:17:00,2011-02-25 12:17:00,34,7458.62,United Kingdom,27,260,219.37,0.0,0,4,5,5,Champions,0.447
12883,2011-11-20 10:03:00,2011-02-11 10:17:00,16,5592.64,United Kingdom,20,281,349.54,0.0539,0,4,4,4,Champions,0.0
12884,2011-12-09 15:40:00,2011-04-18 19:23:00,15,3454.2,Ireland,1,234,230.28,0.0059,0,5,4,4,Champions,1.0
12885,2011-11-12 17:58:00,2011-02-01 14:37:00,27,7015.83,United Kingdom,28,284,259.85,0.0,0,4,5,5,Champions,0.0
12886,2011-11-11 17:23:00,2011-01-23 16:34:00,23,5684.81,France,29,292,247.17,0.0,0,4,5,4,Champions,0.0
12887,2011-11-29 14:56:00,2011-02-05 16:26:00,39,10637.31,United Kingdom,11,296,272.75,0.0305,0,5,5,5,Champions,0.0
12888,2011-11-18 14:40:00,2011-02-01 15:06:00,34,9464.86,United Kingdom,22,289,278.38,0.0477,0,4,5,5,Champions,0.0
12889,2011-11-17 14:09:00,2011-01-31 13:09:00,36,7527.77,United Kingdom,23,290,209.1,0.0263,0,4,5,5,Champions,0.0
12890,2011-11-11 15:01:00,2011-01-30 10:57:00,24,5695.02,United Kingdom,29,285,237.29,0.0,0,4,5,4,Champions,0.0
12891,2011-12-06 11:53:00,2011-02-26 09:47:00,16,4906.32,France,4,283,306.64,0.0833,0,5,4,4,Champions,0.0
12892,2011-11-19 13:58:00,2011-02-03 18:42:00,24,7078.55,United Kingdom,21,288,294.94,0.0,0,4,5,5,Champions,0.0
12893,2011-12-06 14:26:00,2011-02-15 17:41:00,31,7131.92,United Kingdom,4,293,230.06,0.0,0,5,5,5,Champions,0.0
12894,2011-11-30 12:36:00,2011-02-18 16:24:00,29,7513.95,United Kingdom,10,284,259.1,0.0,0,5,5,5,Champions,0.0
12895,2011-11-23 11:07:00,2011-01-30 15:11:00,39,9674.05,United Kingdom,17,296,248.05,0.0,0,4,5,5,Champions,0.0
12896,2011-12-03 09:43:00,2011-02-10 17:54:00,20,4797.42,United Kingdom,7,295,239.87,0.0,0,5,4,4,Champions,0.0
12897,2011-12-06 10:50:00,2011-02-12 15:39:00,31,8329.31,Germany,4,296,268.69,0.0154,0,5,5,5,Champions,0.0
12898,2011-11-24 13:24:00,2011-02-01 13:30:00,25,7676.97,United Kingdom,16,295,307.08,0.0,0,5,5,5,Champions,0.0
12899,2011-11-09 18:20:00,2011-01-22 12:55:00,22,5396.38,United Kingdom,31,291,245.29,0.0,0,4,4,4,Champions,0.0
12900,2011-11-09 07:36:00,2011-01-13 15:55:00,36,10074.02,United Kingdom,31,299,279.83,0.0023,0,4,5,5,Champions,0.0
12901,2011-11-11 09:38:00,2011-01-26 08:08:00,25,6157.41,Ireland,29,289,246.3,0.0,0,4,5,4,Champions,0.0
12902,2011-11-25 07:34:00,2011-02-07 15:28:00,38,9354.3,United Kingdom,15,290,246.17,0.0,0,5,5,5,Champions,0.0
12903,2011-11-30 09:36:00,2011-02-03 10:28:00,37,8783.91,United Kingdom,10,299,237.4,0.0344,0,5,5,5,Champions,0.0
12904,2011-11-14 16:05:00,2011-01-25 10:07:00,17,4122.6,United Kingdom,26,293,242.51,0.0,0,4,4,4,Champions,0.0
12905,2011-11-18 09:46:00,2011-01-31 08:38:00,36,10546.97,United Kingdom,22,291,292.97,0.0,0,4,5,5,Champions,0.0
12906,2011-11-21 12:10:00,2011-02-11 09:13:00,21,6572.17,United Kingdom,19,283,312.96,0.0675,0,4,4,5,Champions,0.0
12907,2011-12-04 17:50:00,2011-02-20 19:25:00,17,4687.81,United Kingdom,6,286,275.75,0.0,0,5,4,4,Champions,0.0
12908,2011-11-22 19:46:00,2011-02-14 14:20:00,17,4214.65,United Kingdom,18,281,247.92,0.0826,0,4,4,4,Champions,0.0
12909,2011-12-03 17:51:00,2011-02-19 09:01:00,26,6772.62,Ireland,7,287,260.49,0.0,0,5,5,5,Champions,0.0
12910,2011-12-09 13:08:00,2011-02-12 16:46:00,33,9380.6,United Kingdom,1,299,284.26,0.0,0,5,5,5,Champions,0.0
12911,2011-12-06 19:59:00,2011-02-09 11:01:00,37,10217.58,United Kingdom,3,300,276.15,0.0664,0,5,5,5,Champions,0.0
12912,2011-11-17 17:05:00,2011-01-24 14:07:00,30,8476.53,Germany,23,297,282.55,0.0211,0,4,5,5,Champions,0.0
12913,2011-11-23 08:01:00,2011-01-30 11:30:00,37,9920.41,United Kingdom,17,296,268.12,0.0398,0,4,5,5,Champions,0.0
12914,2011-12-05 18:16:00,2011-03-21 07:34:00,17,4153.74,United Kingdom,5,259,244.34,0.0,0,5,4,4,Champions,0.447
12915,2011-12-01 11:00:00,2011-02-10 11:45:00,25,7671.06,United Kingdom,9,293,306.84,0.072,0,5,5,5,Champions,0.0
12916,2011-12-08 18:13:00,2011-02-16 18:06:00,34,7299.62,Netherlands,2,295,214.69,0.0,0,5,5,5,Champions,0.0
12917,2011-12-07 19:24:00,2011-02-16 18:16:00,32,9191.77,United Kingdom,3,294,287.24,0.0541,0,5,5,5,Champions,0.0
12918,2011-12-03 18:53:00,2011-02-10 11:37:00,22,5447.19,United Kingdom,7,296,247.6,0.1127,0,5,4,4,Champions,0.0
12919,2011-11-25 18:40:00,2011-02-02 15:41:00,16,4167.2,United Kingdom,15,296,260.45,0.0787,0,5,4,4,Champions,0.0
12920,2011-12-07 19:34:00,2011-02-26 11:11:00,23,5539.95,United Kingdom,3,284,240.87,0.1138,0,5,5,4,Champions,0.0
12921,2011-12-02 17:00:00,2011-03-12 15:09:00,14,4097.43,United Kingdom,8,265,292.67,0.078,0,5,4,4,Champions,0.19
12922,2011-11-16 12:34:00,2011-02-04 18:41:00,27,6883.32,United Kingdom,24,284,254.94,0.0411,0,4,5,5,Champions,0.0
12923,2011-11-22 19:41:00,2011-01-27 08:47:00,33,7953.51,United Kingdom,18,299,241.02,0.0,0,4,5,5,Champions,0.0
12924,2011-11-20 11:44:00,2011-03-06 07:53:00,29,7347.35,United Kingdom,20,259,253.36,0.0455,0,4,5,5,Champions,0.447
12925,2011-11-09 12:01:00,2011-01-21 11:47:00,26,7910.9,Germany,31,292,304.27,0.0,0,4,5,5,Champions,0.0
12926,2011-11-10 09:45:00,2011-01-25 08:00:00,26,6212.37,United Kingdom,30,289,238.94,0.0511,0,4,5,5,Champions,0.0
12927,2011-12-04 16:31:00,2011-02-10 07:54:00,37,9718.9,United Kingdom,6,297,262.67,0.0,0,5,5,5,Champions,0.0
12928,2011-11-30 14:37:00,2011-02-15 15:44:00,26,6008.32,Belgium,10,287,231.09,0.0372,0,5,5,4,Champions,0.0
12929,2011-11-22 10:26:00,2011-02-15 07:39:00,22,5946.81,United Kingdom,18,280,270.31,0.0705,0,4,4,4,Champions,0.0
12930,2011-12-01 15:19:00,2011-02-04 09:54:00,39,10694.75,United Kingdom,9,300,274.22,0.0,0,5,5,5,Champions,0.0
12931,2011-11-22 09:19:00,2011-02-28 11:53:00,18,5745.01,United Kingdom,18,266,319.17,0.0,0,4,4,4,Champions,0.55
12932,2011-11-09 14:41:00,2011-01-17 10:12:00,29,7805.54,United Kingdom,31,296,269.16,0.0455,0,4,5,5,Champions,0.0
12933,2011-12-06 12:03:00,2011-02-14 08:33:00,16,4250.09,France,4,295,265.63,0.0,0,5,4,4,Champions,0.0
12934,2011-11-21 08:59:00,2011-03-04 12:06:00,24,6594.81,United Kingdom,19,261,274.78,0.0154,0,4,5,5,Champions,0.19
12935,2011-12-08 08:24:00,2011-02-22 15:42:00,15,5215.74,United Kingdom,2,288,347.72,0.0,0,5,4,4,Champions,0.0
12936,2011-11-18 13:48:00,2011-01-22 19:26:00,33,7632.59,United Kingdom,22,299,231.29,0.0,0,4,5,5,Champions,0.0
12937,2011-12-07 07:01:00,2011-02-23 07:19:00,16,3960.81,United Kingdom,3,286,247.55,0.0,0,5,4,4,Champions,0.0
12938,2011-11-09 09:07:00,2011-01-30 13:58:00,35,8430.11,United Kingdom,31,282,240.86,0.0,0,4,5,5,Champions,0.0
12939,2011-11-14 17:12:00,2011-01-29 11:56:00,17,5427.68,United Kingdom,26,289,319.28,0.0,0,4,4,4,Champions,0.0
12940,2011-12-07 11:32:00,2011-02-22 16:12:00,20,6588.76,United Kingdom,3,287,329.44,0.0581,0,5,4,5,Champions,0.0
12941,2011-11-28 08:52:00,2011-02-22 11:46:00,38,9282.05,United Kingdom,12,278,244.26,0.0473,0,5,5,5,Champions,0.0
12942,2011-11-26 15:42:00,2011-02-03 19:49:00,24,6120.14,Spain,14,295,255.01,0.0,0,5,5,4,Champions,0.0
12943,2011-12-03 12:06:00,2011-02-08 13:53:00,24,6371.59,United Kingdom,7,297,265.48,0.0497,0,5,5,5,Champions,0.0
12944,2011-11-18 17:27:00,2011-01-25 07:44:00,36,9415.99,Ireland,22,297,261.56,0.031,0,4,5,5,Champions,0.0
12945,2011-12-05 11:54:00,2011-02-12 19:41:00,38,8673.31,United Kingdom,5,295,228.24,0.0,0,5,5,5,Champions,0.0
12946,2011-12-04 08:12:00,2011-02-08 11:22:00,29,9237.69,United Kingdom,6,298,318.54,0.0181,0,5,5,5,Champions,0.0
12947,2011-11-26 17:07:00,2011-02-16 18:25:00,17,3463.36,United Kingdom,14,282,203.73,0.0058,0,5,4,4,Champions,0.0
12948,2011-11-11 12:45:00,2011-01-21 09:06:00,28,6611.92,United Kingdom,29,294,236.14,0.0514,0,4,5,5,Champions,0.0
12949,2011-12-02 17:06:00,2011-02-28 18:35:00,15,3396.69,United Kingdom,8,276,226.45,0.117,0,5,4,4,Champions,0.0
12950,2011-11-19 08:45:00,2011-01-31 11:04:00,32,8687.62,United Kingdom,21,291,271.49,0.0334,0,4,5,5,Champions,0.0
12951,2011-11-10 07:13:00,2011-01-26 07:56:00,14,3299.04,France,30,287,235.65,0.0602,0,4,4,4,Champions,0.0
12952,2011-11-17 13:35:00,2011-01-27 10:55:00,24,7662.56,Germany,23,294,319.27,0.0,0,4,5,5,Champions,0.0
12953,2011-11-25 16:43:00,2011-02-03 08:09:00,19,5078.15,United Kingdom,15,295,267.27,0.0,0,5,4,4,Champions,0.0
12954,2011-11-13 18:41:00,2011-01-22 17:22:00,30,6095.43,France,27,295,203.18,0.0,0,4,5,4,Champions,0.0
12955,2011-11-09 16:07:00,2011-01-19 10:38:00,39,9943.01,United Kingdom,31,294,254.95,0.0,0,4,5,5,Champions,0.0
12956,2011-11-18 08:16:00,2011-01-24 09:04:00,39,9383.8,United Kingdom,22,297,240.61,0.0,0,4,5,5,Champions,0.0
12957,2011-11-26 08:01:00,2011-02-05 16:46:00,24,7067.83,United Kingdom,14,293,294.49,0.0,0,5,5,5,Champions,0.0
12958,2011-11-28 15:37:00,2011-02-13 16:36:00,35,10440.15,United Kingdom,12,287,298.29,0.0553,0,5,5,5,Champions,0.0
12959,2011-11-26 19:39:00,2011-02-01 07:56:00,33,8174.84,United Kingdom,14,298,247.72,0.0399,0,5,5,5,Champions,0.0
12960,2011-11-22 18:38:00,2011-02-06 12:18:00,35,10140.91,France,18,289,289.74,0.0,0,4,5,5,Champions,0.0
12961,2011-11-21 13:16:00,2011-01-25 07:32:00,31,9070.57,United Kingdom,19,300,292.6,0.0,0,4,5,5,Champions,0.0
12962,2011-12-08 19:29:00,2011-03-01 07:42:00,17,4590.13,United Kingdom,2,282,270.01,0.0,0,5,4,4,Champions,0.0
12963,2011-11-12 14:07:00,2011-01-16 07:48:00,38,11124.4,United Kingdom,28,300,292.75,0.0325,0,4,5,5,Champions,0.0
12964,2011-11-19 07:23:00,2011-01-23 15:16:00,39,12503.51,United Kingdom,21,299,320.6,0.0,0,4,5,5,Champions,0.0
12965,2011-11-20 15:43:00,2011-02-10 11:46:00,21,5750.35,Netherlands,20,283,273.83,0.0,0,4,4,4,Champions,0.0
12966,2011-11-16 13:09:00,2011-02-11 11:58:00,15,4927.96,Spain,24,278,328.53,0.0,0,4,4,4,Champions,0.0
12967,2011-11-28 15:50:00,2011-02-11 17:26:00,37,8797.98,Germany,12,289,237.78,0.0397,0,5,5,5,Champions,0.0
12968,2011-12-01 17:38:00,2011-02-07 15:36:00,20,5068.77,United Kingdom,9,297,253.44,0.0,0,5,4,4,Champions,0.0
12969,2011-12-01 19:17:00,2011-02-15 17:12:00,38,10797.88,United Kingdom,9,289,284.15,0.0,0,5,5,5,Champions,0.0
12970,2011-11-28 10:37:00,2011-02-03 16:58:00,26,7285.66,United Kingdom,12,297,280.22,0.0,0,5,5,5,Champions,0.0
12971,2011-12-05 11:01:00,2011-02-14 12:33:00,32,9039.94,United Kingdom,5,293,282.5,0.0,0,5,5,5,Champions,0.0
12972,2011-11-17 08:14:00,2011-01-28 09:41:00,29,6834.05,United Kingdom,23,292,235.66,0.0,0,4,5,5,Champions,0.0
12973,2011-10-31 13:11:00,2011-01-29 16:28:00,18,5169.84,United Kingdom,40,274,287.21,0.0779,0,3,4,4,Regular,0.0
12974,2011-12-04 19:08:00,2011-03-12 13:55:00,19,5091.63,United Kingdom,6,267,267.98,0.0,0,5,4,4,Champions,0.55
12975,2011-11-25 14:39:00,2011-02-06 14:24:00,37,9804.64,Germany,15,292,264.99,0.0,0,5,5,5,Champions,0.0
12976,2011-12-06 09:15:00,2011-02-27 11:54:00,26,8087.44,Spain,4,281,311.06,0.0,0,5,5,5,Champions,0.0
12977,2011-11-21 10:43:00,2011-01-25 08:20:00,38,8962.35,United Kingdom,19,300,235.85,0.0575,0,4,5,5,Champions,0.0
12978,2011-11-21 18:27:00,2011-02-17 07:39:00,36,10924.26,United Kingdom,19,277,303.45,0.0321,0,4,5,5,Champions,0.0
12979,2011-11-30 13:27:00,2011-02-12 17:02:00,28,9025.57,United Kingdom,10,290,322.34,0.0,0,5,5,5,Champions,0.0
12980,2011-11-26 09:15:00,2011-02-13 15:13:00,29,6990.43,United Kingdom,14,285,241.05,0.0,0,5,5,5,Champions,0.0
12981,2011-11-26 11:07:00,2011-02-06 10:38:00,32,9871.28,United Kingdom,14,293,308.48,0.0,0,5,5,5,Champions,0.0
12982,2011-11-22 09:16:00,2011-02-07 16:05:00,21,5564.94,France,18,287,265.0,0.0,0,4,4,4,Champions,0.0
12983,2011-11-12 13:46:00,2011-01-26 07:34:00,24,6536.84,United Kingdom,28,290,272.37,0.0,0,4,5,5,Champions,0.0
12984,2011-12-03 08:10:00,2011-02-20 15:45:00,14,2906.56,United Kingdom,7,285,207.61,0.1127,0,5,4,4,Champions,0.0
12985,2011-12-02 11:27:00,2011-02-10 12:00:00,35,8883.09,France,8,294,253.8,0.0448,0,5,5,5,Champions,0.0
12986,2011-11-18 11:51:00,2011-03-01 16:11:00,19,4913.91,United Kingdom,22,261,258.63,0.0,0,4,4,4,Champions,0.55
12987,2011-11-27 14:25:00,2011-02-06 08:13:00,18,5312.92,Ireland,13,294,295.16,0.0,0,5,4,4,Champions,0.0
12988,2011-12-02 17:52:00,2011-02-19 12:06:00,16,3275.64,United Kingdom,8,286,204.73,0.0,0,5,4,4,Champions,0.0
12989,2011-11-19 19:57:00,2011-01-23 11:01:00,21,6081.42,France,20,300,289.59,0.0,0,4,4,4,Champions,0.0
12990,2011-11-30 13:14:00,2011-02-09 18:15:00,28,7161.85,United Kingdom,10,293,255.78,0.0,0,5,5,5,Champions,0.0
12991,2011-11-09 19:29:00,2011-02-04 12:46:00,35,8613.35,United Kingdom,31,278,246.1,0.0,0,4,5,5,Champions,0.0
12992,2011-12-05 16:03:00,2011-02-10 13:09:00,19,5518.12,United Kingdom,5,298,290.43,0.0,0,5,4,4,Champions,0.0
12993,2011-12-07 10:51:00,2011-02-27 15:46:00,26,7763.66,United Kingdom,3,282,298.6,0.0276,0,5,5,5,Champions,0.0
12994,2011-11-21 12:14:00,2011-02-11 12:37:00,33,8969.5,United Kingdom,19,282,271.8,0.0276,0,4,5,5,Champions,0.0
12995,2011-12-03 17:14:00,2011-02-06 15:00:00,31,7398.98,United Kingdom,7,300,238.68,0.0027,0,5,5,5,Champions,0.0
12996,2011-11-13 15:29:00,2011-03-07 09:33:00,16,3647.93,United Kingdom,27,251,228.0,0.0,0,4,4,4,Champions,0.447
12997,2011-11-09 14:24:00,2011-01-20 10:53:00,39,9576.19,United Kingdom,31,293,245.54,0.0117,0,4,5,5,Champions,0.0
12998,2011-11-01 18:31:00,2011-01-28 10:34:00,18,5535.83,United Kingdom,39,277,307.55,0.0969,0,3,4,4,Regular,0.0
12999,2011-11-23 12:30:00,2011-01-27 08:19:00,22,5216.98,United Kingdom,17,300,237.14,0.0,0,4,4,4,Champions,0.0
13000,2011-11-22 14:17:00,2011-02-06 15:31:00,32,8228.26,United Kingdom,18,288,257.13,0.0,0,4,5,5,Champions,0.0
13001,2011-11-16 09:46:00,2011-01-30 13:37:00,30,8505.97,Ireland,24,289,283.53,0.0,0,4,5,5,Champions,0.0
13002,2011-12-04 10:43:00,2011-02-16 10:36:00,38,11317.3,United Kingdom,6,291,297.82,0.0391,0,5,5,5,Champions,0.0
13003,2011-11-12 10:52:00,2011-02-03 12:00:00,36,9169.4,United Kingdom,28,281,254.71,0.0449,0,4,5,5,Champions,0.0
13004,2011-12-04 16:16:00,2011-02-07 13:29:00,27,7258.44,United Kingdom,6,300,268.83,0.0543,0,5,5,5,Champions,0.0
13005,2011-12-01 08:48:00,2011-02-10 09:19:00,21,8001.93,United Kingdom,9,293,381.04,0.0439,0,5,4,5,Champions,0.0
13006,2011-12-02 14:39:00,2011-02-10 17:00:00,19,5586.39,United Kingdom,8,294,294.02,0.0,0,5,4,4,Champions,0.0
13007,2011-11-27 13:05:00,2011-02-14 12:58:00,32,9384.07,United Kingdom,13,286,293.25,0.0907,0,5,5,5,Champions,0.0
13008,2011-11-16 12:12:00,2011-01-29 16:35:00,33,9162.5,United Kingdom,24,290,277.65,0.043,0,4,5,5,Champions,0.0
13009,2011-11-28 12:41:00,2011-02-08 18:40:00,32,9120.66,United Kingdom,12,292,285.02,0.0821,0,5,5,5,Champions,0.0
13010,2011-11-27 07:56:00,2011-02-17 17:11:00,22,6138.42,United Kingdom,13,282,279.02,0.1054,0,5,4,4,Champions,0.0
13011,2011-11-10 19:08:00,2011-01-19 13:08:00,18,4819.29,United Kingdom,30,295,267.74,0.0,0,4,4,4,Champions,0.0
13012,2011-11-22 12:22:00,2011-03-19 11:03:00,20,5628.56,United Kingdom,18,248,281.43,0.0,0,4,4,4,Champions,0.759
13013,2011-11-16 13:06:00,2011-01-25 19:12:00,22,5611.4,United Kingdom,24,294,255.06,0.0,0,4,4,4,Champions,0.0
13014,2011-11-29 13:36:00,2011-03-04 17:06:00,17,5825.21,United Kingdom,11,269,342.66,0.0,0,5,4,4,Champions,0.55
13015,2011-11-30 11:46:00,2011-02-09 09:16:00,28,5396.65,United Kingdom,10,294,192.74,0.1125,0,5,5,4,Champions,0.0
13016,2011-11-30 11:45:00,2011-02-16 14:09:00,24,5750.83,Germany,10,286,239.62,0.0833,0,5,5,4,Champions,0.0
13017,2011-11-21 15:32:00,2011-02-20 17:46:00,30,8556.38,United Kingdom,19,273,285.21,0.0438,0,4,5,5,Champions,0.0
13018,2011-11-18 18:17:00,2011-02-18 12:39:00,34,8905.45,United Kingdom,22,273,261.92,0.056,0,4,5,5,Champions,0.0
13019,2011-12-02 13:20:00,2011-03-06 15:39:00,26,7406.43,United Kingdom,8,270,284.86,0.0704,0,5,5,5,Champions,0.19
13020,2011-12-05 19:50:00,2011-02-10 15:11:00,28,7453.6,Portugal,5,298,266.2,0.0,0,5,5,5,Champions,0.0
13021,2011-12-08 09:48:00,2011-02-15 17:42:00,18,4705.03,United Kingdom,2,295,261.39,0.0,0,5,4,4,Champions,0.0
13022,2011-11-23 11:49:00,2011-02-04 15:17:00,35,7005.36,United Kingdom,17,291,200.15,0.0935,0,4,5,5,Champions,0.0
13023,2011-12-03 12:25:00,2011-02-11 08:30:00,37,10299.52,United Kingdom,7,295,278.37,0.0,0,5,5,5,Champions,0.0
13024,2011-11-17 18:38:00,2011-01-22 09:34:00,24,7798.48,United Kingdom,23,299,324.94,0.0,0,4,5,5,Champions,0.0
13025,2011-11-10 13:31:00,2011-01-24 18:30:00,16,3292.98,United Kingdom,30,289,205.81,0.0,0,4,4,4,Champions,0.0
13026,2011-11-17 13:07:00,2011-02-05 10:54:00,18,5532.01,United Kingdom,23,285,307.33,0.0,0,4,4,4,Champions,0.0
13027,2011-11-18 10:40:00,2011-02-04 12:33:00,30,8113.56,Ireland,22,286,270.45,0.0,0,4,5,5,Champions,0.0
13028,2011-11-23 18:13:00,2011-02-02 11:39:00,29,6831.1,United Kingdom,17,294,235.56,0.0529,0,4,5,5,Champions,0.0
13029,2011-12-05 17:51:00,2011-02-09 08:33:00,33,10243.98,United Kingdom,5,299,310.42,0.0321,0,5,5,5,Champions,0.0
13030,2011-11-21 18:21:00,2011-01-29 18:54:00,39,11133.9,United Kingdom,19,295,285.48,0.0372,0,4,5,5,Champions,0.0
13031,2011-11-26 14:30:00,2011-02-11 13:02:00,25,7678.17,United Kingdom,14,288,307.13,0.0,0,5,5,5,Champions,0.0
13032,2011-11-04 15:13:00,2011-01-28 10:36:00,21,4791.11,United Kingdom,36,280,228.15,0.1169,0,3,4,4,Regular,0.0
13033,2011-11-26 19:30:00,2011-02-10 16:14:00,20,5901.88,Germany,14,289,295.09,0.0709,0,5,4,4,Champions,0.0
13034,2011-12-07 07:48:00,2011-03-07 17:40:00,24,8171.65,United Kingdom,3,274,340.49,0.0328,0,5,5,5,Champions,0.0
13035,2011-12-01 12:08:00,2011-02-11 16:53:00,36,8677.03,United Kingdom,9,292,241.03,0.0,0,5,5,5,Champions,0.0
13036,2011-11-30 10:14:00,2011-02-10 10:49:00,39,10381.63,Ireland,10,292,266.2,0.0331,0,5,5,5,Champions,0.0
13037,2011-11-23 15:47:00,2011-01-31 13:37:00,28,6762.35,United Kingdom,17,296,241.51,0.0561,0,4,5,5,Champions,0.0
13038,2011-11-25 19:45:00,2011-02-03 07:11:00,19,5793.6,Belgium,15,295,304.93,0.0669,0,5,4,4,Champions,0.0
13039,2011-12-02 15:32:00,2011-02-16 10:35:00,38,9326.39,United Kingdom,8,289,245.43,0.1079,0,5,5,5,Champions,0.0
13040,2011-11-14 16:54:00,2011-01-21 18:02:00,20,4878.23,France,26,296,243.91,0.0549,0,4,4,4,Champions,0.0
13041,2011-11-30 18:45:00,2011-02-12 13:54:00,31,7643.28,Netherlands,10,291,246.56,0.0,0,5,5,5,Champions,0.0
13042,2011-11-27 13:49:00,2011-02-05 10:21:00,22,6620.32,Ireland,13,295,300.92,0.0,0,5,4,5,Champions,0.0
13043,2011-11-21 13:43:00,2011-02-07 11:21:00,29,6581.41,United Kingdom,19,287,226.95,0.0258,0,4,5,5,Champions,0.0
13044,2011-11-26 13:00:00,2011-02-04 19:09:00,24,7657.5,Belgium,14,294,319.06,0.0108,0,5,5,5,Champions,0.0
13045,2011-12-08 11:54:00,2011-02-25 12:41:00,23,5672.3,United Kingdom,2,285,246.62,0.0864,0,5,5,4,Champions,0.0
13046,2011-12-04 15:09:00,2011-03-07 18:59:00,21,5083.4,Netherlands,6,271,242.07,0.0,0,5,4,4,Champions,0.014
13047,2011-12-07 16:32:00,2011-02-14 12:04:00,26,6167.03,United Kingdom,3,296,237.19,0.0,0,5,5,4,Champions,0.0
13048,2011-11-13 09:42:00,2011-01-21 10:04:00,30,6193.04,United Kingdom,27,295,206.43,0.0,0,4,5,4,Champions,0.0
13049,2011-11-20 19:26:00,2011-02-16 09:14:00,16,4364.73,United Kingdom,20,277,272.8,0.0283,0,4,4,4,Champions,0.0
13050,2011-11-17 13:17:00,2011-02-01 15:44:00,27,7082.94,Netherlands,23,288,262.33,0.0,0,4,5,5,Champions,0.0
13051,2011-11-16 13:06:00,2011-02-07 19:32:00,38,11286.41,Germany,24,281,297.01,0.0407,0,4,5,5,Champions,0.0
13052,2011-11-19 14:16:00,2011-01-24 14:33:00,31,8583.69,Germany,21,298,276.89,0.0,0,4,5,5,Champions,0.0
13053,2011-12-03 11:25:00,2011-02-15 12:13:00,34,8579.73,United Kingdom,7,290,252.34,0.0611,0,5,5,5,Champions,0.0
13054,2011-11-29 19:16:00,2011-02-07 07:54:00,38,10641.6,United Kingdom,11,295,280.04,0.0426,0,5,5,5,Champions,0.0
13055,2011-11-24 13:59:00,2011-02-01 16:03:00,33,9283.22,Netherlands,16,295,281.31,0.0445,0,5,5,5,Champions,0.0
13056,2011-11-12 13:29:00,2011-01-23 19:55:00,30,6942.05,United Kingdom,28,292,231.4,0.0122,0,4,5,5,Champions,0.0
13057,2011-11-28 13:21:00,2011-02-08 10:30:00,17,4731.15,Germany,12,293,278.3,0.0409,0,5,4,4,Champions,0.0
13058,2011-11-25 11:43:00,2011-02-08 18:54:00,32,8344.81,United Kingdom,15,289,260.78,0.0,0,5,5,5,Champions,0.0
13059,2011-11-23 18:53:00,2011-02-04 19:58:00,17,4168.08,Spain,17,291,245.18,0.0485,0,4,4,4,Champions,0.0
13060,2011-12-07 18:52:00,2011-02-23 17:59:00,19,4889.6,France,3,287,257.35,0.095,0,5,4,4,Champions,0.0
13061,2011-11-22 17:35:00,2011-01-26 17:53:00,20,5484.67,United Kingdom,18,299,274.23,0.0496,0,4,4,4,Champions,0.0
13062,2011-11-09 10:38:00,2011-01-25 09:27:00,25,7562.1,United Kingdom,31,288,302.48,0.0,0,4,5,5,Champions,0.0
13063,2011-11-23 17:46:00,2011-01-27 07:30:00,22,5200.34,United Kingdom,17,300,236.38,0.0,0,4,4,4,Champions,0.0
13064,2011-11-14 16:25:00,2011-01-30 13:09:00,29,7506.33,Belgium,26,288,258.84,0.0208,0,4,5,5,Champions,0.0
13065,2011-11-28 14:27:00,2011-02-02 09:21:00,25,5222.86,United Kingdom,12,299,208.91,0.0375,0,5,5,4,Champions,0.0
13066,2011-11-30 08:12:00,2011-02-22 08:34:00,17,4760.36,Ireland,10,280,280.02,0.0,0,5,4,4,Champions,0.0
13067,2011-11-28 14:53:00,2011-03-07 10:02:00,34,8787.86,United Kingdom,12,266,258.47,0.0541,0,5,5,5,Champions,0.19
13068,2011-11-23 09:46:00,2011-01-27 18:18:00,18,4979.18,France,17,299,276.62,0.0,0,4,4,4,Champions,0.0
13069,2011-12-02 16:50:00,2011-02-16 09:07:00,23,5298.5,Ireland,8,289,230.37,0.0528,0,5,5,4,Champions,0.0
13070,2011-12-03 09:33:00,2011-02-07 10:48:00,27,5146.61,Netherlands,7,298,190.62,0.0,0,5,5,4,Champions,0.0
13071,2011-12-01 10:32:00,2011-02-06 08:22:00,32,9086.76,France,9,298,283.96,0.0659,0,5,5,5,Champions,0.0
13072,2011-12-09 18:35:00,2011-02-14 14:59:00,39,10313.02,France,1,298,264.44,0.0,0,5,5,5,Champions,0.0
13073,2011-12-06 11:13:00,2011-02-13 09:47:00,33,8044.02,Germany,4,296,243.76,0.0393,0,5,5,5,Champions,0.0
13074,2011-11-20 12:26:00,2011-02-03 11:01:00,30,9510.47,United Kingdom,20,290,317.02,0.0,0,4,5,5,Champions,0.0
13075,2011-12-01 19:36:00,2011-02-09 07:45:00,23,6602.59,United Kingdom,9,295,287.07,0.0268,0,5,5,5,Champions,0.0
13076,2011-11-16 10:38:00,2011-01-29 18:38:00,25,6798.99,United Kingdom,24,290,271.96,0.0,0,4,5,5,Champions,0.0
13077,2011-11-15 10:47:00,2011-01-24 14:44:00,38,9709.34,United Kingdom,25,294,255.51,0.0,0,4,5,5,Champions,0.0
13078,2011-11-12 18:01:00,2011-01-31 11:14:00,14,2553.21,United Kingdom,28,285,182.37,0.1231,0,4,4,4,Champions,0.0
13079,2011-11-14 08:58:00,2011-01-19 14:17:00,34,7539.14,Germany,26,298,221.74,0.1484,0,4,5,5,Champions,0.05
13080,2011-11-27 16:17:00,2011-02-08 18:27:00,32,9019.53,United Kingdom,13,291,281.86,0.044,0,5,5,5,Champions,0.0
13081,2011-11-23 07:09:00,2011-02-05 11:23:00,39,9712.65,United Kingdom,17,290,249.04,0.0282,0,4,5,5,Champions,0.0
13082,2011-11-27 12:02:00,2011-03-08 17:53:00,17,5182.6,United Kingdom,13,263,304.86,0.1142,0,5,4,4,Champions,0.19
13083,2011-11-17 15:22:00,2011-01-24 14:09:00,37,10270.77,United Kingdom,23,297,277.59,0.0303,0,4,5,5,Champions,0.0
13084,2011-11-28 15:09:00,2011-02-12 13:53:00,35,9429.85,Ireland,12,289,269.42,0.0046,0,5,5,5,Champions,0.0
13085,2011-11-18 17:12:00,2011-02-24 08:49:00,31,7768.81,United Kingdom,22,267,250.61,0.0447,0,4,5,5,Champions,0.19
13086,2011-11-11 16:43:00,2011-01-20 07:05:00,17,5508.16,Germany,29,295,324.01,0.0,0,4,4,4,Champions,0.0
13087,2011-11-13 09:05:00,2011-01-26 11:26:00,26,7871.83,United Kingdom,27,290,302.76,0.0,0,4,5,5,Champions,0.0
13088,2011-11-24 19:27:00,2011-01-31 16:03:00,34,9379.09,Germany,16,297,275.86,0.0482,0,5,5,5,Champions,0.0
13089,2011-11-21 17:42:00,2011-01-30 09:18:00,27,7372.03,United Kingdom,19,295,273.04,0.0,0,4,5,5,Champions,0.0
13090,2011-11-17 08:25:00,2011-01-29 18:37:00,35,10188.09,France,23,291,291.09,0.0,0,4,5,5,Champions,0.0
13091,2011-11-17 16:04:00,2011-02-23 09:51:00,15,3381.48,United Kingdom,23,267,225.43,0.0,0,4,4,4,Champions,0.014
13092,2011-12-02 16:23:00,2011-02-12 07:54:00,29,7598.66,United Kingdom,8,293,262.02,0.0,0,5,5,5,Champions,0.0
13093,2011-11-25 07:23:00,2011-01-29 16:39:00,29,9027.04,United Kingdom,15,299,311.28,0.018,0,5,5,5,Champions,0.0
13094,2011-11-28 10:30:00,2011-02-05 19:09:00,38,8997.5,United Kingdom,12,295,236.78,0.0249,0,5,5,5,Champions,0.0
13095,2011-12-06 19:46:00,2011-03-10 09:05:00,25,7224.93,United Kingdom,4,271,289.0,0.0,0,5,5,5,Champions,0.55
13096,2011-12-04 14:10:00,2011-02-19 14:13:00,14,3371.2,United Kingdom,6,287,240.8,0.0,0,5,4,4,Champions,0.0
13097,2011-12-04 19:43:00,2011-02-13 07:36:00,37,8869.16,Spain,6,294,239.71,0.0,0,5,5,5,Champions,0.0
13098,2011-11-14 07:24:00,2011-02-10 12:17:00,26,6117.06,United Kingdom,26,276,235.27,0.0,0,4,5,4,Champions,0.0
13099,2011-11-27 13:17:00,2011-01-31 10:43:00,40,11965.85,United Kingdom,13,300,299.15,0.0,0,5,5,5,Champions,0.0
13100,2011-11-16 13:33:00,2011-02-02 09:50:00,14,3900.34,United Kingdom,24,287,278.6,0.1156,0,4,4,4,Champions,0.0
13101,2011-11-12 10:00:00,2011-01-17 10:06:00,36,9039.87,France,28,298,251.11,0.1026,0,4,5,5,Champions,0.0
13102,2011-11-26 10:41:00,2011-02-03 11:47:00,29,9838.32,United Kingdom,14,295,339.25,0.0295,0,5,5,5,Champions,0.0
13103,2011-11-13 07:05:00,2011-01-30 11:17:00,23,5926.12,United Kingdom,27,286,257.66,0.0372,0,4,5,4,Champions,0.0
13104,2011-12-04 17:51:00,2011-02-18 07:08:00,20,5844.14,Spain,6,289,292.21,0.0222,0,5,4,4,Champions,0.0
13105,2011-12-02 09:27:00,2011-02-15 16:49:00,39,12525.28,Spain,8,289,321.16,0.0,0,5,5,5,Champions,0.0
13106,2011-11-22 15:52:00,2011-03-15 10:04:00,14,2843.63,United Kingdom,18,252,203.12,0.0417,0,4,4,4,Champions,0.447
13107,2011-11-19 13:59:00,2011-02-01 15:08:00,24,5353.86,United Kingdom,21,290,223.08,0.0433,0,4,5,4,Champions,0.0
13108,2011-11-28 13:15:00,2011-02-01 14:39:00,32,9254.4,United Kingdom,12,299,289.2,0.0225,0,5,5,5,Champions,0.0
13109,2011-11-14 15:13:00,2011-01-27 11:43:00,34,8234.55,United Kingdom,26,291,242.19,0.0544,0,4,5,5,Champions,0.0
13110,2011-11-22 14:41:00,2011-01-30 09:14:00,20,6274.02,United Kingdom,18,296,313.7,0.0394,0,4,4,5,Champions,0.0
13111,2011-11-09 11:47:00,2011-01-30 15:32:00,34,9224.85,Spain,31,282,271.32,0.0243,0,4,5,5,Champions,0.0
13112,2011-11-13 15:42:00,2011-02-05 14:56:00,22,5870.65,Belgium,27,281,266.85,0.0,0,4,4,4,Champions,0.0
13113,2011-11-16 19:57:00,2011-02-10 10:30:00,36,9251.48,United Kingdom,23,279,256.99,0.0115,0,4,5,5,Champions,0.0
13114,2011-11-28 07:07:00,2011-06-02 09:33:00,14,3643.24,United Kingdom,12,178,260.23,0.0788,0,5,4,4,Champions,0.993
13115,2011-12-07 13:17:00,2011-02-28 13:31:00,25,6669.89,Spain,3,281,266.8,0.0345,0,5,5,5,Champions,0.0
13116,2011-11-23 08:02:00,2011-01-27 17:12:00,37,9156.31,Germany,17,299,247.47,0.0092,0,4,5,5,Champions,0.0
13117,2011-12-05 10:17:00,2011-02-10 13:58:00,20,5963.37,United Kingdom,5,297,298.17,0.012,0,5,4,4,Champions,0.0
13118,2011-11-11 10:51:00,2011-01-23 12:49:00,23,5470.65,United Kingdom,29,291,237.85,0.0,0,4,5,4,Champions,0.0
13119,2011-12-08 19:11:00,2011-03-23 12:31:00,16,4648.37,United Kingdom,2,260,290.52,0.0,0,5,4,4,Champions,0.759
13120,2011-12-02 07:43:00,2011-02-08 18:07:00,16,4043.95,United Kingdom,8,296,252.75,0.0,0,5,4,4,Champions,0.0
13121,2011-11-28 10:13:00,2011-02-01 12:39:00,37,10879.59,United Kingdom,12,299,294.04,0.0138,0,5,5,5,Champions,0.0
13122,2011-11-29 08:52:00,2011-02-24 12:59:00,27,5115.05,France,11,277,189.45,0.0,0,5,5,4,Champions,0.0
13123,2011-11-14 19:52:00,2011-01-23 12:41:00,27,6513.18,United Kingdom,26,295,241.23,0.0833,0,4,5,5,Champions,0.0
13124,2011-11-25 10:34:00,2011-02-04 10:58:00,27,6320.07,Portugal,15,293,234.08,0.037,0,5,5,5,Champions,0.0
13125,2011-11-30 10:30:00,2011-03-19 18:59:00,26,6897.4,United Kingdom,10,255,265.28,0.0429,0,5,5,5,Champions,0.447
13126,2011-12-05 13:17:00,2011-03-09 12:11:00,31,7794.08,Germany,5,271,251.42,0.0429,0,5,5,5,Champions,0.19
13127,2011-11-19 09:30:00,2011-02-07 13:25:00,30,8113.64,Germany,21,284,270.45,0.0,0,4,5,5,Champions,0.0
13128,2011-12-07 08:19:00,2011-02-22 09:55:00,28,5536.04,Germany,3,287,197.72,0.033,0,5,5,4,Champions,0.0
13129,2011-11-27 15:26:00,2011-02-13 11:01:00,31,8726.3,United Kingdom,13,287,281.49,0.019,0,5,5,5,Champions,0.0
13130,2011-11-25 13:59:00,2011-01-31 19:34:00,34,9092.43,United Kingdom,15,297,267.42,0.0553,0,5,5,5,Champions,0.0
13131,2011-11-17 18:56:00,2011-02-27 17:32:00,14,3624.05,Ireland,23,263,258.86,0.1263,0,4,4,4,Champions,0.19
13132,2011-11-12 16:45:00,2011-03-14 07:57:00,16,3433.88,United Kingdom,28,243,214.62,0.0,0,4,4,4,Champions,0.65
13133,2011-11-28 11:05:00,2011-02-02 12:14:00,24,5963.51,United Kingdom,12,298,248.48,0.0514,0,5,5,4,Champions,0.0
13134,2011-11-21 09:59:00,2011-02-23 12:47:00,19,5627.46,United Kingdom,19,270,296.18,0.0566,0,4,4,4,Champions,0.19
13135,2011-11-17 08:05:00,2011-02-13 15:49:00,15,4362.34,Germany,23,276,290.82,0.0959,0,4,4,4,Champions,0.0
13136,2011-12-01 15:53:00,2011-02-05 18:57:00,28,8637.49,Spain,9,298,308.48,0.0,0,5,5,5,Champions,0.0
13137,2011-11-18 11:06:00,2011-02-04 07:35:00,30,7709.86,France,22,287,257.0,0.027,0,4,5,5,Champions,0.0
13138,2011-11-23 08:04:00,2011-02-05 15:10:00,33,7046.0,United Kingdom,17,290,213.52,0.0,0,4,5,5,Champions,0.0
13139,2011-11-17 18:46:00,2011-02-08 19:48:00,28,7188.04,Germany,23,281,256.72,0.0,0,4,5,5,Champions,0.0
13140,2011-12-02 08:36:00,2011-02-06 17:33:00,26,6275.34,Ireland,8,298,241.36,0.0,0,5,5,5,Champions,0.0
13141,2011-11-15 12:48:00,2011-02-06 09:04:00,20,4933.48,United Kingdom,25,282,246.67,0.0,0,4,4,4,Champions,0.0
13142,2011-11-15 10:31:00,2011-01-27 14:15:00,22,6176.85,United Kingdom,25,291,280.77,0.0,0,4,4,4,Champions,0.0
13143,2011-11-15 18:58:00,2011-01-20 16:46:00,27,6901.51,United Kingdom,25,299,255.61,0.0712,0,4,5,5,Champions,0.0
13144,2011-11-20 12:29:00,2011-02-07 17:04:00,35,10389.25,United Kingdom,20,285,296.84,0.0,0,4,5,5,Champions,0.0
13145,2011-11-25 14:29:00,2011-02-07 14:54:00,12,2668.17,United Kingdom,15,290,222.35,0.1429,0,5,3,4,Regular,0.0
13146,2011-11-15 09:49:00,2011-01-21 08:49:00,27,6133.75,United Kingdom,25,298,227.18,0.0,0,4,5,4,Champions,0.0
13147,2011-11-16 09:09:00,2011-01-23 11:43:00,34,9243.8,France,24,296,271.88,0.0,0,4,5,5,Champions,0.0
13148,2011-11-26 15:21:00,2011-02-01 12:42:00,32,7214.19,United Kingdom,14,298,225.44,0.0896,0,5,5,5,Champions,0.0
13149,2011-11-18 19:47:00,2011-01-22 16:49:00,12,4219.56,France,22,300,351.63,0.1928,0,4,3,4,Regular,0.05
13150,2011-12-08 18:59:00,2011-03-05 08:20:00,25,7296.21,United Kingdom,2,278,291.85,0.0,0,5,5,5,Champions,0.0
13151,2011-12-05 12:23:00,2011-02-10 17:53:00,18,4492.26,France,5,297,249.57,0.0,0,5,4,4,Champions,0.0
13152,2011-11-30 17:49:00,2011-02-04 10:47:00,23,6701.26,United Kingdom,10,299,291.36,0.0,0,5,5,5,Champions,0.0
13153,2011-12-08 14:19:00,2011-03-10 07:11:00,27,8709.6,United Kingdom,2,273,322.58,0.0711,0,5,5,5,Champions,0.0
13154,2011-11-23 10:27:00,2011-02-19 18:13:00,28,7081.43,Netherlands,17,276,252.91,0.0,0,4,5,5,Champions,0.0
13155,2011-11-16 08:27:00,2011-01-27 15:06:00,34,9297.45,United Kingdom,24,292,273.45,0.0,0,4,5,5,Champions,0.0
13156,2011-11-30 19:52:00,2011-03-08 13:39:00,16,4508.11,United Kingdom,10,267,281.76,0.0,0,5,4,4,Champions,0.55
13157,2011-10-29 15:22:00,2011-02-15 07:52:00,30,7313.39,United Kingdom,42,256,243.78,0.0299,0,3,5,5,Regular,0.447
13158,2011-11-23 14:30:00,2011-01-29 16:26:00,16,4044.82,United Kingdom,17,297,252.8,0.1302,0,4,4,4,Champions,0.0
13159,2011-12-06 09:15:00,2011-02-23 09:33:00,18,4681.25,United Kingdom,4,285,260.07,0.0,0,5,4,4,Champions,0.0
13160,2011-11-24 18:14:00,2011-01-31 16:23:00,26,6610.18,Portugal,16,297,254.24,0.0,0,5,5,5,Champions,0.0
13161,2011-11-13 12:19:00,2011-01-28 11:12:00,24,7198.97,United Kingdom,27,289,299.96,0.0896,0,4,5,5,Champions,0.0
13162,2011-11-19 10:00:00,2011-02-04 07:45:00,38,12673.89,Ireland,21,288,333.52,0.0,0,4,5,5,Champions,0.0
13163,2011-12-09 07:57:00,2011-02-22 18:25:00,19,4751.05,United Kingdom,1,289,250.06,0.0576,0,5,4,4,Champions,0.0
13164,2011-12-01 13:41:00,2011-02-22 09:35:00,20,5528.39,United Kingdom,9,282,276.42,0.0278,0,5,4,4,Champions,0.0
13165,2011-11-26 18:57:00,2011-01-31 07:41:00,16,3950.81,United Kingdom,14,299,246.93,0.0,0,5,4,4,Champions,0.0
13166,2011-11-27 07:22:00,2011-02-05 18:42:00,17,5468.97,United Kingdom,13,294,321.7,0.0,0,5,4,4,Champions,0.0
13167,2011-12-01 14:19:00,2011-02-09 09:42:00,21,4093.82,United Kingdom,9,295,194.94,0.0,0,5,4,4,Champions,0.0
13168,2011-12-09 19:26:00,2011-02-15 13:10:00,32,8199.13,United Kingdom,1,297,256.22,0.0,0,5,5,5,Champions,0.0
13169,2011-11-23 11:42:00,2011-01-28 16:08:00,38,12346.83,United Kingdom,17,298,324.92,0.0,0,4,5,5,Champions,0.0
13170,2011-11-10 10:52:00,2011-01-18 07:43:00,32,8796.54,United Kingdom,30,296,274.89,0.0867,0,4,5,5,Champions,0.0
13171,2011-11-19 17:18:00,2011-02-01 09:16:00,16,3759.8,United Kingdom,21,291,234.99,0.0741,0,4,4,4,Champions,0.0
13172,2011-12-02 19:11:00,2011-02-11 08:07:00,21,5518.41,United Kingdom,8,294,262.78,0.0,0,5,4,4,Champions,0.0
13173,2011-12-07 17:45:00,2011-02-12 16:01:00,34,9151.23,United Kingdom,3,298,269.15,0.0045,0,5,5,5,Champions,0.0
13174,2011-11-10 12:05:00,2011-02-20 07:07:00,29,7953.98,United Kingdom,30,263,274.28,0.0,0,4,5,5,Champions,0.55
13175,2011-11-16 16:37:00,2011-02-16 09:17:00,24,5390.9,United Kingdom,24,273,224.62,0.0,0,4,5,4,Champions,0.0
13176,2011-11-24 13:19:00,2011-02-07 09:34:00,33,9833.99,United Kingdom,16,290,298.0,0.0286,0,5,5,5,Champions,0.0
13177,2011-11-11 11:07:00,2011-01-17 08:35:00,33,9746.58,United Kingdom,29,298,295.35,0.0382,0,4,5,5,Champions,0.0
13178,2011-12-05 17:45:00,2011-02-21 12:21:00,34,8571.34,Ireland,5,287,252.1,0.0667,0,5,5,5,Champions,0.0
13179,2011-12-03 19:04:00,2011-03-13 09:12:00,27,6795.42,United Kingdom,7,265,251.68,0.0308,0,5,5,5,Champions,0.19
13180,2011-11-15 07:23:00,2011-01-20 08:19:00,25,6609.58,United Kingdom,25,298,264.38,0.0,0,4,5,5,Champions,0.0
13181,2011-12-09 07:20:00,2011-03-03 19:17:00,34,7644.27,Spain,1,280,224.83,0.0,0,5,5,5,Champions,0.0
13182,2011-11-13 07:29:00,2011-01-23 10:36:00,33,8800.28,United Kingdom,27,293,266.68,0.0,0,4,5,5,Champions,0.0
13183,2011-12-07 16:39:00,2011-02-10 12:33:00,32,7667.6,United Kingdom,3,300,239.61,0.0,0,5,5,5,Champions,0.0
13184,2011-11-24 19:50:00,2011-03-23 07:16:00,19,4804.72,United Kingdom,16,246,252.88,0.0,0,5,4,4,Champions,0.447
13185,2011-11-14 07:07:00,2011-01-24 19:55:00,34,7441.66,United Kingdom,26,293,218.87,0.0302,0,4,5,5,Champions,0.0
13186,2011-11-15 11:40:00,2011-01-31 15:08:00,30,7618.96,Ireland,25,287,253.97,0.0,0,4,5,5,Champions,0.0
13187,2011-11-14 17:05:00,2011-01-18 17:22:00,22,6441.04,Germany,26,299,292.77,0.0,0,4,4,5,Champions,0.0
13188,2011-12-07 15:02:00,2011-02-22 12:07:00,31,9359.98,United Kingdom,3,288,301.93,0.0476,0,5,5,5,Champions,0.0
13189,2011-11-15 19:56:00,2011-01-25 16:15:00,25,6519.17,United Kingdom,24,294,260.77,0.0,0,4,5,5,Champions,0.0
13190,2011-12-01 10:46:00,2011-02-16 15:24:00,21,4723.3,United Kingdom,9,287,224.92,0.0675,0,5,4,4,Champions,0.0
13191,2011-12-09 16:08:00,2011-03-08 08:08:00,35,7917.26,Netherlands,1,276,226.21,0.0848,0,5,5,5,Champions,0.0
13192,2011-11-22 19:00:00,2011-02-22 09:41:00,16,4002.86,United Kingdom,18,273,250.18,0.0,0,4,4,4,Champions,0.0
13193,2011-12-07 08:01:00,2011-02-12 14:59:00,36,8612.08,United Kingdom,3,297,239.22,0.0397,0,5,5,5,Champions,0.0
13194,2011-11-24 13:52:00,2011-02-05 13:33:00,28,6777.03,United Kingdom,16,292,242.04,0.0,0,5,5,5,Champions,0.0
13195,2011-11-24 14:37:00,2011-02-24 10:49:00,18,5502.24,United Kingdom,16,273,305.68,0.0,0,5,4,4,Champions,0.0
13196,2011-11-22 09:24:00,2011-02-10 18:10:00,32,7482.3,United Kingdom,18,284,233.82,0.0118,0,4,5,5,Champions,0.0
13197,2011-12-04 08:46:00,2011-02-09 13:47:00,37,9074.68,United Kingdom,6,297,245.26,0.0167,0,5,5,5,Champions,0.0
13198,2011-11-26 08:10:00,2011-02-23 09:18:00,15,3569.28,United Kingdom,14,275,237.95,0.0,0,5,4,4,Champions,0.0
13199,2011-12-02 09:02:00,2011-02-28 16:49:00,28,8426.05,United Kingdom,8,276,300.93,0.0222,0,5,5,5,Champions,0.0
13200,2011-11-15 13:44:00,2011-02-15 10:56:00,23,5092.7,United Kingdom,25,273,221.42,0.0,0,4,5,4,Champions,0.0
13201,2011-11-13 14:19:00,2011-01-18 11:43:00,33,8609.84,France,27,299,260.9,0.1326,0,4,5,5,Champions,0.0
13202,2011-11-11 17:07:00,2011-01-22 15:00:00,37,9290.46,United Kingdom,29,293,251.09,0.0,0,4,5,5,Champions,0.0
13203,2011-10-16 10:02:00,2011-02-11 14:51:00,19,5693.36,United Kingdom,55,246,299.65,0.0496,0,3,4,4,Regular,0.759
13204,2011-11-20 18:51:00,2011-02-27 09:03:00,21,6197.97,United Kingdom,20,266,295.14,0.0351,0,4,4,4,Champions,0.19
13205,2011-11-11 17:29:00,2011-01-15 14:41:00,16,5216.09,Spain,29,300,326.01,0.0531,0,4,4,4,Champions,0.0
13206,2011-11-23 17:57:00,2011-04-14 07:22:00,17,5128.19,United Kingdom,17,223,301.66,0.0,0,4,4,4,Champions,0.65
13207,2011-12-04 14:14:00,2011-02-08 14:14:00,30,8725.62,United Kingdom,6,299,290.85,0.0,0,5,5,5,Champions,0.0
13208,2011-11-20 09:31:00,2011-02-07 14:28:00,33,9786.19,United Kingdom,20,285,296.55,0.0581,0,4,5,5,Champions,0.0
13209,2011-11-24 09:49:00,2011-02-03 07:43:00,38,10107.65,United Kingdom,16,294,265.99,0.0482,0,5,5,5,Champions,0.0
13210,2011-12-04 19:16:00,2011-02-09 09:55:00,31,7910.15,United Kingdom,6,298,255.17,0.0821,0,5,5,5,Champions,0.0
13211,2011-12-09 13:53:00,2011-02-18 08:19:00,27,7188.94,United Kingdom,1,294,266.26,0.0,0,5,5,5,Champions,0.0
13212,2011-12-05 10:25:00,2011-02-13 14:24:00,24,5922.82,United Kingdom,5,294,246.78,0.0,0,5,5,4,Champions,0.0
13213,2011-12-08 16:32:00,2011-02-14 16:08:00,17,4265.54,United Kingdom,2,297,250.91,0.0,0,5,4,4,Champions,0.0
13214,2011-12-02 18:40:00,2011-02-10 12:04:00,19,4878.42,United Kingdom,8,295,256.76,0.0,0,5,4,4,Champions,0.0
13215,2011-11-27 18:42:00,2011-02-21 18:55:00,17,4392.48,Belgium,13,278,258.38,0.0531,0,5,4,4,Champions,0.0
13216,2011-11-27 12:35:00,2011-02-25 17:56:00,18,4155.72,United Kingdom,13,274,230.87,0.0,0,5,4,4,Champions,0.0
13217,2011-12-01 08:58:00,2011-02-16 09:18:00,25,6418.72,United Kingdom,9,287,256.75,0.0,0,5,5,5,Champions,0.0
13218,2011-11-20 17:25:00,2011-01-25 17:35:00,18,5196.59,United Kingdom,20,298,288.7,0.0,0,4,4,4,Champions,0.0
13219,2011-11-25 17:01:00,2011-03-03 11:25:00,17,5510.71,United Kingdom,15,267,324.16,0.0,0,5,4,4,Champions,0.55
13220,2011-12-02 08:50:00,2011-02-14 19:47:00,32,8635.25,Netherlands,8,290,269.85,0.0246,0,5,5,5,Champions,0.0
13221,2011-11-25 10:21:00,2011-01-29 12:03:00,29,7831.84,United Kingdom,15,299,270.06,0.0,0,5,5,5,Champions,0.0
13222,2011-11-29 15:03:00,2011-02-14 11:28:00,23,5595.52,Spain,11,288,243.28,0.0,0,5,5,4,Champions,0.0
13223,2011-11-24 12:03:00,2011-02-02 08:38:00,37,10351.76,United Kingdom,16,295,279.78,0.0,0,5,5,5,Champions,0.0
13224,2011-11-12 07:30:00,2011-01-23 15:43:00,15,5391.44,United Kingdom,28,292,359.43,0.0,0,4,4,4,Champions,0.0
13225,2011-11-23 17:18:00,2011-02-05 14:25:00,29,9743.43,United Kingdom,17,291,335.98,0.0,0,4,5,5,Champions,0.0
13226,2011-11-27 07:51:00,2011-02-10 09:42:00,25,6598.8,United Kingdom,13,289,263.95,0.0317,0,5,5,5,Champions,0.0
13227,2011-12-04 12:02:00,2011-02-14 16:14:00,16,4569.11,United Kingdom,6,292,285.57,0.0,0,5,4,4,Champions,0.0
13228,2011-11-21 12:26:00,2011-02-17 11:35:00,38,9898.07,United Kingdom,19,277,260.48,0.023,0,4,5,5,Champions,0.0
13229,2011-12-07 07:44:00,2011-02-24 12:28:00,17,4987.28,Ireland,3,285,293.37,0.0,0,5,4,4,Champions,0.0
13230,2011-11-09 16:27:00,2011-01-23 17:09:00,16,4283.54,United Kingdom,31,289,267.72,0.0498,0,4,4,4,Champions,0.0
13231,2011-12-03 08:07:00,2011-02-15 19:22:00,22,5826.04,United Kingdom,7,290,264.82,0.0,0,5,4,4,Champions,0.0
13232,2011-11-15 14:35:00,2011-01-21 15:54:00,38,10227.77,United Kingdom,25,297,269.15,0.0124,0,4,5,5,Champions,0.0
13233,2011-11-26 17:19:00,2011-02-06 15:53:00,39,10847.43,Belgium,14,293,278.14,0.039,0,5,5,5,Champions,0.0
13234,2011-11-19 16:38:00,2011-01-29 08:14:00,31,7567.22,United Kingdom,21,294,244.1,0.0113,0,4,5,5,Champions,0.0
13235,2011-11-19 16:29:00,2011-02-02 10:03:00,17,4452.17,United Kingdom,21,290,261.89,0.0,0,4,4,4,Champions,0.0
13236,2011-11-16 12:59:00,2011-01-31 11:53:00,39,11736.85,United Kingdom,24,289,300.94,0.0,0,4,5,5,Champions,0.0
13237,2011-11-14 19:32:00,2011-01-27 16:20:00,37,11848.74,United Kingdom,26,291,320.24,0.0283,0,4,5,5,Champions,0.0
13238,2011-11-25 08:51:00,2011-01-29 09:40:00,22,6263.68,United Kingdom,15,299,284.71,0.0,0,5,4,5,Champions,0.0
13239,2011-11-29 09:31:00,2011-02-02 15:25:00,32,8058.39,France,11,299,251.82,0.0,0,5,5,5,Champions,0.0
13240,2011-11-10 10:27:00,2011-02-27 15:51:00,21,6093.81,United Kingdom,30,255,290.18,0.0383,0,4,4,4,Champions,0.759
13241,2011-11-16 10:30:00,2011-01-20 14:48:00,34,9652.7,Germany,24,299,283.9,0.0,0,4,5,5,Champions,0.0
13242,2011-12-06 11:43:00,2011-02-15 11:00:00,19,5972.0,United Kingdom,4,294,314.32,0.0112,0,5,4,4,Champions,0.0
13243,2011-11-21 08:08:00,2011-01-25 14:36:00,18,4722.4,United Kingdom,19,299,262.36,0.0422,0,4,4,4,Champions,0.0
13244,2011-12-05 12:02:00,2011-02-19 15:36:00,31,8635.04,United Kingdom,5,288,278.55,0.04,0,5,5,5,Champions,0.0
13245,2011-12-05 08:44:00,2011-02-13 17:29:00,19,5415.11,United Kingdom,5,294,285.01,0.0896,0,5,4,4,Champions,0.0
13246,2011-12-08 07:05:00,2011-02-20 17:17:00,37,8324.23,United Kingdom,2,290,224.98,0.0,0,5,5,5,Champions,0.0
13247,2011-11-29 14:52:00,2011-02-14 10:31:00,31,8002.5,United Kingdom,11,288,258.15,0.0,0,5,5,5,Champions,0.0
13248,2011-11-30 14:12:00,2011-02-12 13:48:00,36,9380.02,United Kingdom,10,291,260.56,0.0,0,5,5,5,Champions,0.0
13249,2011-11-21 12:53:00,2011-02-05 14:04:00,29,7754.2,Portugal,19,288,267.39,0.0027,0,4,5,5,Champions,0.0
13250,2011-11-19 14:34:00,2011-01-23 17:04:00,16,5110.41,United Kingdom,21,299,319.4,0.0271,0,4,4,4,Champions,0.0
13251,2011-11-09 19:39:00,2011-01-14 07:36:00,34,7771.14,United Kingdom,31,299,228.56,0.0733,0,4,5,5,Champions,0.0
13252,2011-12-02 19:08:00,2011-02-11 16:58:00,19,6096.58,United Kingdom,8,294,320.87,0.0,0,5,4,4,Champions,0.0
13253,2011-12-02 15:51:00,2011-02-11 08:23:00,36,10248.84,Belgium,8,294,284.69,0.0331,0,5,5,5,Champions,0.0
13254,2011-11-25 10:13:00,2011-01-31 19:39:00,28,8874.36,Germany,15,297,316.94,0.0,0,5,5,5,Champions,0.0
13255,2011-11-11 18:22:00,2011-01-25 11:00:00,38,9190.79,United Kingdom,29,290,241.86,0.0,0,4,5,5,Champions,0.0
13256,2011-12-07 08:23:00,2011-02-17 15:40:00,35,7916.22,Ireland,3,292,226.18,0.0028,0,5,5,5,Champions,0.0
13257,2011-11-10 18:38:00,2011-01-17 18:22:00,20,5925.04,Ireland,30,297,296.25,0.1026,0,4,4,4,Champions,0.0
13258,2011-11-25 12:24:00,2011-03-17 08:38:00,14,2934.19,United Kingdom,15,253,209.58,0.0774,0,5,4,4,Champions,0.447
13259,2011-11-28 11:20:00,2011-02-07 10:22:00,21,6452.19,Netherlands,12,294,307.25,0.0345,0,5,4,5,Champions,0.0
13260,2011-11-26 19:49:00,2011-02-03 07:32:00,28,7391.31,United Kingdom,14,296,263.98,0.0238,0,5,5,5,Champions,0.0
13261,2011-12-05 07:27:00,2011-02-24 15:31:00,18,4521.11,United Kingdom,5,283,251.17,0.0,0,5,4,4,Champions,0.0
13262,2011-11-15 17:41:00,2011-01-21 13:18:00,33,9770.16,Spain,25,298,296.07,0.0,0,4,5,5,Champions,0.0
13263,2011-11-26 18:37:00,2011-02-15 08:11:00,15,3976.77,United Kingdom,14,284,265.12,0.0829,0,5,4,4,Champions,0.0
13264,2011-11-28 14:30:00,2011-02-07 18:30:00,34,9965.62,United Kingdom,12,293,293.11,0.0,0,5,5,5,Champions,0.0
13265,2011-11-27 12:27:00,2011-02-02 19:30:00,32,8093.18,Germany,13,297,252.91,0.0,0,5,5,5,Champions,0.0
13266,2011-11-13 18:41:00,2011-01-18 14:42:00,38,9524.77,Belgium,27,299,250.65,0.0,0,4,5,5,Champions,0.0
13267,2011-11-21 13:27:00,2011-01-27 15:17:00,18,3830.4,United Kingdom,19,297,212.8,0.0,0,4,4,4,Champions,0.0
13268,2011-12-03 16:22:00,2011-02-24 17:03:00,22,6119.46,Germany,7,281,278.16,0.0,0,5,4,4,Champions,0.0
13269,2011-12-08 16:12:00,2011-02-13 16:47:00,35,9016.57,United Kingdom,2,297,257.62,0.0162,0,5,5,5,Champions,0.0
13270,2011-11-25 16:21:00,2011-02-14 15:24:00,31,7275.8,United Kingdom,15,284,234.7,0.0114,0,5,5,5,Champions,0.0
13271,2011-11-17 13:12:00,2011-02-05 16:54:00,36,10608.57,United Kingdom,23,284,294.68,0.0137,0,4,5,5,Champions,0.0
13272,2011-11-25 14:28:00,2011-01-31 07:00:00,17,4512.15,Ireland,15,298,265.42,0.0,0,5,4,4,Champions,0.0
13273,2011-12-07 16:12:00,2011-02-16 08:56:00,39,10785.58,United Kingdom,3,294,276.55,0.0207,0,5,5,5,Champions,0.0
13274,2011-11-11 18:18:00,2011-01-17 16:41:00,19,5815.61,United Kingdom,29,298,306.08,0.0,0,4,4,4,Champions,0.0
13275,2011-12-06 18:41:00,2011-02-25 12:14:00,17,5671.07,United Kingdom,4,284,333.59,0.0,0,5,4,4,Champions,0.0
13276,2011-12-06 14:36:00,2011-02-19 07:34:00,35,9440.35,United Kingdom,4,290,269.72,0.0605,0,5,5,5,Champions,0.0
13277,2011-12-02 09:19:00,2011-02-14 19:32:00,17,3745.02,United Kingdom,8,290,220.3,0.0,0,5,4,4,Champions,0.0
13278,2011-12-01 13:58:00,2011-03-08 07:36:00,33,9007.81,United Kingdom,9,268,272.96,0.0351,0,5,5,5,Champions,0.19
13279,2011-11-22 17:15:00,2011-02-06 16:21:00,32,7286.59,United Kingdom,18,289,227.71,0.0219,0,4,5,5,Champions,0.0
13280,2011-12-03 17:32:00,2011-03-12 16:18:00,21,5295.91,United Kingdom,7,266,252.19,0.0,0,5,4,4,Champions,0.55
13281,2011-11-11 14:33:00,2011-01-17 11:14:00,26,6540.01,Spain,29,298,251.54,0.0519,0,4,5,5,Champions,0.0
13282,2011-11-14 12:27:00,2011-01-20 10:10:00,40,10824.3,Spain,26,298,270.61,0.0,0,4,5,5,Champions,0.0
13283,2011-11-26 11:54:00,2011-02-05 12:02:00,34,10333.35,Germany,14,293,303.92,0.0376,0,5,5,5,Champions,0.0
13284,2011-11-12 09:52:00,2011-02-26 17:53:00,21,6400.99,United Kingdom,28,258,304.81,0.0,0,4,4,5,Champions,0.759
13285,2011-11-17 17:39:00,2011-02-09 19:51:00,23,6894.4,United Kingdom,23,280,299.76,0.0516,0,4,5,5,Champions,0.0
13286,2011-11-14 17:19:00,2011-01-19 17:21:00,37,9906.31,Germany,26,298,267.74,0.0,0,4,5,5,Champions,0.0
13287,2011-11-11 19:58:00,2011-01-29 17:49:00,17,4114.66,United Kingdom,28,286,242.04,0.0,0,4,4,4,Champions,0.0
13288,2011-11-15 19:11:00,2011-01-21 11:38:00,20,5780.65,United Kingdom,25,298,289.03,0.0,0,4,4,4,Champions,0.0
13289,2011-12-06 14:58:00,2011-02-27 12:51:00,35,9346.49,United Kingdom,4,282,267.04,0.0,0,5,5,5,Champions,0.0
13290,2011-11-28 08:35:00,2011-02-03 07:36:00,38,10782.56,Ireland,12,298,283.75,0.03,0,5,5,5,Champions,0.0
13291,2011-11-22 19:22:00,2011-02-08 11:59:00,30,8046.28,France,18,287,268.21,0.0446,0,4,5,5,Champions,0.0
13292,2011-12-05 16:37:00,2011-02-12 19:54:00,30,8901.25,United Kingdom,5,295,296.71,0.0172,0,5,5,5,Champions,0.0
13293,2011-11-28 17:53:00,2011-02-25 11:26:00,15,4581.91,United Kingdom,12,276,305.46,0.0209,0,5,4,4,Champions,0.0
13294,2011-11-21 12:01:00,2011-03-08 16:28:00,35,10993.71,United Kingdom,19,257,314.11,0.0421,0,4,5,5,Champions,0.759
13295,2011-11-29 19:39:00,2011-02-09 11:18:00,35,9322.87,Germany,11,293,266.37,0.0278,0,5,5,5,Champions,0.0
13296,2011-12-04 15:56:00,2011-02-07 18:18:00,33,9316.69,United Kingdom,6,299,282.32,0.0,0,5,5,5,Champions,0.0
13297,2011-12-06 09:30:00,2011-02-11 14:33:00,20,5022.98,United Kingdom,4,297,251.15,0.0719,0,5,4,4,Champions,0.0
13298,2011-12-05 17:24:00,2011-02-24 10:03:00,24,6166.86,United Kingdom,5,284,256.95,0.0,0,5,5,4,Champions,0.0
13299,2011-11-19 10:44:00,2011-02-06 08:44:00,28,8114.73,United Kingdom,21,286,289.81,0.0,0,4,5,5,Champions,0.0
13300,2011-11-29 18:42:00,2011-02-12 17:06:00,37,10270.62,United Kingdom,11,290,277.58,0.0197,0,5,5,5,Champions,0.0
13301,2011-11-27 11:54:00,2011-02-14 07:07:00,28,6890.97,Ireland,13,286,246.11,0.0597,0,5,5,5,Champions,0.0
13302,2011-11-27 12:57:00,2011-02-04 16:40:00,25,6470.27,United Kingdom,13,295,258.81,0.1088,0,5,5,5,Champions,0.0
13303,2011-12-01 09:33:00,2011-02-09 08:44:00,16,4444.21,United Kingdom,9,295,277.76,0.0,0,5,4,4,Champions,0.0
13304,2011-12-03 15:27:00,2011-02-12 15:33:00,35,9248.59,United Kingdom,7,293,264.25,0.0608,0,5,5,5,Champions,0.0
13305,2011-11-21 11:45:00,2011-02-03 16:31:00,39,9262.83,Belgium,19,290,237.51,0.0,0,4,5,5,Champions,0.0
13306,2011-11-10 13:48:00,2011-01-29 08:47:00,19,4618.39,United Kingdom,30,285,243.07,0.1096,0,4,4,4,Champions,0.0
13307,2011-11-23 12:51:00,2011-01-28 18:02:00,14,3542.79,United Kingdom,17,298,253.06,0.011,0,4,4,4,Champions,0.0
13308,2011-11-17 16:07:00,2011-01-24 10:11:00,17,5739.66,United Kingdom,23,297,337.63,0.0,0,4,4,4,Champions,0.0
13309,2011-11-18 15:47:00,2011-01-31 09:50:00,21,6933.9,Ireland,22,291,330.19,0.0394,0,4,4,5,Champions,0.0
13310,2011-11-18 12:15:00,2011-01-27 10:26:00,15,4903.38,United Kingdom,22,295,326.89,0.0,0,4,4,4,Champions,0.0
13311,2011-11-09 13:02:00,2011-01-18 08:11:00,20,5479.69,United Kingdom,31,295,273.98,0.0042,0,4,4,4,Champions,0.0
13312,2011-11-14 09:30:00,2011-01-22 09:00:00,36,9617.14,United Kingdom,26,296,267.14,0.0,0,4,5,5,Champions,0.0
13313,2011-11-11 07:18:00,2011-01-31 13:19:00,15,3836.32,United Kingdom,29,283,255.75,0.0,0,4,4,4,Champions,0.0
13314,2011-11-18 10:52:00,2011-01-27 16:36:00,15,4837.99,United Kingdom,22,294,322.53,0.0,0,4,4,4,Champions,0.0
13315,2011-11-21 11:44:00,2011-02-03 12:37:00,36,10083.41,Ireland,19,290,280.09,0.0789,0,4,5,5,Champions,0.0
13316,2011-11-16 12:39:00,2011-01-25 09:31:00,19,5759.32,United Kingdom,24,295,303.12,0.0,0,4,4,4,Champions,0.0
13317,2011-11-14 19:10:00,2011-01-25 19:58:00,34,8322.8,United Kingdom,26,292,244.79,0.0474,0,4,5,5,Champions,0.0
13318,2011-11-20 14:09:00,2011-01-30 08:30:00,24,6865.38,United Kingdom,20,294,286.06,0.0,0,4,5,5,Champions,0.0
13319,2011-12-06 09:34:00,2011-02-13 12:23:00,36,7795.03,United Kingdom,4,295,216.53,0.0225,0,5,5,5,Champions,0.0
13320,2011-11-16 18:54:00,2011-01-23 10:19:00,28,7963.97,United Kingdom,24,297,284.43,0.0519,0,4,5,5,Champions,0.0
13321,2011-12-08 19:54:00,2011-02-15 16:04:00,20,5829.87,Ireland,2,296,291.49,0.087,0,5,4,4,Champions,0.0
13322,2011-12-05 16:48:00,2011-02-21 08:32:00,27,6768.27,United Kingdom,5,287,250.68,0.0095,0,5,5,5,Champions,0.0
13323,2011-11-19 07:16:00,2011-01-26 14:28:00,29,8608.71,United Kingdom,21,296,296.85,0.1037,0,4,5,5,Champions,0.0
13324,2011-11-26 18:07:00,2011-02-05 07:19:00,21,5348.12,Spain,14,294,254.67,0.0,0,5,4,4,Champions,0.0
13325,2011-12-04 12:27:00,2011-02-13 17:22:00,15,3981.33,United Kingdom,6,293,265.42,0.0,0,5,4,4,Champions,0.0
13326,2011-11-26 16:26:00,2011-02-17 17:28:00,18,4405.72,United Kingdom,14,281,244.76,0.0,0,5,4,4,Champions,0.0
13327,2011-11-24 10:07:00,2011-02-02 08:05:00,27,7674.31,United Kingdom,16,295,284.23,0.0394,0,5,5,5,Champions,0.0
13328,2011-11-22 12:20:00,2011-03-06 16:12:00,19,6291.59,Spain,18,260,331.14,0.0,0,4,4,5,Champions,0.759
13329,2011-11-14 07:14:00,2011-01-25 17:20:00,33,7453.96,United Kingdom,26,292,225.88,0.0,0,4,5,5,Champions,0.0
13330,2011-11-14 18:01:00,2011-02-20 19:22:00,19,3964.64,United Kingdom,26,266,208.67,0.0,0,4,4,4,Champions,0.014
13331,2011-11-25 18:17:00,2011-02-08 15:21:00,29,5698.74,United Kingdom,15,290,196.51,0.0,0,5,5,4,Champions,0.0
13332,2011-12-06 12:13:00,2011-02-17 17:51:00,36,9326.01,United Kingdom,4,291,259.06,0.0454,0,5,5,5,Champions,0.0
13333,2011-11-23 16:20:00,2011-02-13 07:09:00,25,5707.19,United Kingdom,17,283,228.29,0.0,0,4,5,4,Champions,0.0
13334,2011-12-09 10:37:00,2011-02-13 10:14:00,32,6932.22,Belgium,1,299,216.63,0.0226,0,5,5,5,Champions,0.0
13335,2011-11-14 17:39:00,2011-01-20 12:59:00,26,7523.8,United Kingdom,26,298,289.38,0.0309,0,4,5,5,Champions,0.0
13336,2011-11-14 07:00:00,2011-01-19 09:27:00,39,9906.98,United Kingdom,26,298,254.03,0.0217,0,4,5,5,Champions,0.0
13337,2011-11-12 18:52:00,2011-03-08 10:36:00,16,3880.41,United Kingdom,28,249,242.53,0.0443,0,4,4,4,Champions,0.447
13338,2011-11-18 14:15:00,2011-02-08 12:43:00,25,7042.67,Ireland,22,283,281.71,0.0,0,4,5,5,Champions,0.0
13339,2011-12-03 11:22:00,2011-02-15 14:07:00,28,6179.08,United Kingdom,7,290,220.68,0.0,0,5,5,4,Champions,0.0
13340,2011-12-04 10:53:00,2011-02-23 07:46:00,19,5598.6,United Kingdom,6,284,294.66,0.1502,0,5,4,4,Champions,0.05
13341,2011-11-26 10:34:00,2011-01-30 15:18:00,36,10219.82,France,14,299,283.88,0.0184,0,5,5,5,Champions,0.0
13342,2011-11-22 10:42:00,2011-01-27 15:09:00,31,9164.48,United Kingdom,18,298,295.63,0.0976,0,4,5,5,Champions,0.0
13343,2011-11-22 08:38:00,2011-02-12 13:27:00,31,8177.4,United Kingdom,18,282,263.79,0.0638,0,4,5,5,Champions,0.0
13344,2011-11-27 10:22:00,2011-01-31 10:03:00,37,9069.95,Germany,13,300,245.13,0.0025,0,5,5,5,Champions,0.0
13345,2011-11-16 09:08:00,2011-02-15 18:24:00,31,8677.06,United Kingdom,24,273,279.91,0.0,0,4,5,5,Champions,0.0
13346,2011-11-09 09:17:00,2011-01-14 19:35:00,36,8634.65,United Kingdom,31,298,239.85,0.0661,0,4,5,5,Champions,0.0
13347,2011-11-18 18:50:00,2011-01-22 11:18:00,22,4780.53,United Kingdom,22,300,217.3,0.0,0,4,4,4,Champions,0.0
13348,2011-12-01 17:02:00,2011-04-17 12:00:00,21,5627.85,United Kingdom,9,228,267.99,0.0,0,5,4,4,Champions,0.65
13349,2011-11-10 11:33:00,2011-01-29 08:32:00,32,8015.58,United Kingdom,30,285,250.49,0.062,0,4,5,5,Champions,0.0
13350,2011-12-04 09:47:00,2011-03-10 17:04:00,15,2802.2,United Kingdom,6,268,186.81,0.0,0,5,4,4,Champions,0.014
13351,2011-11-09 07:24:00,2011-01-27 13:15:00,19,5060.19,Germany,31,285,266.33,0.0,0,4,4,4,Champions,0.0
13352,2011-12-04 09:42:00,2011-02-13 18:26:00,24,5430.13,United Kingdom,6,293,226.26,0.0588,0,5,5,4,Champions,0.0
13353,2011-11-15 15:46:00,2011-01-30 15:48:00,38,11469.68,United Kingdom,25,288,301.83,0.016,0,4,5,5,Champions,0.0
13354,2011-12-05 12:54:00,2011-02-08 13:48:00,17,3808.99,United Kingdom,5,299,224.06,0.0,0,5,4,4,Champions,0.0
13355,2011-12-04 09:37:00,2011-02-15 09:37:00,32,8844.13,United Kingdom,6,292,276.38,0.0309,0,5,5,5,Champions,0.0
13356,2011-12-04 12:56:00,2011-03-15 14:50:00,19,4078.16,United Kingdom,6,263,214.64,0.1643,0,5,4,4,Champions,0.014
13357,2011-11-22 17:56:00,2011-02-01 14:22:00,16,3674.34,United Kingdom,18,294,229.65,0.0,0,4,4,4,Champions,0.0
13358,2011-12-09 10:14:00,2011-02-24 15:06:00,38,9467.49,United Kingdom,1,287,249.14,0.0,0,5,5,5,Champions,0.0
13359,2011-11-28 09:37:00,2011-02-22 17:42:00,28,7407.25,Netherlands,12,278,264.54,0.0892,0,5,5,5,Champions,0.0
13360,2011-11-13 12:10:00,2011-01-25 13:55:00,40,12190.7,Belgium,27,291,304.77,0.0,0,4,5,5,Champions,0.0
13361,2011-12-05 07:39:00,2011-03-05 08:15:00,27,7266.99,United Kingdom,5,274,269.15,0.0,0,5,5,5,Champions,0.0
13362,2011-11-11 11:58:00,2011-01-28 17:35:00,30,7341.33,Ireland,29,286,244.71,0.0,0,4,5,5,Champions,0.0
13363,2011-12-02 09:22:00,2011-02-05 10:36:00,18,5018.55,United Kingdom,8,299,278.81,0.0,0,5,4,4,Champions,0.0
13364,2011-12-05 14:37:00,2011-03-06 07:48:00,23,6004.39,United Kingdom,5,274,261.06,0.0,0,5,5,4,Champions,0.0
13365,2011-11-24 11:54:00,2011-02-17 15:35:00,32,8565.9,United Kingdom,16,279,267.68,0.0,0,5,5,5,Champions,0.0
13366,2011-11-23 11:24:00,2011-01-30 16:00:00,21,6666.04,United Kingdom,17,296,317.43,0.0,0,4,4,5,Champions,0.0
13367,2011-12-09 15:37:00,2011-02-28 11:07:00,29,7573.43,United Kingdom,1,284,261.15,0.0506,0,5,5,5,Champions,0.0
13368,2011-12-08 12:28:00,2011-02-11 15:05:00,32,9185.68,United Kingdom,2,299,287.05,0.0,0,5,5,5,Champions,0.0
13369,2011-11-26 12:54:00,2011-02-06 16:50:00,38,13106.52,United Kingdom,14,292,344.91,0.0051,0,5,5,5,Champions,0.0
13370,2011-11-20 07:38:00,2011-01-25 11:06:00,38,11489.11,United Kingdom,20,298,302.35,0.0389,0,4,5,5,Champions,0.0
13371,2011-11-15 07:23:00,2011-01-24 08:11:00,18,4104.41,United Kingdom,25,294,228.02,0.0,0,4,4,4,Champions,0.0
13372,2011-11-27 13:03:00,2011-01-31 10:00:00,33,8313.98,United Kingdom,13,300,251.94,0.0146,0,5,5,5,Champions,0.0
13373,2011-11-16 08:40:00,2011-01-29 12:33:00,18,5200.33,United Kingdom,24,290,288.91,0.0,0,4,4,4,Champions,0.0
13374,2011-11-20 18:43:00,2011-02-07 08:13:00,33,7694.93,United Kingdom,20,286,233.18,0.0,0,4,5,5,Champions,0.0
13375,2011-12-06 08:56:00,2011-02-13 10:35:00,17,3790.02,United Kingdom,4,295,222.94,0.0,0,5,4,4,Champions,0.0
13376,2011-11-12 10:34:00,2011-01-21 17:53:00,24,5668.93,France,28,294,236.21,0.0,0,4,5,4,Champions,0.0
13377,2011-12-09 11:33:00,2011-02-18 15:10:00,31,9190.69,United Kingdom,1,293,296.47,0.0644,0,5,5,5,Champions,0.0
13378,2011-11-09 16:42:00,2011-01-14 15:28:00,35,9237.29,Netherlands,31,299,263.92,0.0403,0,4,5,5,Champions,0.0
13379,2011-12-08 08:11:00,2011-02-12 14:00:00,38,10790.12,France,2,298,283.95,0.0218,0,5,5,5,Champions,0.0
13380,2011-11-17 14:51:00,2011-01-26 09:16:00,38,10082.61,Germany,23,295,265.33,0.0256,0,4,5,5,Champions,0.0
13381,2011-11-19 19:32:00,2011-02-03 15:45:00,15,3714.74,Belgium,21,289,247.65,0.0,0,4,4,4,Champions,0.0
13382,2011-11-10 13:03:00,2011-01-24 17:57:00,33,8482.62,United Kingdom,30,289,257.05,0.0188,0,4,5,5,Champions,0.0
13383,2011-12-05 07:21:00,2011-02-19 09:34:00,34,9204.85,United Kingdom,5,288,270.73,0.0049,0,5,5,5,Champions,0.0
13384,2011-12-06 09:34:00,2011-02-11 14:27:00,23,7823.48,Ireland,4,297,340.15,0.0,0,5,5,5,Champions,0.0
13385,2011-11-16 13:44:00,2011-01-21 17:52:00,24,5613.92,Portugal,24,298,233.91,0.0491,0,4,5,4,Champions,0.0
13386,2011-11-13 08:46:00,2011-01-24 10:56:00,24,4417.4,United Kingdom,27,292,184.06,0.0,0,4,5,4,Champions,0.0
13387,2011-11-26 07:24:00,2011-02-09 12:04:00,30,7763.91,United Kingdom,14,289,258.8,0.0526,0,5,5,5,Champions,0.0
13388,2011-11-16 19:42:00,2011-02-10 17:17:00,29,9024.41,United Kingdom,24,279,311.19,0.0381,0,4,5,5,Champions,0.0
13389,2011-11-21 19:10:00,2011-02-01 14:47:00,38,11204.6,United Kingdom,19,293,294.86,0.0588,0,4,5,5,Champions,0.0
13390,2011-11-27 11:15:00,2011-02-02 11:43:00,34,8563.12,Ireland,13,297,251.86,0.0377,0,5,5,5,Champions,0.0
13391,2011-11-14 17:28:00,2011-01-20 17:44:00,29,7853.18,United Kingdom,26,297,270.8,0.0,0,4,5,5,Champions,0.0
13392,2011-12-01 09:24:00,2011-02-09 14:35:00,17,4819.98,Germany,9,294,283.53,0.0,0,5,4,4,Champions,0.0
13393,2011-12-02 07:11:00,2011-02-11 13:10:00,17,4678.39,Netherlands,8,293,275.2,0.0,0,5,4,4,Champions,0.0
13394,2011-11-11 16:55:00,2011-02-02 08:55:00,27,7035.92,United Kingdom,29,282,260.59,0.0301,0,4,5,5,Champions,0.0
13395,2011-11-14 08:37:00,2011-01-25 19:18:00,15,3898.27,United Kingdom,26,292,259.88,0.0,0,4,4,4,Champions,0.0
13396,2011-11-21 07:11:00,2011-02-04 18:57:00,28,6157.44,Germany,19,289,219.91,0.0,0,4,5,4,Champions,0.0
13397,2011-06-10 14:49:00,2010-12-11 07:18:00,14,4653.23,United Kingdom,183,181,332.37,0.0748,1,2,4,4,At-Risk High Value,0.993
13398,2011-08-03 18:53:00,2010-12-05 09:01:00,18,6149.4,United Kingdom,129,241,341.63,0.0629,1,3,4,4,Regular,0.931
13399,2011-03-31 12:28:00,2010-12-21 09:54:00,17,6219.99,Germany,254,100,365.88,0.0,1,1,4,5,At-Risk High Value,0.993
13400,2011-07-07 16:28:00,2010-12-03 08:17:00,27,7706.7,United Kingdom,156,216,285.43,0.0,1,2,5,5,At-Risk High Value,0.993
13401,2011-08-18 08:03:00,2010-12-31 07:52:00,13,3629.42,France,114,230,279.19,0.0,1,3,4,4,Regular,1.0
13402,2011-07-23 19:22:00,2010-12-01 07:46:00,24,6467.56,Belgium,140,234,269.48,0.0,1,2,5,5,At-Risk High Value,0.931
13403,2011-05-18 13:47:00,2010-12-01 08:53:00,26,7670.71,United Kingdom,206,168,295.03,0.0418,1,2,5,5,At-Risk High Value,0.993
13404,2011-08-27 17:01:00,2010-12-13 16:36:00,18,3730.89,United Kingdom,105,257,207.27,0.0,1,3,4,4,Regular,0.447
13405,2011-03-26 19:39:00,2010-12-04 07:12:00,15,4964.98,United Kingdom,259,112,331.0,0.0193,1,1,4,4,At-Risk High Value,0.993
13406,2011-04-21 16:43:00,2010-12-09 08:58:00,13,3043.25,United Kingdom,233,133,234.1,0.1321,1,1,4,4,At-Risk High Value,0.993
13407,2011-06-19 11:24:00,2010-12-14 09:41:00,21,4641.41,United Kingdom,174,187,221.02,0.0844,1,2,4,4,At-Risk High Value,0.993
13408,2011-04-22 18:07:00,2010-12-02 17:39:00,15,4330.98,Ireland,232,141,288.73,0.0,1,1,4,4,At-Risk High Value,0.993
13409,2011-08-12 11:00:00,2011-01-10 10:25:00,21,5863.46,United Kingdom,120,214,279.21,0.0,1,3,4,4,Regular,0.993
13410,2011-03-29 16:51:00,2010-12-01 08:10:00,19,4158.11,United Kingdom,256,118,218.85,0.0541,1,1,4,4,At-Risk High Value,0.993
13411,2011-05-07 13:48:00,2010-12-03 11:58:00,26,7170.45,United Kingdom,217,155,275.79,0.0,1,2,5,5,At-Risk High Value,0.993
13412,2011-03-24 13:48:00,2010-12-06 15:10:00,21,7241.0,United Kingdom,261,107,344.81,0.1437,1,1,4,5,At-Risk High Value,0.993
13413,2011-09-02 09:21:00,2010-12-05 08:46:00,26,8895.32,Ireland,99,271,342.13,0.0,1,3,5,5,Regular,0.55
13414,2011-07-11 13:29:00,2010-12-07 12:04:00,20,6670.73,United Kingdom,152,216,333.54,0.0,1,2,4,5,At-Risk High Value,0.993
13415,2011-08-03 10:55:00,2010-12-06 16:45:00,14,3801.76,United Kingdom,129,239,271.55,0.0,1,3,4,4,Regular,1.0
13416,2011-05-24 17:01:00,2010-12-09 14:46:00,17,4404.58,United Kingdom,200,166,259.09,0.0,1,2,4,4,At-Risk High Value,0.993
13417,2011-03-24 07:35:00,2010-12-04 11:59:00,16,4300.95,United Kingdom,261,109,268.81,0.0459,1,1,4,4,At-Risk High Value,0.993
13418,2011-08-22 11:15:00,2010-12-13 15:21:00,16,5506.11,United Kingdom,110,251,344.13,0.0,1,3,4,4,Regular,0.759
13419,2011-08-23 17:22:00,2011-01-03 19:48:00,14,5362.67,United Kingdom,109,231,383.05,0.0,1,3,4,4,Regular,1.0
13420,2011-07-21 15:32:00,2010-12-05 09:18:00,24,6565.63,United Kingdom,142,228,273.57,0.0493,1,2,5,5,At-Risk High Value,0.931
13421,2011-06-27 18:05:00,2010-12-01 08:57:00,26,6490.8,Germany,166,208,249.65,0.0575,1,2,5,5,At-Risk High Value,0.993
13422,2011-04-02 12:24:00,2010-12-13 16:34:00,20,5509.19,United Kingdom,252,109,275.46,0.0,1,1,4,4,At-Risk High Value,0.993
13423,2011-07-11 14:20:00,2010-12-16 13:47:00,18,5200.09,United Kingdom,152,207,288.89,0.1494,1,2,4,4,At-Risk High Value,0.993
13424,2011-05-13 14:26:00,2010-12-08 11:04:00,22,6945.76,United Kingdom,211,156,315.72,0.0,1,2,4,5,At-Risk High Value,0.993
13425,2011-04-11 15:36:00,2010-12-02 16:31:00,15,4137.07,United Kingdom,243,129,275.8,0.0,1,1,4,4,At-Risk High Value,0.993
13426,2011-07-03 16:35:00,2011-01-02 12:42:00,10,2999.39,Ireland,160,182,299.94,0.0,1,2,3,4,Regular,0.993
13427,2011-08-29 13:48:00,2010-12-02 08:04:00,24,6327.44,United Kingdom,103,270,263.64,0.0882,1,3,5,5,Regular,0.19
13428,2011-06-08 13:41:00,2010-12-06 09:11:00,24,6886.78,United Kingdom,185,184,286.95,0.0,1,2,5,5,At-Risk High Value,0.993
13429,2011-05-29 12:18:00,2010-12-04 12:10:00,23,7159.39,United Kingdom,195,176,311.28,0.0,1,2,5,5,At-Risk High Value,0.993
13430,2011-05-27 16:39:00,2010-12-14 18:50:00,20,5411.93,Netherlands,197,163,270.6,0.0,1,2,4,4,At-Risk High Value,0.993
13431,2011-06-25 13:01:00,2010-12-01 08:42:00,13,4490.39,Germany,168,206,345.41,0.1701,1,2,4,4,At-Risk High Value,0.993
13432,2011-07-28 10:46:00,2010-12-03 15:05:00,22,5868.19,United Kingdom,135,236,266.74,0.0603,1,3,4,4,Regular,0.931
13433,2011-06-28 14:23:00,2010-12-14 12:51:00,23,6508.46,United Kingdom,165,196,282.98,0.0,1,2,5,5,At-Risk High Value,0.993
13434,2011-08-09 18:32:00,2010-12-03 13:18:00,22,6758.29,United Kingdom,123,249,307.2,0.0,1,3,4,5,Regular,0.759
13435,2011-08-11 18:17:00,2010-12-02 19:47:00,21,6293.07,United Kingdom,121,251,299.67,0.0,1,3,4,5,Regular,0.759
13436,2011-08-13 07:34:00,2010-12-13 09:08:00,20,6124.73,United Kingdom,119,242,306.24,0.0,1,3,4,4,Regular,0.931
13437,2011-08-17 09:34:00,2010-12-14 18:02:00,15,4140.74,France,115,245,276.05,0.0,1,3,4,4,Regular,1.0
13438,2011-05-18 12:04:00,2010-12-24 09:21:00,16,4328.36,Germany,206,145,270.52,0.0,1,2,4,4,At-Risk High Value,0.993
13439,2011-07-02 09:15:00,2010-12-30 09:08:00,11,2416.43,United Kingdom,161,184,219.68,0.0,1,2,3,4,Regular,0.993
13440,2011-06-28 12:24:00,2010-12-07 08:49:00,12,3246.61,United Kingdom,165,203,270.55,0.0,1,2,3,4,Regular,0.993
13441,2011-09-05 18:11:00,2010-12-03 17:55:00,11,2622.17,United Kingdom,96,276,238.38,0.2071,1,3,3,4,Regular,0.05
13442,2011-06-15 16:18:00,2010-12-09 18:22:00,20,5126.8,United Kingdom,178,187,256.34,0.0,1,2,4,4,At-Risk High Value,0.993
13443,2011-06-25 16:56:00,2010-12-04 13:48:00,20,6523.21,France,168,203,326.16,0.0619,1,2,4,5,At-Risk High Value,0.993
13444,2011-04-22 08:30:00,2010-12-05 07:35:00,20,4728.65,United Kingdom,232,138,236.43,0.0312,1,1,4,4,At-Risk High Value,0.993
13445,2011-05-27 13:25:00,2010-12-22 11:08:00,22,6376.2,United Kingdom,197,156,289.83,0.0899,1,2,4,5,At-Risk High Value,0.993
13446,2011-06-15 19:12:00,2010-12-13 10:53:00,10,3051.99,United Kingdom,178,184,305.2,0.0,1,2,3,4,Regular,0.993
13447,2011-04-19 19:35:00,2010-12-01 17:43:00,23,5707.34,United Kingdom,235,139,248.15,0.0,1,1,5,4,At-Risk High Value,0.993
13448,2011-05-15 11:30:00,2010-12-01 13:52:00,23,5994.47,United Kingdom,209,164,260.63,0.0634,1,2,5,4,At-Risk High Value,0.993
13449,2011-06-17 07:45:00,2010-12-12 12:16:00,25,7372.26,France,176,186,294.89,0.0,1,2,5,5,At-Risk High Value,0.993
13450,2011-06-27 15:17:00,2010-12-02 17:06:00,18,7734.39,United Kingdom,166,206,429.69,0.0476,1,2,4,5,At-Risk High Value,0.993
13451,2011-06-26 18:29:00,2010-12-26 09:38:00,14,4328.96,Netherlands,167,182,309.21,0.0,1,2,4,4,At-Risk High Value,0.993
13452,2011-06-04 07:42:00,2010-12-08 13:19:00,19,5610.0,United Kingdom,189,177,295.26,0.0,1,2,4,4,At-Risk High Value,0.993
13453,2011-05-03 16:20:00,2010-12-03 09:57:00,26,5076.83,United Kingdom,221,151,195.26,0.0,1,2,5,4,At-Risk High Value,0.993
13454,2011-07-02 09:13:00,2010-12-01 08:06:00,18,4592.3,France,161,213,255.13,0.0,1,2,4,4,At-Risk High Value,0.993
13455,2011-08-16 18:14:00,2010-12-17 07:10:00,23,6644.74,United Kingdom,116,242,288.9,0.0,1,3,5,5,Regular,0.931
13456,2011-08-09 19:40:00,2010-12-15 18:30:00,23,5891.86,United Kingdom,123,237,256.17,0.0,1,3,5,4,Regular,0.931
13457,2011-08-07 15:21:00,2010-12-31 10:44:00,26,7813.59,United Kingdom,125,219,300.52,0.0425,1,3,5,5,Regular,0.931
13458,2011-08-05 17:00:00,2010-12-19 13:44:00,15,3943.2,United Kingdom,127,229,262.88,0.0,1,3,4,4,Regular,1.0
13459,2011-08-30 12:41:00,2010-12-09 15:18:00,12,3443.58,Spain,102,263,286.96,0.0694,1,3,3,4,Regular,0.19
13460,2011-08-18 08:10:00,2010-12-15 08:50:00,19,7004.62,United Kingdom,114,245,368.66,0.053,1,3,4,5,Regular,0.931
13461,2011-04-15 15:46:00,2010-12-02 15:30:00,21,6670.45,United Kingdom,239,134,317.64,0.0467,1,1,4,5,At-Risk High Value,0.993
13462,2011-06-22 07:34:00,2010-12-05 13:10:00,22,6774.77,United Kingdom,171,198,307.94,0.029,1,2,4,5,At-Risk High Value,0.993
13463,2011-08-12 08:33:00,2010-12-07 18:24:00,22,5899.48,United Kingdom,120,247,268.16,0.0,1,3,4,4,Regular,0.447
13464,2011-05-09 10:23:00,2010-12-11 11:09:00,11,2629.55,United Kingdom,215,148,239.05,0.0078,1,2,3,4,Regular,0.993
13465,2011-03-26 15:37:00,2010-12-03 13:36:00,25,7946.22,United Kingdom,259,113,317.85,0.0,1,1,5,5,At-Risk High Value,0.993
13466,2011-03-29 13:32:00,2010-12-06 08:45:00,20,6379.81,Portugal,256,113,318.99,0.0604,1,1,4,5,At-Risk High Value,0.993
13467,2011-08-27 19:27:00,2010-12-04 16:35:00,14,3579.12,United Kingdom,105,266,255.65,0.0,1,3,4,4,Regular,0.55
13468,2011-07-06 14:52:00,2010-12-05 15:23:00,12,3128.17,United Kingdom,157,212,260.68,0.0,1,2,3,4,Regular,0.993
13469,2011-06-28 15:01:00,2010-12-05 13:56:00,20,4757.76,United Kingdom,165,205,237.89,0.1709,1,2,4,4,At-Risk High Value,0.993
13470,2011-07-04 13:59:00,2011-01-23 09:51:00,10,2169.61,United Kingdom,159,162,216.96,0.1379,1,2,3,4,Regular,0.993
13471,2011-08-11 17:59:00,2010-12-16 10:21:00,27,8081.09,United Kingdom,121,238,299.3,0.0117,1,3,5,5,Regular,0.931
13472,2011-08-21 14:35:00,2010-12-07 12:17:00,21,7585.21,Belgium,111,257,361.2,0.0387,1,3,4,5,Regular,0.759
13473,2011-05-18 11:11:00,2010-12-16 16:48:00,10,2271.3,United Kingdom,206,152,227.13,0.0,1,2,3,4,Regular,0.993
13474,2011-08-23 11:35:00,2011-01-18 18:36:00,12,3254.29,United Kingdom,109,216,271.19,0.0764,1,3,3,4,Regular,0.993
13475,2011-07-06 19:27:00,2010-12-06 13:02:00,26,8902.57,Germany,157,212,342.41,0.0,1,2,5,5,At-Risk High Value,0.993
13476,2011-03-24 13:37:00,2010-12-12 14:47:00,12,3596.02,United Kingdom,261,101,299.67,0.0,1,1,3,4,Regular,0.993
13477,2011-04-30 08:49:00,2010-12-02 14:14:00,24,6159.01,Germany,224,148,256.63,0.0,1,1,5,4,At-Risk High Value,0.993
13478,2011-08-21 11:53:00,2010-12-26 19:55:00,18,6185.82,United Kingdom,111,237,343.66,0.0967,1,3,4,4,Regular,0.931
13479,2011-04-16 10:57:00,2010-12-08 07:06:00,11,3912.48,United Kingdom,238,129,355.68,0.087,1,1,3,4,Regular,0.993
13480,2011-08-25 13:01:00,2010-12-09 07:38:00,12,3534.59,United Kingdom,107,259,294.55,0.0,1,3,3,4,Regular,0.759
13481,2011-04-26 14:55:00,2010-12-08 15:27:00,10,3039.79,United Kingdom,228,138,303.98,0.0955,1,1,3,4,Regular,0.993
13482,2011-04-19 08:02:00,2010-12-05 12:53:00,12,2679.65,France,235,134,223.3,0.1688,1,1,3,4,Regular,0.993
13483,2011-04-05 19:40:00,2010-12-16 11:16:00,16,3191.07,United Kingdom,249,110,199.44,0.0,1,1,4,4,At-Risk High Value,0.993
13484,2011-05-09 10:30:00,2010-12-12 10:14:00,12,2940.88,Ireland,215,148,245.07,0.0,1,2,3,4,Regular,0.993
13485,2011-05-07 15:49:00,2010-12-04 11:38:00,26,7172.78,United Kingdom,217,154,275.88,0.0,1,2,5,5,At-Risk High Value,0.993
13486,2011-07-24 10:38:00,2011-01-11 11:29:00,9,2556.17,United Kingdom,139,193,284.02,0.1549,1,2,3,4,Regular,0.993
13487,2011-06-23 17:19:00,2010-12-29 08:52:00,20,5043.81,United Kingdom,170,176,252.19,0.0,1,2,4,4,At-Risk High Value,0.993
13488,2011-06-23 16:29:00,2010-12-08 09:07:00,23,7110.23,United Kingdom,170,197,309.14,0.0376,1,2,5,5,At-Risk High Value,0.993
13489,2011-07-11 19:10:00,2010-12-09 12:22:00,18,5811.73,United Kingdom,152,214,322.87,0.0,1,2,4,4,At-Risk High Value,0.993
13490,2011-06-23 13:56:00,2010-12-21 16:34:00,20,4664.11,Ireland,170,183,233.21,0.0,1,2,4,4,At-Risk High Value,0.993
13491,2011-06-27 19:32:00,2010-12-27 08:22:00,19,5459.15,United Kingdom,166,182,287.32,0.0677,1,2,4,4,At-Risk High Value,0.993
13492,2011-08-01 08:30:00,2010-12-13 16:39:00,14,2783.87,United Kingdom,131,230,198.85,0.0,1,3,4,4,Regular,0.95
13493,2011-04-10 18:54:00,2010-12-01 10:52:00,26,7280.57,United Kingdom,244,130,280.02,0.0,1,1,5,5,At-Risk High Value,0.993
13494,2011-04-07 10:07:00,2010-12-01 17:33:00,16,4474.7,Netherlands,247,126,279.67,0.0459,1,1,4,4,At-Risk High Value,0.993
13495,2011-04-07 07:16:00,2010-12-09 16:58:00,12,3746.86,United Kingdom,247,118,312.24,0.129,1,1,3,4,Regular,0.993
13496,2011-06-05 07:16:00,2010-12-04 18:45:00,23,5883.02,United Kingdom,188,182,255.78,0.0657,1,2,5,4,At-Risk High Value,0.993
13497,2011-03-30 16:27:00,2010-12-12 10:28:00,11,2039.75,United Kingdom,255,108,185.43,0.1389,1,1,3,4,Regular,0.993
13498,2011-07-03 11:34:00,2010-12-03 13:59:00,27,8356.36,United Kingdom,160,211,309.49,0.0,1,2,5,5,At-Risk High Value,0.993
13499,2011-05-19 09:43:00,2010-12-11 15:33:00,21,7374.87,Netherlands,205,158,351.18,0.0499,1,2,4,5,At-Risk High Value,0.993
13500,2011-07-26 12:33:00,2010-12-02 07:18:00,27,7687.96,United Kingdom,137,236,284.74,0.0,1,2,5,5,At-Risk High Value,0.931
13501,2011-07-23 12:37:00,2010-12-22 18:12:00,20,6185.87,Spain,140,212,309.29,0.0972,1,2,4,4,At-Risk High Value,0.993
13502,2011-03-31 19:56:00,2010-12-01 17:02:00,18,5076.3,United Kingdom,253,120,282.02,0.0,1,1,4,4,At-Risk High Value,0.993
13503,2011-06-01 14:38:00,2010-12-11 14:54:00,9,2801.82,United Kingdom,192,171,311.31,0.1095,1,2,3,4,Regular,0.993
13504,2011-08-19 18:24:00,2011-04-03 19:46:00,12,1682.27,United Kingdom,113,137,140.19,0.0,1,3,3,4,Regular,0.993
13505,2011-07-27 18:32:00,2010-12-04 10:53:00,11,3773.43,United Kingdom,136,235,343.04,0.0,1,3,3,4,Regular,1.0
13506,2011-04-10 08:18:00,2010-12-05 17:48:00,17,4786.69,United Kingdom,244,125,281.57,0.0,1,1,4,4,At-Risk High Value,0.993
13507,2011-03-28 17:01:00,2010-12-10 08:53:00,21,6419.2,United Kingdom,257,108,305.68,0.0484,1,1,4,5,At-Risk High Value,0.993
13508,2011-04-20 09:15:00,2010-12-26 14:25:00,12,3608.46,Germany,234,114,300.7,0.0,1,1,3,4,Regular,0.993
13509,2011-04-05 15:00:00,2010-12-31 16:07:00,17,5008.73,United Kingdom,249,94,294.63,0.0225,1,1,4,4,At-Risk High Value,0.993
13510,2011-08-30 08:02:00,2010-12-29 09:21:00,14,4557.1,Spain,102,243,325.51,0.0452,1,3,4,4,Regular,1.0
13511,2011-08-08 18:05:00,2010-12-04 16:27:00,25,8182.18,United Kingdom,124,247,327.29,0.0,1,3,5,5,Regular,0.759
13512,2011-05-26 09:11:00,2010-12-06 14:57:00,16,4843.85,United Kingdom,198,170,302.74,0.0,1,2,4,4,At-Risk High Value,0.993
13513,2011-04-26 16:14:00,2010-12-02 19:30:00,19,5792.78,United Kingdom,228,144,304.88,0.0,1,1,4,4,At-Risk High Value,0.993
13514,2011-04-02 19:17:00,2010-12-08 15:33:00,19,5379.15,France,252,115,283.11,0.06,1,1,4,4,At-Risk High Value,0.993
13515,2011-04-11 15:25:00,2010-12-22 14:19:00,9,2526.31,Netherlands,243,110,280.7,0.1014,1,1,3,4,Regular,0.993
13516,2011-05-19 16:34:00,2010-12-11 12:10:00,9,2744.56,United Kingdom,205,159,304.95,0.1429,1,2,3,4,Regular,0.993
13517,2011-06-25 19:56:00,2011-02-04 16:57:00,18,5832.54,United Kingdom,167,141,324.03,0.0,1,2,4,4,At-Risk High Value,0.993
13518,2011-06-24 10:46:00,2010-12-08 18:27:00,28,7798.96,United Kingdom,169,197,278.53,0.0,1,2,5,5,At-Risk High Value,0.993
13519,2011-05-09 07:08:00,2010-12-20 07:27:00,10,2567.05,United Kingdom,215,139,256.71,0.0,1,2,3,4,Regular,0.993
13520,2011-08-13 10:57:00,2010-12-18 17:59:00,12,3885.65,United Kingdom,119,237,323.8,0.0,1,3,3,4,Regular,1.0
13521,2011-05-12 19:12:00,2010-12-03 07:44:00,23,7352.97,United Kingdom,212,160,319.69,0.036,1,2,5,5,At-Risk High Value,0.993
13522,2011-07-03 18:47:00,2010-12-03 19:41:00,11,3069.71,United Kingdom,160,211,279.06,0.0667,1,2,3,4,Regular,0.993
13523,2011-07-27 18:50:00,2010-12-03 18:29:00,12,3354.5,United Kingdom,136,236,279.54,0.0,1,3,3,4,Regular,1.0
13524,2011-07-27 11:28:00,2010-12-03 15:03:00,10,2590.86,United Kingdom,136,235,259.09,0.0,1,3,3,4,Regular,0.95
13525,2011-07-08 17:25:00,2011-01-24 18:04:00,13,4175.71,United Kingdom,155,164,321.21,0.0,1,2,4,4,At-Risk High Value,0.993
13526,2011-04-30 07:28:00,2010-12-06 08:05:00,13,3232.5,United Kingdom,224,144,248.65,0.1648,1,1,4,4,At-Risk High Value,0.993
13527,2011-04-28 10:07:00,2010-12-19 09:46:00,10,2814.96,United Kingdom,226,130,281.5,0.0219,1,1,3,4,Regular,0.993
13528,2011-03-24 07:23:00,2010-12-09 15:57:00,25,6034.61,United Kingdom,261,104,241.38,0.0515,1,1,5,4,At-Risk High Value,0.993
13529,2011-05-03 12:38:00,2010-12-01 15:26:00,20,4343.14,Ireland,221,152,217.16,0.0,1,2,4,4,At-Risk High Value,0.993
13530,2011-04-29 15:42:00,2010-12-13 12:05:00,21,6137.83,Belgium,225,137,292.28,0.0,1,1,4,4,At-Risk High Value,0.993
13531,2011-05-31 16:55:00,2010-12-15 07:46:00,25,7430.85,United Kingdom,193,167,297.23,0.0,1,2,5,5,At-Risk High Value,0.993
13532,2011-05-14 11:02:00,2010-12-18 18:04:00,23,4996.7,United Kingdom,210,146,217.25,0.0,1,2,5,4,At-Risk High Value,0.993
13533,2011-05-19 08:59:00,2010-12-09 11:48:00,23,6963.98,United Kingdom,205,160,302.78,0.0606,1,2,5,5,At-Risk High Value,0.993
13534,2011-08-09 17:01:00,2010-12-03 19:12:00,21,4837.45,Portugal,123,248,230.35,0.0,1,3,4,4,Regular,0.447
13535,2011-05-03 16:50:00,2010-12-10 15:09:00,21,6424.37,United Kingdom,221,144,305.92,0.0,1,2,4,5,At-Risk High Value,0.993
13536,2011-06-13 10:23:00,2010-12-13 11:17:00,20,5485.55,United Kingdom,180,181,274.28,0.0247,1,2,4,4,At-Risk High Value,0.993
13537,2011-05-07 10:35:00,2010-12-08 11:11:00,10,2229.57,United Kingdom,217,149,222.96,0.0,1,2,3,4,Regular,0.993
13538,2011-04-06 09:15:00,2010-12-01 12:50:00,19,5556.46,United Kingdom,248,125,292.45,0.0763,1,1,4,4,At-Risk High Value,0.993
13539,2011-04-22 09:33:00,2010-12-07 07:44:00,21,4969.76,Netherlands,232,136,236.66,0.0,1,1,4,4,At-Risk High Value,0.993
13540,2011-06-21 13:18:00,2011-01-18 17:15:00,9,4048.1,United Kingdom,172,153,449.79,0.1827,1,2,3,4,Regular,0.993
13541,2011-05-15 10:10:00,2010-12-19 12:06:00,20,6916.7,United Kingdom,209,146,345.84,0.0,1,2,4,5,At-Risk High Value,0.993
13542,2011-06-07 18:32:00,2010-12-21 09:04:00,26,7298.47,United Kingdom,186,168,280.71,0.0519,1,2,5,5,At-Risk High Value,0.993
13543,2011-08-31 14:43:00,2010-12-04 13:39:00,25,5480.83,United Kingdom,101,270,219.23,0.0912,1,3,5,4,Regular,0.014
13544,2011-04-08 15:44:00,2010-12-13 09:25:00,12,3992.46,United Kingdom,246,116,332.7,0.1308,1,1,3,4,Regular,0.993
13545,2011-06-30 17:54:00,2010-12-02 08:23:00,17,5566.48,United Kingdom,163,210,327.44,0.0,1,2,4,4,At-Risk High Value,0.993
13546,2011-05-24 18:56:00,2010-12-02 13:11:00,12,4260.64,United Kingdom,200,173,355.05,0.0695,1,2,3,4,Regular,0.993
13547,2011-04-13 15:57:00,2010-12-01 17:11:00,27,7706.55,United Kingdom,241,132,285.43,0.0481,1,1,5,5,At-Risk High Value,0.993
13548,2011-08-18 15:15:00,2010-12-12 15:06:00,10,2958.37,Spain,114,249,295.84,0.0,1,3,3,4,Regular,0.759
13549,2011-06-05 17:28:00,2010-12-09 10:05:00,13,3547.36,United Kingdom,188,178,272.87,0.0,1,2,4,4,At-Risk High Value,0.993
13550,2011-08-10 07:45:00,2010-12-14 19:14:00,17,4188.59,United Kingdom,122,238,246.39,0.0,1,3,4,4,Regular,0.65
13551,2011-04-09 16:12:00,2010-12-01 11:42:00,17,5234.13,Germany,245,129,307.89,0.0921,1,1,4,4,At-Risk High Value,0.993
13552,2011-05-23 19:01:00,2011-02-07 16:53:00,16,5045.1,United Kingdom,201,105,315.32,0.0,1,2,4,4,At-Risk High Value,0.993
13553,2011-04-16 14:25:00,2010-12-02 11:14:00,15,3616.42,United Kingdom,238,135,241.09,0.0,1,1,4,4,At-Risk High Value,0.993
13554,2011-06-04 14:37:00,2010-12-01 14:45:00,25,5662.86,Germany,189,184,226.51,0.0554,1,2,5,4,At-Risk High Value,0.993
13555,2011-08-17 11:42:00,2010-12-06 14:16:00,19,5328.06,Portugal,115,253,280.42,0.0528,1,3,4,4,Regular,0.759
13556,2011-08-10 19:40:00,2011-01-09 15:28:00,18,4747.48,United Kingdom,122,213,263.75,0.0,1,3,4,4,Regular,0.993
13557,2011-05-22 14:15:00,2010-12-04 16:36:00,27,7672.71,United Kingdom,202,168,284.17,0.0,1,2,5,5,At-Risk High Value,0.993
13558,2011-09-05 12:55:00,2010-12-12 11:22:00,22,7192.02,United Kingdom,96,267,326.91,0.0,1,3,4,5,Regular,0.55
13559,2011-07-06 08:37:00,2010-12-13 14:29:00,13,3874.68,United Kingdom,157,204,298.05,0.0,1,2,4,4,At-Risk High Value,0.993
13560,2011-04-14 13:53:00,2010-12-02 13:14:00,14,3914.48,United Kingdom,240,133,279.61,0.0,1,1,4,4,At-Risk High Value,0.993
13561,2011-04-20 10:35:00,2010-12-05 12:13:00,21,6335.73,United Kingdom,234,135,301.7,0.0,1,1,4,5,At-Risk High Value,0.993
13562,2011-06-22 19:31:00,2010-12-02 16:03:00,22,5749.17,United Kingdom,171,202,261.33,0.0648,1,2,4,4,At-Risk High Value,0.993
13563,2011-06-13 11:07:00,2010-12-18 09:35:00,26,8426.55,United Kingdom,180,177,324.1,0.003,1,2,5,5,At-Risk High Value,0.993
13564,2011-05-18 19:04:00,2010-12-06 10:16:00,24,6742.73,United Kingdom,206,163,280.95,0.049,1,2,5,5,At-Risk High Value,0.993
13565,2011-08-28 09:22:00,2011-01-15 19:52:00,13,5761.56,Spain,104,224,443.2,0.0,1,3,4,4,Regular,1.0
13566,2011-08-14 19:02:00,2010-12-08 10:00:00,11,4760.43,United Kingdom,118,249,432.77,0.0,1,3,3,4,Regular,0.759
13567,2011-08-30 17:42:00,2010-12-22 16:29:00,11,2119.98,Ireland,102,251,192.73,0.0,1,3,3,4,Regular,0.447
13568,2011-07-13 18:29:00,2010-12-19 10:22:00,10,2808.8,United Kingdom,150,206,280.88,0.0,1,2,3,4,Regular,0.993
13569,2011-03-26 17:13:00,2010-12-04 11:20:00,18,6495.22,United Kingdom,259,112,360.85,0.0,1,1,4,5,At-Risk High Value,0.993
13570,2011-07-26 15:00:00,2010-12-03 11:37:00,19,5668.49,United Kingdom,137,235,298.34,0.0,1,2,4,4,At-Risk High Value,0.65
13571,2011-03-24 17:22:00,2010-12-24 14:44:00,12,4194.96,United Kingdom,261,90,349.58,0.0,1,1,3,4,Regular,0.993
13572,2011-04-27 08:37:00,2010-12-01 16:52:00,19,5489.84,Germany,227,146,288.94,0.0423,1,1,4,4,At-Risk High Value,0.993
13573,2011-05-15 16:21:00,2010-12-01 10:23:00,25,6624.49,United Kingdom,209,165,264.98,0.0,1,2,5,5,At-Risk High Value,0.993
13574,2011-08-29 18:31:00,2010-12-12 13:13:00,24,6585.31,United Kingdom,103,260,274.39,0.038,1,3,5,5,Regular,0.759
13575,2011-06-15 09:44:00,2010-12-07 17:43:00,13,3285.34,Spain,178,189,252.72,0.0,1,2,4,4,At-Risk High Value,0.993
13576,2011-06-23 07:08:00,2010-12-07 14:05:00,23,5732.96,Netherlands,170,197,249.26,0.0115,1,2,5,4,At-Risk High Value,0.993
13577,2011-05-20 17:47:00,2011-01-08 15:03:00,8,3040.16,France,204,132,380.02,0.1267,1,2,3,4,Regular,0.993
13578,2011-04-12 13:40:00,2010-12-15 09:06:00,27,7535.15,United Kingdom,242,118,279.08,0.0237,1,1,5,5,At-Risk High Value,0.993
13579,2011-04-15 19:48:00,2010-12-04 11:00:00,21,5580.21,United Kingdom,239,132,265.72,0.0,1,1,4,4,At-Risk High Value,0.993
13580,2011-05-27 09:47:00,2010-12-17 14:08:00,19,5606.53,United Kingdom,197,160,295.08,0.0,1,2,4,4,At-Risk High Value,0.993
13581,2011-04-17 09:09:00,2010-12-10 10:59:00,20,5694.18,United Kingdom,237,127,284.71,0.0,1,1,4,4,At-Risk High Value,0.993
13582,2011-05-19 19:04:00,2010-12-20 14:16:00,16,5605.08,Netherlands,205,150,350.32,0.0,1,2,4,4,At-Risk High Value,0.993
13583,2011-03-24 13:27:00,2010-12-08 12:51:00,25,7116.45,Belgium,261,106,284.66,0.0,1,1,5,5,At-Risk High Value,0.993
13584,2011-06-16 09:56:00,2010-12-05 15:54:00,20,6471.75,Ireland,177,192,323.59,0.0,1,2,4,5,At-Risk High Value,0.993
13585,2011-05-27 10:30:00,2010-12-06 15:44:00,13,3638.37,Germany,197,171,279.87,0.0,1,2,4,4,At-Risk High Value,0.993
13586,2011-07-20 09:41:00,2010-12-06 08:44:00,14,3457.02,United Kingdom,143,226,246.93,0.0,1,2,4,4,At-Risk High Value,1.0
13587,2011-07-20 13:36:00,2011-01-06 09:27:00,15,5627.72,United Kingdom,143,195,375.18,0.0,1,2,4,4,At-Risk High Value,0.993
13588,2011-07-01 15:57:00,2010-12-10 13:57:00,13,3507.64,United Kingdom,162,203,269.82,0.0,1,2,4,4,At-Risk High Value,0.993
13589,2011-08-05 13:04:00,2010-12-09 10:31:00,14,3516.44,United Kingdom,127,239,251.17,0.113,1,3,4,4,Regular,1.0
13590,2011-06-26 11:41:00,2010-12-12 13:25:00,15,4757.94,United Kingdom,167,195,317.2,0.0,1,2,4,4,At-Risk High Value,0.993
13591,2011-08-09 19:45:00,2010-12-05 08:38:00,27,7265.18,Netherlands,123,247,269.08,0.0,1,3,5,5,Regular,0.447
13592,2011-08-28 15:21:00,2010-12-31 16:33:00,18,5087.6,United Kingdom,104,239,282.64,0.0,1,3,4,4,Regular,0.65
13593,2011-04-26 09:32:00,2010-12-14 18:32:00,22,7463.97,Portugal,228,132,339.27,0.0363,1,1,4,5,At-Risk High Value,0.993
13594,2011-04-07 13:39:00,2010-12-25 10:26:00,11,3534.11,United Kingdom,247,103,321.28,0.0,1,1,3,4,Regular,0.993
13595,2011-05-31 09:06:00,2010-12-08 16:20:00,18,4309.22,United Kingdom,193,173,239.4,0.0,1,2,4,4,At-Risk High Value,0.993
13596,2011-05-10 13:25:00,2010-12-02 16:22:00,18,5344.32,United Kingdom,214,158,296.91,0.0,1,2,4,4,At-Risk High Value,0.993
13597,2011-05-14 10:42:00,2011-01-05 09:13:00,15,4111.5,United Kingdom,210,129,274.1,0.0278,1,2,4,4,At-Risk High Value,0.993
13598,2011-06-09 15:16:00,2010-12-01 16:28:00,11,2704.33,United Kingdom,184,189,245.85,0.0,1,2,3,4,Regular,0.993
13599,2011-08-23 17:13:00,2010-12-07 08:51:00,23,6751.98,United Kingdom,109,259,293.56,0.0767,1,3,5,5,Regular,0.759
13600,2011-06-23 15:13:00,2010-12-02 08:16:00,20,6347.21,United Kingdom,170,203,317.36,0.0,1,2,4,5,At-Risk High Value,0.993
13601,2011-07-20 10:03:00,2010-12-01 07:00:00,25,7755.3,United Kingdom,143,231,310.21,0.0,1,2,5,5,At-Risk High Value,0.931
13602,2011-08-05 10:11:00,2010-12-11 11:44:00,28,9352.13,Spain,127,236,334.0,0.0,1,3,5,5,Regular,0.931
13603,2011-04-06 10:28:00,2010-12-02 07:49:00,11,3827.43,United Kingdom,248,125,347.95,0.0,1,1,3,4,Regular,0.993
13604,2011-04-16 07:11:00,2010-12-14 18:37:00,18,4773.58,France,238,122,265.2,0.0047,1,1,4,4,At-Risk High Value,0.993
13605,2011-04-08 19:48:00,2010-12-03 14:46:00,28,7536.46,Portugal,246,126,269.16,0.0,1,1,5,5,At-Risk High Value,0.993
13606,2011-06-06 10:39:00,2010-12-27 18:15:00,10,3361.25,United Kingdom,187,160,336.12,0.0,1,2,3,4,Regular,0.993
13607,2011-05-21 18:46:00,2010-12-07 09:19:00,20,6475.49,Ireland,203,165,323.77,0.051,1,2,4,5,At-Risk High Value,0.993
13608,2011-05-27 11:19:00,2010-12-05 13:11:00,15,3495.0,United Kingdom,197,172,233.0,0.1034,1,2,4,4,At-Risk High Value,0.993
13609,2011-05-30 13:29:00,2010-12-04 11:02:00,24,5828.55,United Kingdom,194,177,242.86,0.0424,1,2,5,4,At-Risk High Value,0.993
13610,2011-05-20 15:58:00,2010-12-13 19:23:00,23,5322.48,United Kingdom,204,157,231.41,0.0,1,2,5,4,At-Risk High Value,0.993
13611,2011-07-05 16:20:00,2010-12-06 18:48:00,21,6487.89,United Kingdom,158,210,308.95,0.0,1,2,4,5,At-Risk High Value,0.993
13612,2011-08-22 13:41:00,2010-12-20 08:25:00,27,7068.17,United Kingdom,110,245,261.78,0.0,1,3,5,5,Regular,0.931
13613,2011-05-20 10:12:00,2011-01-21 09:14:00,10,1947.14,Ireland,204,119,194.71,0.1538,1,2,3,4,Regular,0.993
13614,2011-04-29 16:14:00,2010-12-21 15:25:00,12,3006.83,United Kingdom,225,129,250.57,0.1783,1,1,3,4,Regular,0.993
13615,2011-07-10 07:42:00,2010-12-12 14:30:00,13,4017.68,United Kingdom,153,209,309.05,0.0449,1,2,4,4,At-Risk High Value,0.993
13616,2011-08-31 12:52:00,2010-12-20 18:39:00,22,7001.22,United Kingdom,101,253,318.24,0.0,1,3,4,5,Regular,0.759
13617,2011-05-04 15:24:00,2010-12-09 18:19:00,14,3451.72,United Kingdom,220,145,246.55,0.0,1,2,4,4,At-Risk High Value,0.993
13618,2011-05-16 19:13:00,2010-12-20 18:06:00,19,4996.44,Belgium,208,147,262.97,0.0516,1,2,4,4,At-Risk High Value,0.993
13619,2011-07-16 13:06:00,2010-12-04 18:05:00,28,7177.49,United Kingdom,147,223,256.34,0.0,1,2,5,5,At-Risk High Value,0.931
13620,2011-07-02 17:16:00,2011-01-12 07:16:00,11,2738.04,United Kingdom,161,171,248.91,0.0,1,2,3,4,Regular,0.993
13621,2011-08-18 12:32:00,2010-12-30 18:46:00,15,3107.89,United Kingdom,114,230,207.19,0.0,1,3,4,4,Regular,1.0
13622,2011-08-20 16:46:00,2010-12-11 07:28:00,14,2905.84,United Kingdom,112,252,207.56,0.1034,1,3,4,4,Regular,0.447
13623,2011-09-02 11:50:00,2010-12-05 09:10:00,21,6927.98,Germany,99,271,329.9,0.0,1,3,4,5,Regular,0.55
13624,2011-05-12 15:14:00,2010-12-03 19:32:00,22,5990.0,United Kingdom,212,159,272.27,0.0,1,2,4,4,At-Risk High Value,0.993
13625,2011-06-20 07:34:00,2010-12-10 19:22:00,16,4009.61,United Kingdom,173,191,250.6,0.0,1,2,4,4,At-Risk High Value,0.993
13626,2011-05-20 10:11:00,2010-12-18 17:30:00,21,6817.35,Ireland,204,152,324.64,0.0,1,2,4,5,At-Risk High Value,0.993
13627,2011-07-03 08:02:00,2011-02-27 09:31:00,10,2292.6,United Kingdom,160,125,229.26,0.0,1,2,3,4,Regular,0.993
13628,2011-09-02 11:39:00,2010-12-23 07:03:00,22,5420.11,United Kingdom,99,253,246.37,0.0,1,3,4,4,Regular,0.447
13629,2011-08-17 08:20:00,2010-12-01 07:48:00,27,7732.81,United Kingdom,115,259,286.4,0.0,1,3,5,5,Regular,0.759
13630,2011-05-23 18:05:00,2010-12-31 07:47:00,19,6900.78,United Kingdom,201,143,363.2,0.0427,1,2,4,5,At-Risk High Value,0.993
13631,2011-05-18 11:35:00,2010-12-05 11:18:00,20,5178.03,United Kingdom,206,164,258.9,0.0669,1,2,4,4,At-Risk High Value,0.993
13632,2011-08-06 15:26:00,2010-12-05 11:37:00,15,5163.88,United Kingdom,126,244,344.26,0.0,1,3,4,4,Regular,1.0
13633,2011-08-09 18:17:00,2010-12-08 17:54:00,24,7812.97,United Kingdom,123,244,325.54,0.0,1,3,5,5,Regular,0.931
13634,2011-05-07 18:07:00,2010-12-05 09:26:00,17,5407.9,Germany,217,153,318.11,0.0,1,2,4,4,At-Risk High Value,0.993
13635,2011-08-13 07:34:00,2010-12-06 13:52:00,20,5344.81,United Kingdom,119,249,267.24,0.0513,1,3,4,4,Regular,0.447
13636,2011-08-10 11:28:00,2010-12-12 14:45:00,25,7667.79,United Kingdom,122,240,306.71,0.0541,1,3,5,5,Regular,0.931
13637,2011-03-30 08:33:00,2010-12-03 18:13:00,18,4430.78,United Kingdom,255,116,246.15,0.0,1,1,4,4,At-Risk High Value,0.993
13638,2011-05-01 18:35:00,2010-12-18 10:11:00,13,3607.54,United Kingdom,223,134,277.5,0.0,1,2,4,4,At-Risk High Value,0.993
13639,2011-08-26 12:30:00,2011-01-03 07:27:00,20,6024.63,United Kingdom,106,235,301.23,0.0805,1,3,4,4,Regular,0.931
13640,2011-09-05 19:43:00,2011-01-02 08:27:00,22,6280.52,Netherlands,96,246,285.48,0.0218,1,3,4,5,Regular,0.759
13641,2011-09-05 15:40:00,2010-12-13 13:09:00,25,6206.18,United Kingdom,96,266,248.25,0.0,1,3,5,5,Regular,0.55
13642,2011-03-29 08:51:00,2010-12-22 08:00:00,17,6006.27,United Kingdom,256,97,353.31,0.1246,1,1,4,4,At-Risk High Value,0.993
13643,2011-05-20 08:59:00,2010-12-08 12:10:00,23,6794.21,United Kingdom,204,162,295.4,0.0367,1,2,5,5,At-Risk High Value,0.993
13644,2011-08-13 10:20:00,2010-12-12 09:57:00,20,6887.79,United Kingdom,119,244,344.39,0.0,1,3,4,5,Regular,0.931
13645,2011-07-02 10:11:00,2010-12-17 10:09:00,20,4827.83,United Kingdom,161,197,241.39,0.0312,1,2,4,4,At-Risk High Value,0.993
13646,2011-06-17 16:34:00,2010-12-07 13:47:00,11,3139.14,United Kingdom,176,192,285.38,0.0,1,2,3,4,Regular,0.993
13647,2011-04-22 08:25:00,2010-12-02 18:15:00,11,3540.36,Germany,232,140,321.85,0.0,1,1,3,4,Regular,0.993
13648,2011-05-13 11:27:00,2011-01-16 10:32:00,15,6016.37,France,211,117,401.09,0.0,1,2,4,4,At-Risk High Value,0.993
13649,2011-08-18 09:24:00,2010-12-21 11:33:00,11,3980.62,United Kingdom,114,239,361.87,0.0,1,3,3,4,Regular,1.0
13650,2011-07-31 16:47:00,2010-12-10 07:50:00,21,6084.96,Spain,132,233,289.76,0.0,1,3,4,4,Regular,0.931
13651,2011-08-30 11:38:00,2010-12-14 19:27:00,14,4090.34,United Kingdom,102,258,292.17,0.0,1,3,4,4,Regular,0.759
13652,2011-05-28 19:00:00,2010-12-20 09:56:00,15,3959.36,Portugal,196,159,263.96,0.0645,1,2,4,4,At-Risk High Value,0.993
13653,2011-07-19 18:34:00,2010-12-17 19:56:00,14,4036.18,France,144,213,288.3,0.0,1,2,4,4,At-Risk High Value,0.993
13654,2011-08-04 16:29:00,2010-12-08 16:47:00,12,2969.87,Belgium,128,238,247.49,0.0,1,3,3,4,Regular,1.0
13655,2011-08-02 08:49:00,2010-12-15 19:06:00,25,7260.68,United Kingdom,130,229,290.43,0.0,1,3,5,5,Regular,0.931
13656,2011-07-21 11:20:00,2010-12-07 14:37:00,18,4196.42,Portugal,142,225,233.13,0.0,1,2,4,4,At-Risk High Value,0.65
13657,2011-05-05 09:55:00,2010-12-01 11:32:00,20,5527.73,United Kingdom,219,154,276.39,0.0,1,2,4,4,At-Risk High Value,0.993
13658,2011-08-16 07:35:00,2010-12-22 09:27:00,28,8219.07,United Kingdom,116,236,293.54,0.0,1,3,5,5,Regular,0.931
13659,2011-08-04 13:46:00,2010-12-03 17:26:00,10,2868.1,United Kingdom,128,243,286.81,0.0075,1,3,3,4,Regular,0.95
13660,2011-08-14 07:15:00,2011-01-03 14:04:00,15,4446.63,Ireland,118,222,296.44,0.0,1,3,4,4,Regular,1.0
13661,2011-08-26 19:30:00,2010-12-05 12:50:00,19,5519.7,United Kingdom,106,264,290.51,0.0,1,3,4,4,Regular,0.55
13662,2011-07-31 16:19:00,2010-12-13 08:58:00,24,8060.32,United Kingdom,132,230,335.85,0.038,1,3,5,5,Regular,0.931
13663,2011-05-04 08:29:00,2010-12-13 16:50:00,19,5817.01,United Kingdom,220,141,306.16,0.0,1,2,4,4,At-Risk High Value,0.993
13664,2011-08-25 19:35:00,2010-12-19 08:53:00,26,8377.16,Spain,107,249,322.2,0.0165,1,3,5,5,Regular,0.759
13665,2011-05-03 12:26:00,2010-12-01 15:56:00,16,3997.74,United Kingdom,221,152,249.86,0.1117,1,2,4,4,At-Risk High Value,0.993
13666,2011-05-08 07:40:00,2010-12-05 13:43:00,26,8193.07,United Kingdom,216,153,315.12,0.0275,1,2,5,5,At-Risk High Value,0.993
13667,2011-03-25 17:51:00,2010-12-05 18:45:00,12,3279.22,United Kingdom,260,109,273.27,0.1061,1,1,3,4,Regular,0.993
13668,2011-04-27 09:06:00,2010-12-04 16:06:00,26,7214.33,United Kingdom,227,143,277.47,0.021,1,1,5,5,At-Risk High Value,0.993
13669,2011-07-25 16:26:00,2010-12-21 16:45:00,20,5477.96,United Kingdom,138,215,273.9,0.0429,1,2,4,4,At-Risk High Value,0.993
13670,2011-08-29 12:20:00,2010-12-28 10:45:00,23,6860.08,United Kingdom,103,244,298.26,0.0,1,3,5,5,Regular,0.931
13671,2011-08-22 17:45:00,2010-12-01 16:25:00,24,8877.86,United Kingdom,110,264,369.91,0.0,1,3,5,5,Regular,0.55
13672,2011-08-25 15:18:00,2010-12-01 13:44:00,25,7162.44,United Kingdom,107,267,286.5,0.0735,1,3,5,5,Regular,0.19
13673,2011-05-21 07:26:00,2010-12-04 11:20:00,24,7408.81,United Kingdom,203,167,308.7,0.0386,1,2,5,5,At-Risk High Value,0.993
13674,2011-09-02 13:35:00,2011-01-22 15:27:00,12,2846.15,Ireland,99,222,237.18,0.0,1,3,3,4,Regular,0.95
13675,2011-09-04 15:13:00,2010-12-20 19:52:00,25,8854.14,United Kingdom,97,257,354.17,0.0613,1,3,5,5,Regular,0.759
13676,2011-05-15 14:17:00,2010-12-10 19:53:00,12,3184.74,United Kingdom,209,155,265.4,0.0,1,2,3,4,Regular,0.993
13677,2011-07-29 15:56:00,2010-12-01 07:43:00,18,4692.84,United Kingdom,134,240,260.71,0.0,1,3,4,4,Regular,0.65
13678,2011-05-08 16:47:00,2010-12-04 14:29:00,13,3731.35,United Kingdom,216,155,287.03,0.0,1,2,4,4,At-Risk High Value,0.993
13679,2011-06-11 13:17:00,2010-12-11 08:26:00,20,6767.93,United Kingdom,182,182,338.4,0.0629,1,2,4,5,At-Risk High Value,0.993
13680,2011-05-22 14:24:00,2010-12-17 18:16:00,16,4338.16,United Kingdom,202,155,271.14,0.0529,1,2,4,4,At-Risk High Value,0.993
13681,2011-04-11 15:54:00,2010-12-13 11:19:00,23,7689.64,United Kingdom,243,119,334.33,0.0,1,1,5,5,At-Risk High Value,0.993
13682,2011-04-16 18:38:00,2010-12-11 18:43:00,13,3647.96,United Kingdom,238,125,280.61,0.0,1,1,4,4,At-Risk High Value,0.993
13683,2011-07-13 13:58:00,2010-12-01 15:24:00,25,6496.34,United Kingdom,150,223,259.85,0.0,1,2,5,5,At-Risk High Value,0.931
13684,2011-09-05 07:11:00,2011-01-06 18:03:00,25,6662.52,Germany,96,241,266.5,0.0526,1,3,5,5,Regular,0.931
13685,2011-06-26 07:40:00,2010-12-13 15:50:00,22,5898.69,United Kingdom,167,194,268.12,0.0,1,2,4,4,At-Risk High Value,0.993
13686,2011-08-13 15:07:00,2011-01-17 12:05:00,9,2201.03,Germany,119,208,244.56,0.1538,1,3,3,4,Regular,0.993
13687,2011-04-06 13:58:00,2010-12-11 17:11:00,20,4803.5,United Kingdom,248,115,240.18,0.0054,1,1,4,4,At-Risk High Value,0.993
13688,2011-06-09 12:33:00,2010-12-13 17:28:00,22,5413.44,United Kingdom,184,177,246.07,0.0,1,2,4,4,At-Risk High Value,0.993
13689,2011-05-26 15:42:00,2010-12-01 09:11:00,13,3674.86,United Kingdom,198,176,282.68,0.0545,1,2,4,4,At-Risk High Value,0.993
13690,2011-05-19 13:23:00,2010-12-24 13:17:00,22,5913.22,United Kingdom,205,146,268.78,0.0,1,2,4,4,At-Risk High Value,0.993
13691,2011-05-02 17:19:00,2010-12-15 15:09:00,23,6686.32,United Kingdom,222,138,290.71,0.061,1,2,5,5,At-Risk High Value,0.993
13692,2011-08-15 09:42:00,2010-12-01 11:00:00,19,4452.57,United Kingdom,117,256,234.35,0.005,1,3,4,4,Regular,0.447
13693,2011-04-10 08:55:00,2010-12-06 14:06:00,23,7649.47,United Kingdom,244,124,332.59,0.0517,1,1,5,5,At-Risk High Value,0.993
13694,2011-06-14 16:34:00,2010-12-25 14:54:00,18,5728.98,United Kingdom,179,171,318.28,0.064,1,2,4,4,At-Risk High Value,0.993
13695,2011-05-12 14:58:00,2010-12-08 09:40:00,20,4734.75,United Kingdom,212,155,236.74,0.0,1,2,4,4,At-Risk High Value,0.993
13696,2011-06-16 09:14:00,2010-12-08 10:54:00,14,4071.43,United Kingdom,177,189,290.82,0.0,1,2,4,4,At-Risk High Value,0.993
13697,2011-05-06 18:40:00,2010-12-06 17:26:00,27,6094.2,United Kingdom,218,151,225.71,0.0,1,2,5,4,At-Risk High Value,0.993
13698,2011-09-05 09:33:00,2010-12-14 17:26:00,28,10147.25,United Kingdom,96,264,362.4,0.0,1,3,5,5,Regular,0.55
13699,2011-06-17 15:46:00,2010-12-26 09:10:00,22,5089.53,United Kingdom,176,173,231.34,0.0615,1,2,4,4,At-Risk High Value,0.993
13700,2011-04-14 18:20:00,2010-12-04 13:00:00,16,4882.77,United Kingdom,240,131,305.17,0.0,1,1,4,4,At-Risk High Value,0.993
13701,2011-07-13 08:09:00,2010-12-15 07:58:00,18,5831.3,Ireland,150,210,323.96,0.0675,1,2,4,4,At-Risk High Value,0.993
13702,2011-04-29 15:12:00,2010-12-04 07:39:00,18,4612.65,Ireland,225,146,256.26,0.0,1,1,4,4,At-Risk High Value,0.993
13703,2011-04-22 07:29:00,2010-12-07 13:23:00,17,5624.95,United Kingdom,232,135,330.88,0.0,1,1,4,4,At-Risk High Value,0.993
13704,2011-08-06 09:18:00,2010-12-30 10:53:00,16,4416.28,United Kingdom,126,218,276.02,0.087,1,3,4,4,Regular,0.65
13705,2011-05-22 15:27:00,2010-12-03 18:10:00,22,6044.59,United Kingdom,202,169,274.75,0.0,1,2,4,4,At-Risk High Value,0.993
13706,2011-05-13 13:02:00,2010-12-04 09:52:00,11,3887.23,United Kingdom,211,160,353.38,0.0,1,2,3,4,Regular,0.993
13707,2011-04-30 08:01:00,2010-12-06 12:04:00,16,4839.78,United Kingdom,224,144,302.49,0.0625,1,1,4,4,At-Risk High Value,0.993
13708,2011-05-14 09:59:00,2010-12-06 13:22:00,19,6041.58,United Kingdom,210,158,317.98,0.0517,1,2,4,4,At-Risk High Value,0.993
13709,2011-05-13 15:19:00,2010-12-13 13:33:00,25,8995.09,Ireland,211,151,359.8,0.1067,1,2,5,5,At-Risk High Value,0.993
13710,2011-07-11 08:27:00,2010-12-02 16:19:00,14,4398.36,United Kingdom,152,220,314.17,0.0,1,2,4,4,At-Risk High Value,1.0
13711,2011-04-01 17:37:00,2010-12-10 17:06:00,20,5291.26,Portugal,253,112,264.56,0.1128,1,1,4,4,At-Risk High Value,0.993
13712,2011-04-14 19:37:00,2010-12-03 19:41:00,23,6132.55,Portugal,240,131,266.63,0.041,1,1,5,4,At-Risk High Value,0.993
13713,2011-03-27 11:12:00,2010-12-03 07:32:00,26,7277.96,France,258,114,279.92,0.0,1,1,5,5,At-Risk High Value,0.993
13714,2011-07-01 14:41:00,2010-12-04 07:18:00,23,7517.27,United Kingdom,162,209,326.84,0.0515,1,2,5,5,At-Risk High Value,0.993
13715,2011-05-28 08:07:00,2010-12-05 16:48:00,10,3866.02,United Kingdom,196,173,386.6,0.0,1,2,3,4,Regular,0.993
13716,2011-09-05 10:24:00,2010-12-18 14:08:00,24,6706.4,Germany,96,260,279.43,0.0,1,3,5,5,Regular,0.759
13717,2011-07-03 17:03:00,2010-12-17 12:02:00,20,6290.46,Ireland,160,198,314.52,0.0,1,2,4,5,At-Risk High Value,0.993
13718,2011-09-02 08:16:00,2010-12-07 19:34:00,16,4160.45,Netherlands,99,268,260.03,0.0,1,3,4,4,Regular,0.55
13719,2011-03-25 08:37:00,2010-12-03 18:57:00,23,6523.16,Germany,260,111,283.62,0.0,1,1,5,5,At-Risk High Value,0.993
13720,2011-03-26 13:54:00,2010-12-07 17:19:00,12,3230.43,United Kingdom,259,108,269.2,0.0,1,1,3,4,Regular,0.993
13721,2011-08-19 17:14:00,2010-12-11 09:51:00,11,3730.38,United Kingdom,113,251,339.13,0.0,1,3,3,4,Regular,0.759
13722,2011-08-19 07:00:00,2010-12-01 19:03:00,18,5132.13,United Kingdom,113,260,285.12,0.0,1,3,4,4,Regular,0.759
13723,2011-04-04 15:21:00,2010-12-03 13:30:00,27,6963.9,United Kingdom,250,122,257.92,0.0377,1,1,5,5,At-Risk High Value,0.993
13724,2011-05-10 15:06:00,2010-12-04 19:20:00,18,6283.57,United Kingdom,214,156,349.09,0.0157,1,2,4,5,At-Risk High Value,0.993
13725,2011-05-27 11:33:00,2010-12-05 11:58:00,27,7651.52,United Kingdom,197,172,283.39,0.0,1,2,5,5,At-Risk High Value,0.993
13726,2011-07-03 13:37:00,2010-12-09 08:57:00,16,5343.12,United Kingdom,160,206,333.94,0.0,1,2,4,4,At-Risk High Value,0.993
13727,2011-06-07 15:57:00,2010-12-06 11:26:00,27,8731.05,United Kingdom,186,183,323.37,0.0378,1,2,5,5,At-Risk High Value,0.993
13728,2011-05-22 17:49:00,2010-12-07 07:29:00,21,6239.92,United Kingdom,202,166,297.14,0.0,1,2,4,5,At-Risk High Value,0.993
13729,2011-03-27 16:41:00,2010-12-11 11:23:00,12,3054.29,United Kingdom,258,106,254.52,0.0828,1,1,3,4,Regular,0.993
13730,2011-04-12 14:13:00,2010-12-05 08:24:00,16,5180.28,Ireland,242,128,323.77,0.0,1,1,4,4,At-Risk High Value,0.993
13731,2011-07-23 13:25:00,2010-12-08 17:36:00,23,5834.43,Spain,140,226,253.67,0.0597,1,2,5,4,At-Risk High Value,0.931
13732,2011-07-01 10:12:00,2010-12-31 16:56:00,15,4500.35,Germany,162,181,300.02,0.0,1,2,4,4,At-Risk High Value,0.993
13733,2011-04-05 09:07:00,2010-12-28 09:10:00,19,4898.53,United Kingdom,249,97,257.82,0.0,1,1,4,4,At-Risk High Value,0.993
13734,2011-07-09 14:56:00,2010-12-10 12:24:00,23,7118.53,United Kingdom,154,211,309.5,0.0,1,2,5,5,At-Risk High Value,0.993
13735,2011-08-07 18:56:00,2010-12-27 10:53:00,10,3003.82,United Kingdom,125,223,300.38,0.0811,1,3,3,4,Regular,1.0
13736,2011-08-08 18:13:00,2010-12-15 09:22:00,13,3378.08,United Kingdom,124,236,259.85,0.0,1,3,4,4,Regular,1.0
13737,2011-04-09 18:42:00,2010-12-07 14:41:00,28,7314.56,France,245,123,261.23,0.0,1,1,5,5,At-Risk High Value,0.993
13738,2011-08-05 08:15:00,2010-12-19 15:17:00,18,5250.05,United Kingdom,127,228,291.67,0.0354,1,3,4,4,Regular,0.65
13739,2011-05-18 11:52:00,2010-12-20 15:53:00,20,6663.54,United Kingdom,206,148,333.18,0.0458,1,2,4,5,At-Risk High Value,0.993
13740,2011-07-30 15:50:00,2010-12-15 10:08:00,13,3608.56,Germany,133,227,277.58,0.0,1,3,4,4,Regular,1.0
13741,2011-08-29 07:23:00,2010-12-10 19:01:00,28,8541.84,United Kingdom,103,261,305.07,0.0,1,3,5,5,Regular,0.55
13742,2011-05-30 19:44:00,2010-12-10 14:25:00,18,4214.63,United Kingdom,194,171,234.15,0.0558,1,2,4,4,At-Risk High Value,0.993
13743,2011-04-13 11:36:00,2010-12-15 19:51:00,21,5239.84,United Kingdom,241,118,249.52,0.0,1,1,4,4,At-Risk High Value,0.993
13744,2011-08-30 09:25:00,2010-12-05 08:56:00,28,7813.69,United Kingdom,102,268,279.06,0.0,1,3,5,5,Regular,0.55
13745,2011-04-18 15:30:00,2010-12-01 16:09:00,18,5653.13,United Kingdom,236,137,314.06,0.0448,1,1,4,4,At-Risk High Value,0.993
13746,2011-06-29 12:37:00,2010-12-28 10:24:00,12,3117.94,Ireland,164,183,259.83,0.0,1,2,3,4,Regular,0.993
13747,2011-08-23 13:22:00,2010-12-31 14:14:00,25,7201.89,United Kingdom,109,234,288.08,0.0,1,3,5,5,Regular,0.931
13748,2011-07-14 17:31:00,2010-12-21 18:22:00,25,7836.27,United Kingdom,149,204,313.45,0.0397,1,2,5,5,At-Risk High Value,0.993
13749,2011-03-26 19:19:00,2010-12-10 12:48:00,22,6382.2,United Kingdom,259,106,290.1,0.0,1,1,4,5,At-Risk High Value,0.993
13750,2011-06-23 07:55:00,2010-12-10 16:23:00,23,7116.91,United Kingdom,170,194,309.43,0.045,1,2,5,5,At-Risk High Value,0.993
13751,2011-04-29 09:18:00,2010-12-04 19:46:00,22,7442.81,United Kingdom,225,145,338.31,0.0,1,1,4,5,At-Risk High Value,0.993
13752,2011-05-23 12:23:00,2010-12-05 15:01:00,24,7289.45,France,201,168,303.73,0.0725,1,2,5,5,At-Risk High Value,0.993
13753,2011-04-01 09:34:00,2010-12-01 09:02:00,11,3668.96,Ireland,253,121,333.54,0.0,1,1,3,4,Regular,0.993
13754,2011-04-24 14:04:00,2010-12-04 12:12:00,27,8749.91,United Kingdom,230,141,324.07,0.0,1,1,5,5,At-Risk High Value,0.993
13755,2011-05-05 08:08:00,2010-12-08 17:55:00,12,4439.22,Germany,219,147,369.94,0.0,1,2,3,4,Regular,0.993
13756,2011-05-09 08:44:00,2010-12-16 10:58:00,14,4556.47,United Kingdom,215,143,325.46,0.0,1,2,4,4,At-Risk High Value,0.993
13757,2011-08-26 12:20:00,2010-12-07 08:11:00,20,5808.21,United Kingdom,106,262,290.41,0.0,1,3,4,4,Regular,0.55
13758,2011-05-05 15:08:00,2010-12-27 09:06:00,25,7641.75,Germany,219,129,305.67,0.0233,1,2,5,5,At-Risk High Value,0.993
13759,2011-04-15 09:26:00,2010-12-24 10:52:00,12,3613.64,United Kingdom,239,111,301.14,0.0,1,1,3,4,Regular,0.993
13760,2011-05-17 16:25:00,2010-12-15 19:07:00,25,7104.73,United Kingdom,207,152,284.19,0.0,1,2,5,5,At-Risk High Value,0.993
13761,2011-06-27 14:44:00,2010-12-02 10:39:00,20,6354.34,France,166,207,317.72,0.0754,1,2,4,5,At-Risk High Value,0.993
13762,2011-08-13 16:11:00,2010-12-06 09:39:00,27,8946.0,United Kingdom,119,250,331.33,0.0194,1,3,5,5,Regular,0.759
13763,2011-06-04 11:45:00,2010-12-01 13:18:00,26,8341.25,United Kingdom,189,184,320.82,0.0,1,2,5,5,At-Risk High Value,0.993
13764,2011-07-05 15:52:00,2010-12-03 13:57:00,25,7373.77,United Kingdom,158,214,294.95,0.0789,1,2,5,5,At-Risk High Value,0.993
13765,2011-07-17 13:52:00,2010-12-01 08:54:00,21,5339.84,France,146,228,254.28,0.0705,1,2,4,4,At-Risk High Value,0.65
13766,2011-06-10 14:21:00,2010-12-04 09:42:00,13,3611.79,United Kingdom,183,188,277.83,0.122,1,2,4,4,At-Risk High Value,0.993
13767,2011-04-06 17:34:00,2010-12-10 13:02:00,11,3716.41,United Kingdom,248,117,337.86,0.0,1,1,3,4,Regular,0.993
13768,2011-03-31 11:39:00,2010-12-13 19:26:00,27,7251.3,United Kingdom,254,107,268.57,0.0219,1,1,5,5,At-Risk High Value,0.993
13769,2011-04-11 18:32:00,2010-12-21 19:25:00,17,3614.31,United Kingdom,243,110,212.61,0.0,1,1,4,4,At-Risk High Value,0.993
13770,2011-06-14 12:07:00,2010-12-14 18:40:00,18,5189.92,Spain,179,181,288.33,0.0,1,2,4,4,At-Risk High Value,0.993
13771,2011-07-31 19:17:00,2010-12-06 11:34:00,22,6576.74,Ireland,132,237,298.94,0.0,1,3,4,5,Regular,0.931
13772,2011-05-20 13:26:00,2010-12-19 12:07:00,22,7956.79,United Kingdom,204,152,361.67,0.0,1,2,4,5,At-Risk High Value,0.993
13773,2011-06-17 08:47:00,2011-01-06 12:05:00,11,2348.32,United Kingdom,176,161,213.48,0.0,1,2,3,4,Regular,0.993
13774,2011-06-26 13:10:00,2010-12-17 08:09:00,11,1701.82,United Kingdom,167,191,154.71,0.1346,1,2,3,4,Regular,0.993
13775,2011-03-26 10:36:00,2010-12-10 16:42:00,9,3466.49,United Kingdom,259,105,385.17,0.0723,1,1,3,4,Regular,0.993
13776,2011-04-14 17:49:00,2010-12-04 12:45:00,22,7441.86,Portugal,240,131,338.27,0.0445,1,1,4,5,At-Risk High Value,0.993
13777,2011-04-12 18:08:00,2010-12-03 18:36:00,13,3439.93,United Kingdom,242,129,264.61,0.0732,1,1,4,4,At-Risk High Value,0.993
13778,2011-04-05 09:07:00,2010-12-07 08:01:00,22,5301.67,Germany,249,119,240.98,0.0,1,1,4,4,At-Risk High Value,0.993
13779,2011-05-28 09:45:00,2010-12-10 11:48:00,14,3776.84,United Kingdom,196,168,269.77,0.0,1,2,4,4,At-Risk High Value,0.993
13780,2011-06-15 14:47:00,2010-12-02 15:16:00,27,8314.89,United Kingdom,178,194,307.96,0.0588,1,2,5,5,At-Risk High Value,0.993
13781,2011-06-17 15:30:00,2010-12-25 17:35:00,11,3250.16,Spain,176,173,295.47,0.0,1,2,3,4,Regular,0.993
13782,2011-06-28 17:15:00,2010-12-15 10:25:00,16,4096.11,United Kingdom,165,195,256.01,0.0,1,2,4,4,At-Risk High Value,0.993
13783,2011-08-30 11:50:00,2011-01-02 12:38:00,27,7048.25,United Kingdom,102,239,261.05,0.0,1,3,5,5,Regular,0.931
13784,2011-04-07 12:52:00,2010-12-07 11:01:00,23,8847.99,United Kingdom,247,121,384.7,0.1161,1,1,5,5,At-Risk High Value,0.993
13785,2011-05-22 19:57:00,2010-12-10 08:02:00,10,3149.04,United Kingdom,201,163,314.9,0.0,1,2,3,4,Regular,0.993
13786,2011-05-31 19:31:00,2010-12-01 11:49:00,23,7562.14,United Kingdom,193,181,328.79,0.0,1,2,5,5,At-Risk High Value,0.993
13787,2011-06-25 07:04:00,2010-12-13 15:49:00,22,5870.52,United Kingdom,168,193,266.84,0.0,1,2,4,4,At-Risk High Value,0.993
13788,2011-04-13 17:15:00,2010-12-16 15:19:00,21,5796.59,United Kingdom,241,118,276.03,0.0579,1,1,4,4,At-Risk High Value,0.993
13789,2011-07-11 15:40:00,2010-12-27 13:55:00,21,5831.87,United Kingdom,152,196,277.71,0.0,1,2,4,4,At-Risk High Value,0.993
13790,2011-05-13 17:07:00,2010-12-19 09:44:00,15,4182.58,United Kingdom,211,145,278.84,0.075,1,2,4,4,At-Risk High Value,0.993
13791,2011-09-04 17:13:00,2010-12-22 16:39:00,12,2998.28,Ireland,97,256,249.86,0.0,1,3,3,4,Regular,0.447
13792,2011-05-11 14:29:00,2010-12-20 14:41:00,18,5060.28,United Kingdom,213,141,281.13,0.0,1,2,4,4,At-Risk High Value,0.993
13793,2011-07-10 13:05:00,2010-12-06 15:00:00,22,5349.69,United Kingdom,153,215,243.17,0.0752,1,2,4,4,At-Risk High Value,0.993
13794,2011-07-28 15:00:00,2010-12-06 08:12:00,14,3038.5,Portugal,135,234,217.04,0.1074,1,3,4,4,Regular,1.0
13795,2011-07-25 09:55:00,2010-12-15 11:39:00,13,4602.87,United Kingdom,138,221,354.07,0.0,1,2,4,4,At-Risk High Value,1.0
13796,2011-04-20 17:57:00,2011-01-12 15:08:00,10,3035.85,United Kingdom,234,98,303.58,0.0,1,1,3,4,Regular,0.993
13797,2011-03-26 19:56:00,2010-12-12 09:51:00,16,4246.44,United Kingdom,258,104,265.4,0.0,1,1,4,4,At-Risk High Value,0.993
13798,2011-07-12 16:31:00,2010-12-01 15:08:00,18,5354.04,United Kingdom,151,223,297.45,0.0422,1,2,4,4,At-Risk High Value,0.65
13799,2011-08-25 10:00:00,2010-12-06 11:14:00,22,7938.23,Ireland,107,261,360.83,0.0,1,3,4,5,Regular,0.55
13800,2011-09-03 12:21:00,2010-12-09 15:30:00,23,6090.28,United Kingdom,98,267,264.79,0.0,1,3,5,4,Regular,0.55
13801,2011-05-30 17:38:00,2010-12-03 18:29:00,11,2096.1,Germany,194,177,190.55,0.0,1,2,3,4,Regular,0.993
13802,2011-04-14 18:55:00,2010-12-04 13:03:00,25,5767.09,United Kingdom,240,131,230.68,0.0,1,1,5,4,At-Risk High Value,0.993
13803,2011-08-05 09:12:00,2010-12-29 17:34:00,19,5000.02,United Kingdom,127,218,263.16,0.0866,1,3,4,4,Regular,0.65
13804,2011-04-14 16:50:00,2010-12-05 13:09:00,24,5212.23,Ireland,240,130,217.18,0.0,1,1,5,4,At-Risk High Value,0.993
13805,2011-03-25 17:19:00,2010-12-03 19:37:00,14,3638.22,Germany,260,111,259.87,0.0,1,1,4,4,At-Risk High Value,0.993
13806,2011-04-21 14:19:00,2010-12-02 16:07:00,24,7311.14,United Kingdom,233,139,304.63,0.0,1,1,5,5,At-Risk High Value,0.993
13807,2011-07-27 10:16:00,2011-02-16 14:24:00,12,2679.23,Spain,136,160,223.27,0.0,1,3,3,4,Regular,0.993
13808,2011-07-29 09:15:00,2010-12-14 13:36:00,21,5646.39,United Kingdom,134,226,268.88,0.0449,1,3,4,4,Regular,0.65
13809,2011-07-15 16:47:00,2011-01-05 16:30:00,21,6405.84,United Kingdom,148,191,305.04,0.0,1,2,4,5,At-Risk High Value,0.993
13810,2011-08-02 10:39:00,2010-12-07 10:13:00,23,6824.07,United Kingdom,130,238,296.7,0.0,1,3,5,5,Regular,0.931
13811,2011-06-01 10:45:00,2010-12-17 12:50:00,14,4862.79,United Kingdom,192,165,347.34,0.0,1,2,4,4,At-Risk High Value,0.993
13812,2011-04-14 14:26:00,2010-12-01 13:06:00,19,6017.14,United Kingdom,240,134,316.69,0.0803,1,1,4,4,At-Risk High Value,0.993
13813,2011-06-28 18:49:00,2010-12-08 18:20:00,12,3756.03,United Kingdom,165,202,313.0,0.0,1,2,3,4,Regular,0.993
13814,2011-06-14 11:30:00,2010-12-04 14:14:00,26,7611.0,United Kingdom,179,191,292.73,0.0033,1,2,5,5,At-Risk High Value,0.993
13815,2011-08-12 08:38:00,2010-12-08 07:44:00,25,7633.95,United Kingdom,120,247,305.36,0.0635,1,3,5,5,Regular,0.759
13816,2011-08-16 10:41:00,2010-12-13 16:41:00,10,2761.02,United Kingdom,116,245,276.1,0.0,1,3,3,4,Regular,0.95
13817,2011-05-18 14:07:00,2011-01-10 16:31:00,11,3903.71,United Kingdom,206,127,354.88,0.0,1,2,3,4,Regular,0.993
13818,2011-05-30 08:23:00,2010-12-09 08:55:00,23,5752.06,United Kingdom,194,171,250.09,0.0412,1,2,5,4,At-Risk High Value,0.993
13819,2011-07-28 10:25:00,2010-12-03 18:44:00,19,5168.83,United Kingdom,135,236,272.04,0.0,1,3,4,4,Regular,0.65
13820,2011-05-07 19:23:00,2010-12-17 09:50:00,11,3210.42,Belgium,217,141,291.86,0.0625,1,2,3,4,Regular,0.993
13821,2011-08-30 17:47:00,2010-12-10 13:53:00,20,6597.38,United Kingdom,102,263,329.87,0.0,1,3,4,5,Regular,0.55
13822,2011-07-22 13:29:00,2010-12-18 18:22:00,12,2860.65,United Kingdom,141,215,238.39,0.0,1,2,3,4,Regular,0.993
13823,2011-03-28 16:10:00,2010-12-04 15:34:00,20,5130.24,United Kingdom,257,114,256.51,0.0,1,1,4,4,At-Risk High Value,0.993
13824,2011-06-03 10:20:00,2010-12-21 10:20:00,10,1969.38,United Kingdom,190,164,196.94,0.0,1,2,3,4,Regular,0.993
13825,2011-03-25 09:54:00,2010-12-04 17:41:00,27,8977.31,United Kingdom,260,110,332.49,0.0,1,1,5,5,At-Risk High Value,0.993
13826,2011-07-28 08:37:00,2010-12-08 15:24:00,15,4452.6,United Kingdom,135,231,296.84,0.0637,1,3,4,4,Regular,1.0
13827,2011-07-08 18:02:00,2010-12-01 11:16:00,13,3605.05,United Kingdom,155,219,277.31,0.0,1,2,4,4,At-Risk High Value,1.0
13828,2011-06-10 10:20:00,2010-12-02 14:51:00,19,4891.42,Ireland,183,189,257.44,0.0,1,2,4,4,At-Risk High Value,0.993
13829,2011-05-13 16:50:00,2010-12-11 17:25:00,17,4777.22,Germany,211,152,281.01,0.0,1,2,4,4,At-Risk High Value,0.993
13830,2011-08-05 09:00:00,2010-12-02 11:55:00,14,4327.81,United Kingdom,127,245,309.13,0.0,1,3,4,4,Regular,1.0
13831,2011-05-16 08:46:00,2010-12-07 19:54:00,24,5819.67,United Kingdom,208,159,242.49,0.0,1,2,5,4,At-Risk High Value,0.993
13832,2011-07-03 10:41:00,2010-12-09 18:13:00,18,4245.06,Netherlands,160,205,235.84,0.0,1,2,4,4,At-Risk High Value,0.993
13833,2011-04-23 14:52:00,2010-12-30 15:42:00,15,5009.27,Germany,231,113,333.95,0.0,1,1,4,4,At-Risk High Value,0.993
13834,2011-03-27 19:36:00,2010-12-01 09:39:00,24,7157.52,France,258,116,298.23,0.0,1,1,5,5,At-Risk High Value,0.993
13835,2011-05-24 12:06:00,2010-12-01 18:35:00,20,6101.37,United Kingdom,200,173,305.07,0.0906,1,2,4,4,At-Risk High Value,0.993
13836,2011-08-05 14:06:00,2010-12-01 15:58:00,25,7803.89,Germany,127,246,312.16,0.06,1,3,5,5,Regular,0.759
13837,2011-04-13 08:17:00,2010-12-07 07:18:00,24,6556.42,United Kingdom,241,127,273.18,0.0,1,1,5,5,At-Risk High Value,0.993
13838,2011-04-15 11:39:00,2010-12-01 10:55:00,24,6469.88,Germany,239,135,269.58,0.0473,1,1,5,5,At-Risk High Value,0.993
13839,2011-07-28 19:36:00,2010-12-07 10:51:00,19,5707.45,United Kingdom,135,233,300.39,0.0466,1,3,4,4,Regular,0.65
13840,2011-08-29 10:12:00,2010-12-02 14:15:00,23,5995.56,Germany,103,269,260.68,0.0868,1,3,5,4,Regular,0.19
13841,2011-07-16 13:48:00,2010-12-16 13:15:00,28,9067.29,United Kingdom,147,212,323.83,0.0,1,2,5,5,At-Risk High Value,0.993
13842,2011-05-23 11:53:00,2010-12-06 10:35:00,25,5916.21,United Kingdom,201,168,236.65,0.0,1,2,5,4,At-Risk High Value,0.993
13843,2011-06-05 16:31:00,2011-01-15 13:23:00,10,2927.06,United Kingdom,188,141,292.71,0.0,1,2,3,4,Regular,0.993
13844,2011-08-19 07:22:00,2011-02-20 11:14:00,14,3689.27,Ireland,113,179,263.52,0.038,1,3,4,4,Regular,0.993
13845,2011-04-17 08:36:00,2010-12-06 19:11:00,17,6734.89,United Kingdom,237,131,396.17,0.1279,1,1,4,5,At-Risk High Value,0.993
13846,2011-07-05 14:32:00,2010-12-01 10:08:00,23,6885.28,United Kingdom,158,216,299.36,0.0495,1,2,5,5,At-Risk High Value,0.993
13847,2011-07-25 07:51:00,2010-12-11 07:29:00,18,6865.17,United Kingdom,138,226,381.4,0.0,1,2,4,5,At-Risk High Value,0.931
13848,2011-05-16 15:03:00,2010-12-10 09:35:00,11,2897.88,United Kingdom,208,157,263.44,0.0,1,2,3,4,Regular,0.993
13849,2011-04-14 07:08:00,2010-12-25 17:17:00,16,5563.81,United Kingdom,240,109,347.74,0.0,1,1,4,4,At-Risk High Value,0.993
13850,2011-04-06 12:53:00,2010-12-04 13:08:00,19,4968.7,United Kingdom,248,122,261.51,0.0,1,1,4,4,At-Risk High Value,0.993
13851,2011-09-05 13:10:00,2011-01-01 18:06:00,21,5176.35,United Kingdom,96,246,246.49,0.0,1,3,4,4,Regular,0.447
13852,2011-08-31 10:10:00,2010-12-16 17:05:00,12,2888.94,United Kingdom,101,257,240.74,0.0,1,3,3,4,Regular,0.447
13853,2011-08-08 10:18:00,2010-12-03 15:13:00,27,8300.17,United Kingdom,124,247,307.41,0.0,1,3,5,5,Regular,0.759
13854,2011-06-07 17:12:00,2010-12-01 11:16:00,23,6496.02,United Kingdom,186,188,282.44,0.0,1,2,5,5,At-Risk High Value,0.993
13855,2011-03-29 18:46:00,2010-12-02 07:39:00,16,3554.55,Netherlands,256,117,222.16,0.0128,1,1,4,4,At-Risk High Value,0.993
13856,2011-06-26 15:16:00,2010-12-11 14:15:00,17,6117.1,United Kingdom,167,197,359.83,0.0,1,2,4,4,At-Risk High Value,0.993
13857,2011-06-30 19:08:00,2010-12-12 09:01:00,13,4920.63,United Kingdom,163,200,378.51,0.0,1,2,4,4,At-Risk High Value,0.993
13858,2011-05-22 08:42:00,2010-12-10 17:20:00,25,7145.02,Ireland,202,162,285.8,0.0224,1,2,5,5,At-Risk High Value,0.993
13859,2011-07-11 19:35:00,2010-12-11 07:30:00,27,6381.39,Belgium,152,212,236.35,0.0,1,2,5,5,At-Risk High Value,0.993
13860,2011-06-26 08:57:00,2010-12-23 19:02:00,10,3028.21,France,167,184,302.82,0.0,1,2,3,4,Regular,0.993
13861,2011-08-09 17:34:00,2011-01-01 19:20:00,28,8260.78,United Kingdom,123,219,295.03,0.0,1,3,5,5,Regular,0.931
13862,2011-05-04 14:22:00,2010-12-02 19:28:00,17,4240.77,France,220,152,249.46,0.0,1,2,4,4,At-Risk High Value,0.993
13863,2011-05-09 19:20:00,2010-12-02 14:10:00,20,6509.53,United Kingdom,215,158,325.48,0.0,1,2,4,5,At-Risk High Value,0.993
13864,2011-06-01 16:49:00,2010-12-16 12:31:00,24,7618.3,United Kingdom,192,167,317.43,0.0,1,2,5,5,At-Risk High Value,0.993
13865,2011-08-31 17:04:00,2010-12-27 07:21:00,14,3956.65,United Kingdom,101,247,282.62,0.0,1,3,4,4,Regular,0.759
13866,2011-06-17 11:42:00,2010-12-03 10:06:00,26,7558.06,Ireland,176,196,290.69,0.0,1,2,5,5,At-Risk High Value,0.993
13867,2011-04-01 14:13:00,2010-12-02 15:38:00,19,4434.05,United Kingdom,253,119,233.37,0.0,1,1,4,4,At-Risk High Value,0.993
13868,2011-08-23 09:11:00,2010-12-05 11:51:00,12,3976.59,Ireland,109,260,331.38,0.0621,1,3,3,4,Regular,0.759
13869,2011-07-25 09:06:00,2010-12-03 09:32:00,24,5630.05,Germany,138,233,234.59,0.0816,1,2,5,4,At-Risk High Value,0.65
13870,2011-09-03 11:12:00,2010-12-06 11:31:00,22,7412.29,Portugal,98,270,336.92,0.0,1,3,4,5,Regular,0.55
13871,2011-06-14 10:48:00,2010-12-19 10:24:00,22,5676.51,United Kingdom,179,177,258.02,0.0353,1,2,4,4,At-Risk High Value,0.993
13872,2011-08-28 19:08:00,2010-12-03 11:19:00,12,3314.32,Germany,104,268,276.19,0.0714,1,3,3,4,Regular,0.19
13873,2011-07-09 11:37:00,2010-12-24 17:24:00,11,2668.57,United Kingdom,154,196,242.6,0.0,1,2,3,4,Regular,0.993
13874,2011-07-28 11:46:00,2010-12-26 07:19:00,17,3857.27,United Kingdom,135,214,226.9,0.0,1,3,4,4,Regular,0.993
13875,2011-06-30 12:41:00,2010-12-08 08:15:00,27,7736.36,Ireland,163,204,286.53,0.0511,1,2,5,5,At-Risk High Value,0.993
13876,2011-06-14 16:26:00,2010-12-11 07:50:00,27,4954.51,United Kingdom,179,185,183.5,0.0328,1,2,5,4,At-Risk High Value,0.993
13877,2011-03-24 18:47:00,2010-12-01 17:07:00,19,5518.46,United Kingdom,261,113,290.45,0.0,1,1,4,4,At-Risk High Value,0.993
13878,2011-04-14 13:16:00,2010-12-23 16:13:00,12,3213.34,United Kingdom,240,111,267.78,0.0,1,1,3,4,Regular,0.993
13879,2011-04-05 18:28:00,2010-12-03 12:27:00,21,4773.68,France,249,123,227.32,0.0736,1,1,4,4,At-Risk High Value,0.993
13880,2011-04-13 17:20:00,2010-12-02 12:07:00,27,7527.33,United Kingdom,241,132,278.79,0.0,1,1,5,5,At-Risk High Value,0.993
13881,2011-08-18 13:56:00,2010-12-19 08:44:00,21,6190.57,United Kingdom,114,242,294.79,0.051,1,3,4,4,Regular,0.931
13882,2011-05-12 13:09:00,2010-12-05 08:33:00,14,4553.82,United Kingdom,212,158,325.27,0.0,1,2,4,4,At-Risk High Value,0.993
13883,2011-04-20 17:35:00,2010-12-07 07:04:00,25,8076.94,United Kingdom,234,134,323.08,0.022,1,1,5,5,At-Risk High Value,0.993
13884,2011-07-04 11:24:00,2010-12-09 12:08:00,27,7746.58,United Kingdom,159,206,286.91,0.0,1,2,5,5,At-Risk High Value,0.993
13885,2011-08-22 16:39:00,2010-12-19 16:14:00,19,5401.09,United Kingdom,110,246,284.27,0.0,1,3,4,4,Regular,0.759
13886,2011-07-11 15:11:00,2010-12-15 14:08:00,27,8944.18,United Kingdom,152,208,331.27,0.0,1,2,5,5,At-Risk High Value,0.993
13887,2011-08-29 14:04:00,2010-12-19 14:15:00,21,5539.83,Germany,103,252,263.8,0.1036,1,3,4,4,Regular,0.447
13888,2011-05-21 16:03:00,2010-12-12 10:21:00,20,5266.24,United Kingdom,203,160,263.31,0.0493,1,2,4,4,At-Risk High Value,0.993
13889,2011-08-08 10:47:00,2010-12-02 12:03:00,18,5418.94,United Kingdom,124,248,301.05,0.0403,1,3,4,4,Regular,0.759
13890,2011-08-03 14:37:00,2010-12-04 18:15:00,27,6963.9,United Kingdom,129,241,257.92,0.0,1,3,5,5,Regular,0.931
13891,2011-05-22 19:35:00,2010-12-17 15:44:00,25,7370.9,United Kingdom,202,156,294.84,0.0783,1,2,5,5,At-Risk High Value,0.993
13892,2011-05-16 08:30:00,2011-01-01 08:36:00,20,5341.01,Belgium,208,134,267.05,0.0,1,2,4,4,At-Risk High Value,0.993
13893,2011-04-01 14:39:00,2010-12-02 11:30:00,13,4162.46,Germany,253,120,320.19,0.0,1,1,4,4,At-Risk High Value,0.993
13894,2011-07-13 17:01:00,2010-12-03 18:15:00,14,4161.87,Portugal,150,221,297.28,0.0,1,2,4,4,At-Risk High Value,1.0
13895,2011-07-23 09:06:00,2010-12-07 07:19:00,26,9178.09,United Kingdom,140,228,353.0,0.0,1,2,5,5,At-Risk High Value,0.931
13896,2011-04-18 15:51:00,2010-12-05 12:53:00,13,4733.43,United Kingdom,236,134,364.11,0.0,1,1,4,4,At-Risk High Value,0.993
13897,2011-07-19 17:28:00,2010-12-11 10:01:00,18,5408.36,United Kingdom,144,220,300.46,0.0,1,2,4,4,At-Risk High Value,0.65
13898,2011-07-01 17:40:00,2011-01-17 08:03:00,11,3497.06,United Kingdom,162,165,317.91,0.0,1,2,3,4,Regular,0.993
13899,2011-08-02 15:30:00,2010-12-05 19:48:00,12,2046.78,United Kingdom,130,239,170.56,0.0,1,3,3,4,Regular,0.95
13900,2011-07-31 10:29:00,2010-12-10 13:22:00,17,3905.58,United Kingdom,132,232,229.74,0.1384,1,3,4,4,Regular,0.65
13901,2011-11-15 09:03:00,2011-03-01 07:35:00,11,930.3,United Kingdom,25,259,84.57,0.0,0,4,3,3,Regular,0.0
13902,2011-11-10 07:08:00,2011-02-23 11:23:00,14,1272.51,United Kingdom,30,259,90.89,0.0,0,4,4,3,Champions,0.0
13903,2011-11-09 11:43:00,2011-03-22 17:15:00,9,837.79,United Kingdom,31,231,93.09,0.0,0,4,3,3,Regular,0.0
13904,2011-11-23 16:48:00,2011-02-27 14:54:00,10,872.5,United Kingdom,17,269,87.25,0.1102,0,4,3,3,Regular,0.014
13905,2011-11-16 19:18:00,2011-02-25 13:07:00,9,1022.77,United Kingdom,24,264,113.64,0.0,0,4,3,3,Regular,0.014
13906,2011-11-27 13:19:00,2011-02-05 14:02:00,10,1439.6,United Kingdom,13,294,143.96,0.0,0,5,3,3,Regular,0.0
13907,2011-11-03 16:54:00,2011-05-08 11:01:00,7,445.89,United Kingdom,37,179,63.7,0.0,0,3,3,2,Regular,0.038
13908,2011-12-02 08:50:00,2011-03-25 08:58:00,10,892.07,United Kingdom,8,251,89.21,0.1458,0,5,3,3,Regular,0.0
13909,2011-11-03 11:13:00,2011-01-23 16:01:00,11,1672.99,France,37,283,152.09,0.0,0,3,3,4,Regular,0.0
13910,2011-12-07 13:55:00,2011-02-24 19:40:00,9,1290.35,United Kingdom,3,285,143.37,0.0,0,5,3,3,Regular,0.0
13911,2011-11-14 07:53:00,2011-02-03 12:26:00,6,784.0,United Kingdom,26,283,130.67,0.0,0,4,3,3,Regular,0.0
13912,2011-11-06 14:12:00,2011-01-13 17:45:00,11,1290.11,Germany,34,296,117.28,0.0,0,3,3,3,Regular,0.0
13913,2011-10-30 18:17:00,2011-01-20 19:42:00,6,810.14,United Kingdom,41,282,135.02,0.0625,0,3,3,3,Regular,0.0
13914,2011-11-26 19:29:00,2011-02-17 15:09:00,7,1094.91,United Kingdom,14,282,156.42,0.0,0,5,3,3,Regular,0.0
13915,2011-12-05 19:24:00,2011-04-18 09:44:00,6,842.03,Spain,5,231,140.34,0.0,0,5,3,3,Regular,0.0
13916,2011-11-10 13:58:00,2011-01-22 17:50:00,10,1331.66,United Kingdom,30,291,133.17,0.1234,0,4,3,3,Regular,0.0
13917,2011-11-16 15:13:00,2011-02-06 14:44:00,11,980.7,Portugal,24,283,89.15,0.0,0,4,3,3,Regular,0.0
13918,2011-11-13 09:07:00,2011-02-03 17:45:00,7,650.14,Netherlands,27,282,92.88,0.0,0,4,3,3,Regular,0.0
13919,2011-11-05 13:21:00,2011-01-17 13:32:00,14,1314.53,United Kingdom,35,291,93.9,0.0,0,3,4,3,Regular,0.0
13920,2011-11-02 17:04:00,2011-02-04 09:28:00,6,690.73,United Kingdom,38,271,115.12,0.0,0,3,3,3,Regular,0.1
13921,2011-12-05 10:46:00,2011-03-08 13:15:00,13,1525.58,United Kingdom,5,271,117.35,0.0,0,5,4,3,Champions,0.014
13922,2011-11-16 14:27:00,2011-01-28 13:12:00,9,1110.58,Belgium,24,292,123.4,0.0,0,4,3,3,Regular,0.0
13923,2011-11-22 15:17:00,2011-01-30 19:26:00,6,661.21,United Kingdom,18,295,110.2,0.0,0,4,3,3,Regular,0.0
13924,2011-12-05 08:54:00,2011-02-27 08:42:00,7,792.17,United Kingdom,5,281,113.17,0.0,0,5,3,3,Regular,0.0
13925,2011-10-30 16:00:00,2011-01-06 11:43:00,14,1977.2,Germany,41,297,141.23,0.0,0,3,4,4,Regular,0.0
13926,2011-11-20 16:42:00,2011-03-16 11:38:00,9,1312.04,United Kingdom,20,249,145.78,0.0,0,4,3,3,Regular,0.0
13927,2011-11-27 07:16:00,2011-02-16 12:43:00,14,1208.81,United Kingdom,13,283,86.34,0.0,0,5,4,3,Champions,0.0
13928,2011-11-08 09:15:00,2011-01-26 12:42:00,12,1508.96,United Kingdom,32,285,125.75,0.0,0,4,3,3,Regular,0.0
13929,2011-11-20 16:57:00,2011-02-20 08:18:00,14,1572.77,Germany,20,273,112.34,0.0,0,4,4,3,Champions,0.0
13930,2011-10-29 12:27:00,2011-03-30 13:56:00,7,707.9,Spain,42,212,101.13,0.0,0,3,3,3,Regular,0.038
13931,2011-11-03 16:50:00,2011-01-25 17:20:00,14,1606.89,France,37,281,114.78,0.0,0,3,4,4,Regular,0.0
13932,2011-10-26 13:25:00,2011-01-13 18:50:00,13,1247.12,United Kingdom,45,285,95.93,0.0,0,3,4,3,Regular,0.0
13933,2011-10-28 18:48:00,2011-01-08 19:45:00,13,1644.5,United Kingdom,43,292,126.5,0.0174,0,3,4,4,Regular,0.0
13934,2011-11-01 12:34:00,2011-01-07 11:27:00,14,1707.07,United Kingdom,39,298,121.93,0.0,0,3,4,4,Regular,0.0
13935,2011-11-09 08:17:00,2011-04-12 18:26:00,6,686.68,United Kingdom,31,210,114.45,0.0,0,4,3,3,Regular,0.038
13936,2011-11-06 16:44:00,2011-02-16 17:31:00,14,2068.94,United Kingdom,34,262,147.78,0.0,0,3,4,4,Regular,0.014
13937,2011-11-26 15:30:00,2011-02-19 09:02:00,10,1235.1,United Kingdom,14,280,123.51,0.0,0,5,3,3,Regular,0.0
13938,2011-10-28 16:44:00,2011-04-06 19:58:00,8,672.79,France,43,204,84.1,0.1059,0,3,3,3,Regular,0.038
13939,2011-11-05 13:46:00,2011-01-30 11:17:00,10,1403.22,Netherlands,35,279,140.32,0.1014,0,3,3,3,Regular,0.0
13940,2011-11-08 17:15:00,2011-02-09 19:12:00,7,884.39,United Kingdom,32,271,126.34,0.0,0,4,3,3,Regular,0.014
13941,2011-10-30 09:39:00,2011-01-06 14:25:00,6,584.34,United Kingdom,41,296,97.39,0.0,0,3,3,2,Regular,0.0
13942,2011-12-03 07:09:00,2011-02-08 14:44:00,13,1266.93,United Kingdom,7,297,97.46,0.0,0,5,4,3,Champions,0.0
13943,2011-11-08 09:39:00,2011-01-26 13:54:00,8,779.58,Germany,32,285,97.45,0.0,0,4,3,3,Regular,0.0
13944,2011-10-30 18:39:00,2011-02-08 14:46:00,12,1599.36,Belgium,41,264,133.28,0.0,0,3,3,4,Regular,0.014
13945,2011-11-10 11:37:00,2011-05-15 11:00:00,7,737.7,United Kingdom,30,179,105.39,0.1124,0,4,3,3,Regular,0.038
13946,2011-12-01 11:00:00,2011-03-07 19:01:00,11,1145.79,United Kingdom,9,268,104.16,0.0775,0,5,3,3,Regular,0.014
13947,2011-11-24 17:03:00,2011-02-09 16:33:00,7,856.56,United Kingdom,16,288,122.37,0.0,0,5,3,3,Regular,0.0
13948,2011-11-24 08:48:00,2011-02-23 18:24:00,9,1241.42,Germany,16,273,137.94,0.0,0,5,3,3,Regular,0.0
13949,2011-11-11 17:16:00,2011-04-20 11:05:00,6,603.71,United Kingdom,29,205,100.62,0.0,0,4,3,2,Regular,0.038
13950,2011-11-09 08:58:00,2011-03-05 10:39:00,14,1624.66,United Kingdom,31,248,116.05,0.0,0,4,4,4,Champions,0.0
13951,2011-12-02 12:14:00,2011-02-08 07:45:00,8,1182.4,United Kingdom,8,297,147.8,0.0,0,5,3,3,Regular,0.0
13952,2011-11-20 17:55:00,2011-02-03 10:20:00,8,744.53,United Kingdom,20,290,93.07,0.0,0,4,3,3,Regular,0.0
13953,2011-11-10 13:26:00,2011-01-14 15:49:00,9,1117.9,United Kingdom,30,299,124.21,0.0244,0,4,3,3,Regular,0.0
13954,2011-11-13 13:05:00,2011-02-02 10:45:00,12,1234.7,United Kingdom,27,284,102.89,0.0,0,4,3,3,Regular,0.0
13955,2011-10-28 15:33:00,2011-02-28 12:24:00,6,756.03,United Kingdom,43,242,126.0,0.0,0,3,3,3,Regular,0.0
13956,2011-11-17 17:19:00,2011-01-23 11:31:00,6,866.85,Ireland,23,298,144.48,0.0,0,4,3,3,Regular,0.0
13957,2011-11-02 12:47:00,2011-01-24 15:43:00,12,1418.86,United Kingdom,38,281,118.24,0.0,0,3,3,3,Regular,0.0
13958,2011-12-05 15:35:00,2011-02-11 18:45:00,10,1212.58,Germany,5,296,121.26,0.0,0,5,3,3,Regular,0.0
13959,2011-12-07 07:50:00,2011-04-20 09:01:00,8,1106.33,United Kingdom,3,230,138.29,0.1643,0,5,3,3,Regular,0.0
13960,2011-10-31 17:27:00,2011-03-04 18:09:00,10,1385.39,United Kingdom,40,240,138.54,0.0,0,3,3,3,Regular,0.0
13961,2011-11-14 09:56:00,2011-01-28 15:18:00,11,1172.49,United Kingdom,26,289,106.59,0.1733,0,4,3,3,Regular,0.05
13962,2011-11-30 14:12:00,2011-03-25 16:55:00,8,984.29,United Kingdom,10,249,123.04,0.0,0,5,3,3,Regular,0.0
13963,2011-11-27 07:11:00,2011-02-10 16:10:00,14,1547.25,United Kingdom,13,289,110.52,0.0,0,5,4,3,Champions,0.0
13964,2011-12-03 10:53:00,2011-02-13 12:04:00,13,1733.1,United Kingdom,7,292,133.32,0.0,0,5,4,4,Champions,0.0
13965,2011-11-02 10:18:00,2011-04-15 09:15:00,8,714.77,United Kingdom,38,201,89.35,0.0,0,3,3,3,Regular,0.038
13966,2011-11-15 10:44:00,2011-05-25 09:24:00,7,744.31,United Kingdom,25,174,106.33,0.0,0,4,3,3,Regular,0.038
13967,2011-11-19 09:40:00,2011-01-28 10:06:00,11,1175.26,United Kingdom,21,294,106.84,0.0,0,4,3,3,Regular,0.0
13968,2011-12-05 09:22:00,2011-05-14 07:43:00,10,970.66,Germany,5,205,97.07,0.0,0,5,3,3,Regular,0.038
13969,2011-11-13 19:49:00,2011-03-05 19:49:00,12,1157.93,United Kingdom,27,253,96.49,0.0,0,4,3,3,Regular,0.0
13970,2011-11-10 17:10:00,2011-01-21 16:02:00,11,989.04,France,30,293,89.91,0.0,0,4,3,3,Regular,0.0
13971,2011-11-07 09:28:00,2011-02-18 19:22:00,8,998.48,United Kingdom,33,261,124.81,0.0,0,3,3,3,Regular,0.014
13972,2011-11-19 18:40:00,2011-01-25 08:44:00,8,989.88,United Kingdom,21,298,123.74,0.0,0,4,3,3,Regular,0.0
13973,2011-10-31 12:23:00,2011-04-16 10:29:00,8,779.01,United Kingdom,40,198,97.38,0.0,0,3,3,3,Regular,0.038
13974,2011-11-22 09:16:00,2011-02-25 18:39:00,8,1294.62,United Kingdom,18,269,161.83,0.1582,0,4,3,3,Regular,0.014
13975,2011-11-11 14:44:00,2011-02-17 16:00:00,11,1136.12,United Kingdom,29,266,103.28,0.0,0,4,3,3,Regular,0.014
13976,2011-11-11 15:50:00,2011-02-28 18:07:00,11,1294.83,Portugal,29,255,117.71,0.0,0,4,3,3,Regular,0.0
13977,2011-10-26 16:34:00,2011-02-16 17:22:00,8,1176.58,United Kingdom,45,251,147.07,0.0,0,3,3,3,Regular,0.0
13978,2011-12-07 11:08:00,2011-02-27 09:47:00,10,1068.46,United Kingdom,3,283,106.85,0.0,0,5,3,3,Regular,0.0
13979,2011-11-08 17:56:00,2011-01-20 19:51:00,7,957.78,Germany,32,291,136.83,0.0,0,4,3,3,Regular,0.0
13980,2011-11-30 11:17:00,2011-04-25 13:27:00,11,1313.87,United Kingdom,10,218,119.44,0.0,0,5,3,3,Regular,0.0
13981,2011-11-06 11:31:00,2011-02-24 19:14:00,13,1744.94,United Kingdom,34,254,134.23,0.0,0,3,4,4,Regular,0.0
13982,2011-11-14 08:07:00,2011-04-05 12:03:00,7,739.39,Ireland,26,222,105.63,0.0,0,4,3,3,Regular,0.0
13983,2011-11-13 11:05:00,2011-01-17 07:39:00,11,1006.58,United Kingdom,27,300,91.51,0.0,0,4,3,3,Regular,0.0
13984,2011-11-27 19:54:00,2011-09-10 12:01:00,6,721.12,Ireland,13,78,120.19,0.1067,0,5,3,3,Regular,0.038
13985,2011-11-07 12:19:00,2011-01-26 12:26:00,7,922.03,France,33,284,131.72,0.0,0,3,3,3,Regular,0.0
13986,2011-11-19 16:07:00,2011-01-25 15:12:00,13,1530.18,United Kingdom,21,298,117.71,0.0,0,4,4,3,Champions,0.0
13987,2011-11-15 09:48:00,2011-03-11 10:24:00,9,893.74,United Kingdom,25,248,99.3,0.0,0,4,3,3,Regular,0.0
13988,2011-12-01 18:45:00,2011-03-16 16:39:00,12,1231.21,United Kingdom,9,260,102.6,0.1042,0,5,3,3,Regular,0.0
13989,2011-12-08 13:15:00,2011-04-26 12:30:00,9,1171.89,Germany,2,226,130.21,0.1259,0,5,3,3,Regular,0.0
13990,2011-11-03 10:57:00,2011-02-22 13:38:00,12,1148.87,United Kingdom,37,253,95.74,0.0,0,3,3,3,Regular,0.0
13991,2011-12-05 14:31:00,2011-02-11 19:42:00,12,1119.52,Spain,5,296,93.29,0.0927,0,5,3,3,Regular,0.0
13992,2011-11-16 15:48:00,2011-04-17 13:26:00,7,832.23,United Kingdom,24,213,118.89,0.0,0,4,3,3,Regular,0.038
13993,2011-11-02 10:26:00,2011-07-29 18:19:00,7,689.84,United Kingdom,38,95,98.55,0.0,0,3,3,3,Regular,0.038
13994,2011-11-01 17:06:00,2011-01-20 11:19:00,14,1786.84,United Kingdom,39,285,127.63,0.0,0,3,4,4,Regular,0.0
13995,2011-12-04 14:46:00,2011-02-11 07:58:00,12,1232.3,United Kingdom,6,296,102.69,0.0,0,5,3,3,Regular,0.0
13996,2011-11-10 16:24:00,2011-01-20 16:27:00,10,968.09,Ireland,30,293,96.81,0.0,0,4,3,3,Regular,0.0
13997,2011-12-04 18:47:00,2011-03-18 16:43:00,9,902.89,United Kingdom,6,261,100.32,0.0,0,5,3,3,Regular,0.014
13998,2011-11-20 14:38:00,2011-05-26 19:41:00,6,1018.26,United Kingdom,20,177,169.71,0.0,0,4,3,3,Regular,0.038
13999,2011-12-02 17:43:00,2011-02-13 14:50:00,10,1325.12,United Kingdom,8,292,132.51,0.0643,0,5,3,3,Regular,0.0
14000,2011-11-05 13:53:00,2011-02-12 13:51:00,12,1777.17,Belgium,35,266,148.1,0.0,0,3,3,4,Regular,0.014
14001,2011-11-13 08:58:00,2011-01-22 19:08:00,7,638.31,United Kingdom,27,294,91.19,0.0,0,4,3,2,Regular,0.0
14002,2011-10-30 09:33:00,2011-01-08 12:12:00,11,1114.24,United Kingdom,41,294,101.29,0.0,0,3,3,3,Regular,0.0
14003,2011-11-23 14:49:00,2011-01-27 11:26:00,11,1471.04,United Kingdom,17,300,133.73,0.0,0,4,3,3,Regular,0.0
14004,2011-10-30 10:10:00,2011-03-19 11:36:00,10,1063.47,United Kingdom,41,224,106.35,0.0,0,3,3,3,Regular,0.0
14005,2011-11-24 15:15:00,2011-02-25 10:31:00,11,1679.39,Germany,16,272,152.67,0.0,0,5,3,4,Regular,0.0
14006,2011-10-28 18:10:00,2011-01-12 10:42:00,8,897.1,Spain,43,289,112.14,0.1,0,3,3,3,Regular,0.0
14007,2011-11-08 19:57:00,2011-02-08 18:00:00,7,745.13,United Kingdom,31,273,106.45,0.0,0,4,3,3,Regular,0.0
14008,2011-10-28 12:01:00,2011-01-25 10:27:00,12,2035.86,United Kingdom,43,276,169.66,0.0,0,3,3,4,Regular,0.0
14009,2011-10-28 07:03:00,2011-01-16 14:48:00,12,1596.91,United Kingdom,43,284,133.08,0.0,0,3,3,4,Regular,0.0
14010,2011-11-12 16:49:00,2011-02-15 10:06:00,12,1313.03,United Kingdom,28,270,109.42,0.0,0,4,3,3,Regular,0.014
14011,2011-10-29 16:27:00,2011-03-13 14:27:00,6,624.18,United Kingdom,42,230,104.03,0.0,0,3,3,2,Regular,0.0
14012,2011-11-28 15:47:00,2011-03-18 10:05:00,9,1347.97,Germany,12,255,149.77,0.0,0,5,3,3,Regular,0.0
14013,2011-11-05 09:43:00,2011-04-07 09:06:00,6,586.47,Ireland,35,212,97.74,0.0,0,3,3,2,Regular,0.038
14014,2011-11-03 13:43:00,2011-01-14 11:42:00,6,606.12,France,37,293,101.02,0.0,0,3,3,2,Regular,0.0
14015,2011-12-03 13:46:00,2011-02-16 19:04:00,11,1067.74,United Kingdom,7,289,97.07,0.0,0,5,3,3,Regular,0.0
14016,2011-11-05 13:00:00,2011-07-13 08:30:00,6,893.58,Spain,35,115,148.93,0.0,0,3,3,3,Regular,0.038
14017,2011-12-08 16:01:00,2011-03-25 18:23:00,14,1535.81,United Kingdom,2,257,109.7,0.0,0,5,4,3,Champions,0.0
14018,2011-11-03 11:26:00,2011-01-27 13:17:00,10,1500.4,Spain,37,279,150.04,0.0,0,3,3,3,Regular,0.0
14019,2011-10-25 15:28:00,2011-03-05 11:43:00,6,589.77,United Kingdom,46,234,98.3,0.0,0,3,3,2,Regular,0.0
14020,2011-10-26 08:12:00,2011-01-16 10:13:00,9,1089.79,United Kingdom,45,282,121.09,0.0615,0,3,3,3,Regular,0.0
14021,2011-11-10 13:10:00,2011-02-04 08:19:00,14,1576.42,United Kingdom,30,279,112.6,0.0,0,4,4,3,Champions,0.0
14022,2011-11-19 19:31:00,2011-03-16 18:34:00,14,1158.71,United Kingdom,21,248,82.76,0.0,0,4,4,3,Champions,0.0
14023,2011-10-25 11:47:00,2010-12-31 09:40:00,12,1952.56,Germany,46,298,162.71,0.0,0,3,3,4,Regular,0.0
14024,2011-12-01 14:01:00,2011-02-25 18:10:00,11,1335.37,Germany,9,278,121.4,0.0,0,5,3,3,Regular,0.0
14025,2011-11-16 19:50:00,2011-05-29 11:56:00,10,1608.42,United Kingdom,24,171,160.84,0.0,0,4,3,4,Regular,0.038
14026,2011-11-10 14:00:00,2011-03-14 12:26:00,14,1918.71,United Kingdom,30,241,137.05,0.0,0,4,4,4,Champions,0.0
14027,2011-11-18 10:49:00,2011-02-12 07:33:00,12,1082.38,United Kingdom,22,279,90.2,0.0,0,4,3,3,Regular,0.0
14028,2011-10-30 08:42:00,2011-01-17 09:09:00,9,1239.09,United Kingdom,41,285,137.68,0.0,0,3,3,3,Regular,0.0
14029,2011-12-08 13:08:00,2011-03-14 13:19:00,10,1243.0,United Kingdom,2,268,124.3,0.0,0,5,3,3,Regular,0.014
14030,2011-11-25 15:27:00,2011-02-25 18:48:00,14,1543.11,United Kingdom,15,272,110.22,0.0,0,5,4,3,Champions,0.0
14031,2011-12-02 18:52:00,2011-03-28 17:27:00,12,1843.67,United Kingdom,8,249,153.64,0.0,0,5,3,4,Regular,0.0
14032,2011-11-09 18:20:00,2011-02-08 09:18:00,9,1013.76,United Kingdom,31,274,112.64,0.0,0,4,3,3,Regular,0.0
14033,2011-10-25 17:15:00,2011-01-13 18:44:00,14,1578.43,Germany,46,284,112.74,0.0,0,3,4,4,Regular,0.0
14034,2011-11-03 10:15:00,2011-01-21 13:51:00,10,1863.75,Germany,37,285,186.38,0.0,0,3,3,4,Regular,0.0
14035,2011-10-25 19:58:00,2011-01-03 10:36:00,12,1666.24,United Kingdom,45,295,138.85,0.0,0,3,3,4,Regular,0.0
14036,2011-10-26 18:22:00,2011-02-01 10:41:00,9,862.49,United Kingdom,45,267,95.83,0.0748,0,3,3,3,Regular,0.014
14037,2011-11-21 09:26:00,2011-02-04 13:47:00,13,1846.04,United Kingdom,19,289,142.0,0.0,0,4,4,4,Champions,0.0
14038,2011-12-02 15:43:00,2011-02-21 19:59:00,8,1064.33,United Kingdom,8,283,133.04,0.0,0,5,3,3,Regular,0.0
14039,2011-11-24 10:17:00,2011-03-05 18:52:00,12,1781.9,Ireland,16,263,148.49,0.0054,0,5,3,4,Regular,0.014
14040,2011-10-25 07:43:00,2010-12-30 14:48:00,10,1495.49,United Kingdom,46,298,149.55,0.0,0,3,3,3,Regular,0.0
14041,2011-11-08 17:55:00,2011-03-12 11:41:00,12,1692.56,United Kingdom,32,241,141.05,0.0842,0,4,3,4,Regular,0.0
14042,2011-12-06 19:30:00,2011-03-01 18:35:00,5,227.03,United Kingdom,4,280,45.41,0.0263,0,5,2,1,New / Low Engagement,0.0
14043,2011-11-17 10:24:00,2011-02-09 10:37:00,12,1997.54,United Kingdom,23,280,166.46,0.0,0,4,3,4,Regular,0.0
14044,2011-11-02 11:00:00,2011-01-29 17:09:00,5,448.42,United Kingdom,38,276,89.68,0.1132,0,3,2,2,Regular,0.0
14045,2011-12-05 19:29:00,2011-02-22 15:55:00,9,962.82,United Kingdom,5,286,106.98,0.2672,0,5,3,3,Regular,0.05
14046,2011-10-25 12:19:00,2011-01-21 07:59:00,14,1515.16,United Kingdom,46,277,108.23,0.0,0,3,4,3,Regular,0.0
14047,2011-10-31 19:05:00,2011-01-12 19:03:00,14,1975.73,United Kingdom,40,292,141.12,0.0,0,3,4,4,Regular,0.0
14048,2011-11-21 17:03:00,2011-08-09 16:48:00,4,327.84,Ireland,19,104,81.96,0.5072,0,4,2,2,New / Low Engagement,0.93
14049,2011-10-27 14:53:00,2011-01-10 11:57:00,13,1389.3,United Kingdom,44,290,106.87,0.0,0,3,4,3,Regular,0.0
14050,2011-11-14 17:48:00,2011-03-03 13:54:00,10,913.47,Ireland,26,256,91.35,0.0,0,4,3,3,Regular,0.0
14051,2011-12-06 16:47:00,2011-03-26 08:06:00,6,560.11,United Kingdom,4,255,93.35,0.0,0,5,3,2,Regular,0.4
14052,2011-11-03 19:23:00,2011-03-09 17:44:00,13,1750.43,United Kingdom,37,239,134.65,0.0,0,3,4,4,Regular,0.0
14053,2011-11-15 09:20:00,2011-02-06 19:03:00,6,719.95,United Kingdom,25,281,119.99,0.0,0,4,3,3,Regular,0.0
14054,2011-12-03 19:01:00,2011-06-13 13:00:00,8,712.57,Germany,7,173,89.07,0.0,0,5,3,3,Regular,0.038
14055,2011-11-05 15:58:00,2011-01-27 15:48:00,6,747.8,United Kingdom,35,282,124.63,0.0,0,3,3,3,Regular,0.0
14056,2011-11-24 19:06:00,2011-03-15 17:48:00,6,1122.72,United Kingdom,16,254,187.12,0.0,0,5,3,3,Regular,0.447
14057,2011-12-01 09:10:00,2011-02-15 14:43:00,11,1383.46,United Kingdom,9,288,125.77,0.0,0,5,3,3,Regular,0.0
14058,2011-11-10 14:30:00,2011-01-24 12:35:00,14,1467.87,United Kingdom,30,290,104.85,0.0,0,4,4,3,Champions,0.0
14059,2011-11-17 16:26:00,2011-02-11 19:07:00,10,1445.55,United Kingdom,23,278,144.56,0.0,0,4,3,3,Regular,0.0
14060,2011-10-30 19:56:00,2011-01-04 09:30:00,8,864.96,Netherlands,40,299,108.12,0.0,0,3,3,3,Regular,0.0
14061,2011-11-03 10:54:00,2011-01-18 14:40:00,8,900.87,United Kingdom,37,288,112.61,0.0,0,3,3,3,Regular,0.0
14062,2011-11-01 08:13:00,2011-02-13 14:14:00,13,1991.97,United Kingdom,39,260,153.23,0.0,0,3,4,4,Regular,0.0
14063,2011-11-04 14:19:00,2011-01-25 12:58:00,11,983.45,United Kingdom,36,283,89.4,0.0,0,3,3,3,Regular,0.0
14064,2011-11-10 15:35:00,2011-01-24 10:50:00,13,1249.71,United Kingdom,30,290,96.13,0.0,0,4,4,3,Champions,0.0
14065,2011-11-02 07:37:00,2011-01-27 18:32:00,6,625.96,Germany,38,278,104.33,0.0,0,3,3,2,Regular,0.0
14066,2011-11-02 13:30:00,2011-02-05 16:28:00,12,1169.64,United Kingdom,38,269,97.47,0.0,0,3,3,3,Regular,0.014
14067,2011-12-01 18:04:00,2011-02-24 08:01:00,9,1002.83,France,9,280,111.43,0.0,0,5,3,3,Regular,0.0
14068,2011-11-29 17:17:00,2011-02-13 18:37:00,11,1675.43,United Kingdom,11,288,152.31,0.0,0,5,3,4,Regular,0.0
14069,2011-12-07 18:10:00,2011-02-18 07:01:00,10,908.35,United Kingdom,3,292,90.84,0.0,0,5,3,3,Regular,0.0
14070,2011-12-09 18:03:00,2011-02-19 14:07:00,13,1180.1,United Kingdom,1,293,90.78,0.0,0,5,4,3,Champions,0.0
14071,2011-11-25 18:17:00,2011-04-12 14:18:00,10,992.55,United Kingdom,15,227,99.26,0.0,0,5,3,3,Regular,0.0
14072,2011-12-04 09:20:00,2011-02-11 12:36:00,12,1460.43,United Kingdom,6,295,121.7,0.0,0,5,3,3,Regular,0.0
14073,2011-11-14 17:39:00,2011-04-21 17:27:00,10,766.55,Germany,26,207,76.66,0.0,0,4,3,3,Regular,0.038
14074,2011-11-13 08:15:00,2011-02-08 12:05:00,7,688.1,Ireland,27,277,98.3,0.2857,0,4,3,3,Regular,0.05
14075,2011-11-15 13:26:00,2011-02-26 12:51:00,14,1850.93,United Kingdom,25,262,132.21,0.0,0,4,4,4,Champions,0.014
14076,2011-11-29 07:19:00,2011-02-08 08:46:00,8,854.52,Ireland,11,293,106.82,0.0,0,5,3,3,Regular,0.0
14077,2011-11-21 16:19:00,2011-02-13 07:04:00,12,1601.87,Germany,19,281,133.49,0.0461,0,4,3,4,Regular,0.0
14078,2011-11-05 08:45:00,2011-04-18 17:29:00,11,1189.75,Ireland,35,200,108.16,0.0085,0,3,3,3,Regular,0.038
14079,2011-10-30 18:11:00,2011-03-07 17:59:00,7,840.3,United Kingdom,41,237,120.04,0.0,0,3,3,3,Regular,0.0
14080,2011-10-29 10:27:00,2011-01-25 11:09:00,10,809.42,Ireland,42,276,80.94,0.0,0,3,3,3,Regular,0.0
14081,2011-11-21 12:06:00,2011-04-01 19:12:00,10,779.68,United Kingdom,19,233,77.97,0.0,0,4,3,3,Regular,0.0
14082,2011-10-26 16:45:00,2010-12-31 14:10:00,12,1238.21,Spain,45,299,103.18,0.1192,0,3,3,3,Regular,0.0
14083,2011-10-30 10:31:00,2011-02-23 18:20:00,12,1837.26,United Kingdom,41,248,153.1,0.0,0,3,3,4,Regular,0.0
14084,2011-11-24 07:05:00,2011-03-14 08:43:00,6,935.41,United Kingdom,16,254,155.9,0.0,0,5,3,3,Regular,0.0
14085,2011-12-03 08:09:00,2011-03-12 09:42:00,12,1978.76,United Kingdom,7,265,164.9,0.1409,0,5,3,4,Regular,0.014
14086,2011-11-19 09:13:00,2011-02-16 10:47:00,8,1072.44,United Kingdom,21,275,134.06,0.0,0,4,3,3,Regular,0.0
14087,2011-12-02 16:21:00,2011-02-09 17:57:00,6,817.53,United Kingdom,8,295,136.26,0.0,0,5,3,3,Regular,0.0
14088,2011-11-12 08:31:00,2011-02-22 16:25:00,12,1268.07,United Kingdom,28,262,105.67,0.0,0,4,3,3,Regular,0.014
14089,2011-11-13 18:01:00,2011-02-12 11:18:00,7,927.81,United Kingdom,27,274,132.54,0.0,0,4,3,3,Regular,0.0
14090,2011-12-06 15:35:00,2011-02-14 18:19:00,10,1467.35,United Kingdom,4,294,146.73,0.1361,0,5,3,3,Regular,0.0
14091,2011-11-08 13:46:00,2011-02-16 08:05:00,8,835.85,United Kingdom,32,265,104.48,0.0,0,4,3,3,Regular,0.1
14092,2011-11-07 18:35:00,2011-01-18 15:52:00,11,1214.52,United Kingdom,33,293,110.41,0.0,0,3,3,3,Regular,0.0
14093,2011-10-26 09:22:00,2011-01-15 15:28:00,12,1308.21,United Kingdom,45,283,109.02,0.0,0,3,3,3,Regular,0.0
14094,2011-11-10 13:50:00,2011-01-15 11:45:00,13,1688.84,United Kingdom,30,299,129.91,0.0582,0,4,4,4,Champions,0.0
14095,2011-11-21 10:47:00,2011-02-24 12:09:00,8,703.11,United Kingdom,19,269,87.89,0.0,0,4,3,3,Regular,0.1
14096,2011-11-11 18:22:00,2011-02-14 09:43:00,7,1131.5,Portugal,29,270,161.64,0.0,0,4,3,3,Regular,0.014
14097,2011-11-03 10:35:00,2011-03-24 15:34:00,14,1627.88,United Kingdom,37,223,116.28,0.0,0,3,4,4,Regular,0.0
14098,2011-11-02 16:10:00,2011-01-15 07:40:00,11,1089.29,United Kingdom,38,291,99.03,0.0,0,3,3,3,Regular,0.0
14099,2011-11-21 10:59:00,2011-04-03 18:48:00,8,876.95,Germany,19,231,109.62,0.1453,0,4,3,3,Regular,0.0
14100,2011-11-19 18:32:00,2011-02-07 11:36:00,8,853.7,Ireland,21,285,106.71,0.0,0,4,3,3,Regular,0.0
14101,2011-12-03 15:49:00,2011-02-24 18:33:00,11,1044.9,France,7,281,94.99,0.0089,0,5,3,3,Regular,0.0
14102,2011-10-26 13:10:00,2011-02-02 10:24:00,6,482.09,United Kingdom,45,266,80.35,0.0,0,3,3,2,Regular,0.1
14103,2011-10-31 16:54:00,2011-01-24 11:30:00,13,1616.86,United Kingdom,40,280,124.37,0.0,0,3,4,4,Regular,0.0
14104,2011-10-29 15:39:00,2011-01-04 19:03:00,13,1117.04,United Kingdom,42,297,85.93,0.0,0,3,4,3,Regular,0.0
14105,2011-11-12 19:28:00,2011-01-17 17:14:00,6,906.45,United Kingdom,28,299,151.07,0.2066,0,4,3,3,Regular,0.05
14106,2011-12-08 13:17:00,2011-03-19 09:10:00,12,1549.99,United Kingdom,2,264,129.17,0.0,0,5,3,3,Regular,0.014
14107,2011-11-27 17:31:00,2011-03-07 07:07:00,8,1005.97,Ireland,13,265,125.75,0.0,0,5,3,3,Regular,0.014
14108,2011-11-09 09:34:00,2011-02-05 15:47:00,7,749.33,Germany,31,276,107.05,0.0,0,4,3,3,Regular,0.0
14109,2011-11-16 18:55:00,2011-06-17 18:48:00,8,534.34,United Kingdom,24,152,66.79,0.0,0,4,3,2,Regular,0.038
14110,2011-11-08 16:07:00,2011-01-17 16:04:00,12,977.45,Germany,32,295,81.45,0.0,0,4,3,3,Regular,0.0
14111,2011-11-03 09:03:00,2011-01-14 15:09:00,6,713.52,Germany,37,292,118.92,0.0,0,3,3,3,Regular,0.0
14112,2011-12-03 11:19:00,2011-03-17 08:46:00,13,1651.08,United Kingdom,7,261,127.01,0.0,0,5,4,4,Champions,0.014
14113,2011-11-09 18:33:00,2011-06-04 12:01:00,7,1188.37,Germany,31,158,169.77,0.0,0,4,3,3,Regular,0.038
14114,2011-10-31 10:33:00,2011-05-18 16:46:00,9,1065.22,United Kingdom,40,165,118.36,0.0,0,3,3,3,Regular,0.038
14115,2011-11-10 13:17:00,2011-02-04 18:00:00,11,1333.38,United Kingdom,30,278,121.22,0.0,0,4,3,3,Regular,0.0
14116,2011-12-04 17:47:00,2011-02-20 15:19:00,6,353.31,United Kingdom,6,287,58.88,0.0,0,5,3,2,Regular,0.0
14117,2011-11-12 17:14:00,2011-02-13 09:40:00,12,1545.54,United Kingdom,28,272,128.79,0.0,0,4,3,3,Regular,0.0
14118,2011-12-02 12:33:00,2011-02-12 13:48:00,10,850.44,United Kingdom,8,292,85.04,0.0,0,5,3,3,Regular,0.0
14119,2011-11-04 14:52:00,2011-02-16 07:50:00,9,798.56,Germany,36,261,88.73,0.0,0,3,3,3,Regular,0.1
14120,2011-11-25 19:47:00,2011-04-10 12:13:00,7,823.47,United Kingdom,15,229,117.64,0.1161,0,5,3,3,Regular,0.0
14121,2011-11-22 08:07:00,2011-04-03 08:15:00,13,1476.03,Netherlands,18,232,113.54,0.0,0,4,4,3,Champions,0.0
14122,2011-11-26 08:22:00,2011-02-28 19:40:00,12,1484.6,United Kingdom,14,270,123.72,0.0,0,5,3,3,Regular,0.014
14123,2011-11-10 13:27:00,2011-01-17 10:01:00,6,351.66,Netherlands,30,297,58.61,0.2182,0,4,3,2,Regular,0.05
14124,2011-11-26 11:32:00,2011-05-04 16:34:00,7,1399.74,United Kingdom,14,205,199.96,0.0,0,5,3,3,Regular,0.038
14125,2011-11-27 13:05:00,2011-02-23 10:50:00,14,1802.44,United Kingdom,13,277,128.75,0.0,0,5,4,4,Champions,0.0
14126,2011-10-30 09:42:00,2011-01-21 08:12:00,13,1826.36,United Kingdom,41,282,140.49,0.0,0,3,4,4,Regular,0.0
14127,2011-10-27 11:33:00,2011-01-07 18:23:00,6,985.45,United Kingdom,44,292,164.24,0.1545,0,3,3,3,Regular,0.05
14128,2011-12-06 18:26:00,2011-03-08 16:21:00,10,1071.25,Spain,4,273,107.12,0.0,0,5,3,3,Regular,0.0
14129,2011-11-07 09:15:00,2011-05-07 13:24:00,8,1016.45,United Kingdom,33,183,127.06,0.0,0,3,3,3,Regular,0.038
14130,2011-10-28 15:45:00,2011-01-30 19:51:00,11,1177.92,United Kingdom,43,270,107.08,0.0,0,3,3,3,Regular,0.014
14131,2011-10-28 12:05:00,2011-01-16 13:03:00,8,1068.19,Spain,43,284,133.52,0.0,0,3,3,3,Regular,0.0
14132,2011-11-12 19:44:00,2011-01-23 16:56:00,8,664.82,Germany,28,293,83.1,0.0,0,4,3,3,Regular,0.0
14133,2011-11-26 18:06:00,2011-02-12 10:34:00,12,1488.76,United Kingdom,14,287,124.06,0.0,0,5,3,3,Regular,0.0
14134,2011-11-18 13:53:00,2011-01-31 10:05:00,6,843.98,United Kingdom,22,291,140.66,0.0,0,4,3,3,Regular,0.0
14135,2011-11-12 07:17:00,2011-02-04 18:06:00,10,1586.43,United Kingdom,28,280,158.64,0.0,0,4,3,4,Regular,0.0
14136,2011-11-12 18:20:00,2011-01-31 16:32:00,8,852.61,United Kingdom,28,285,106.58,0.0,0,4,3,3,Regular,0.0
14137,2011-10-31 12:02:00,2011-02-12 17:42:00,8,1292.54,United Kingdom,40,260,161.57,0.0522,0,3,3,3,Regular,0.447
14138,2011-11-12 11:51:00,2011-03-05 16:29:00,13,1098.85,United Kingdom,28,251,84.53,0.0496,0,4,4,3,Champions,0.0
14139,2011-11-11 18:17:00,2011-02-19 12:02:00,12,1162.19,Germany,29,265,96.85,0.0265,0,4,3,3,Regular,0.014
14140,2011-12-01 14:20:00,2011-03-12 07:16:00,13,1417.65,United Kingdom,9,264,109.05,0.0843,0,5,4,3,Champions,0.014
14141,2011-11-30 17:30:00,2011-05-02 17:20:00,6,676.75,United Kingdom,10,212,112.79,0.0,0,5,3,3,Regular,0.038
14142,2011-11-10 14:41:00,2011-01-19 17:28:00,12,1327.98,United Kingdom,30,294,110.66,0.0805,0,4,3,3,Regular,0.0
14143,2011-11-02 12:14:00,2011-01-20 12:46:00,6,311.47,Spain,38,285,51.91,0.0,0,3,3,2,Regular,0.0
14144,2011-12-06 09:33:00,2011-02-17 18:46:00,12,1573.28,France,4,291,131.11,0.0,0,5,3,3,Regular,0.0
14145,2011-11-03 15:28:00,2011-02-14 11:00:00,8,1127.68,United Kingdom,37,262,140.96,0.0,0,3,3,3,Regular,0.014
14146,2011-11-16 14:33:00,2011-03-18 17:15:00,10,1102.83,Netherlands,24,242,110.28,0.0,0,4,3,3,Regular,0.0
14147,2011-10-30 17:36:00,2011-02-12 15:34:00,13,1374.89,United Kingdom,41,260,105.76,0.0,0,3,4,3,Regular,0.0
14148,2011-11-16 14:22:00,2011-02-15 18:26:00,13,1156.48,United Kingdom,24,273,88.96,0.0,0,4,4,3,Champions,0.0
14149,2011-12-03 18:24:00,2011-02-13 18:48:00,12,1277.88,Germany,7,292,106.49,0.098,0,5,3,3,Regular,0.0
14150,2011-11-29 07:41:00,2011-02-11 15:23:00,11,1165.67,Ireland,11,290,105.97,0.0,0,5,3,3,Regular,0.0
14151,2011-11-01 08:44:00,2011-02-03 19:26:00,11,1142.85,France,39,270,103.9,0.1,0,3,3,3,Regular,0.014
14152,2011-11-21 17:17:00,2011-03-23 18:57:00,9,1009.56,United Kingdom,19,242,112.17,0.0,0,4,3,3,Regular,0.0
14153,2011-11-06 07:04:00,2011-04-03 15:17:00,5,414.6,France,34,216,82.92,0.1852,0,3,2,2,Regular,0.93
14154,2011-12-03 09:45:00,2011-02-16 19:37:00,11,1093.54,United Kingdom,7,289,99.41,0.0,0,5,3,3,Regular,0.0
14155,2011-11-11 19:38:00,2011-01-28 11:40:00,14,1541.93,United Kingdom,29,287,110.14,0.0,0,4,4,3,Champions,0.0
14156,2011-12-06 16:22:00,2011-04-18 07:05:00,12,1519.83,United Kingdom,4,232,126.65,0.0,0,5,3,3,Regular,0.0
14157,2011-11-23 13:53:00,2011-04-11 18:59:00,11,1520.88,Germany,17,225,138.26,0.0,0,4,3,3,Regular,0.0
14158,2011-11-10 09:16:00,2011-02-07 13:41:00,11,1428.89,United Kingdom,30,275,129.9,0.0802,0,4,3,3,Regular,0.0
14159,2011-11-11 16:27:00,2011-05-24 08:56:00,6,474.7,United Kingdom,29,171,79.12,0.0,0,4,3,2,Regular,0.038
14160,2011-11-01 14:32:00,2011-01-21 13:33:00,12,1072.93,United Kingdom,39,284,89.41,0.0,0,3,3,3,Regular,0.0
14161,2011-12-07 14:30:00,2011-02-17 08:15:00,6,792.87,United Kingdom,3,293,132.15,0.0,0,5,3,3,Regular,0.0
14162,2011-11-12 10:09:00,2011-01-17 19:49:00,13,1441.62,United Kingdom,28,298,110.89,0.0,0,4,4,3,Champions,0.0
14163,2011-11-01 16:02:00,2011-01-06 15:16:00,9,908.57,United Kingdom,39,299,100.95,0.0,0,3,3,3,Regular,0.0
14164,2011-10-29 10:08:00,2011-01-09 19:30:00,10,1327.66,United Kingdom,42,292,132.77,0.0,0,3,3,3,Regular,0.0
14165,2011-11-19 14:21:00,2011-01-24 17:53:00,7,1266.73,Spain,21,298,180.96,0.0811,0,4,3,3,Regular,0.0
14166,2011-11-04 14:45:00,2011-02-24 07:54:00,14,1573.96,United Kingdom,36,253,112.43,0.0,0,3,4,3,Regular,0.0
14167,2011-11-05 17:14:00,2011-06-03 12:27:00,6,516.31,United Kingdom,35,155,86.05,0.1538,0,3,3,2,Regular,0.038
14168,2011-11-15 11:36:00,2011-03-25 07:57:00,12,1110.25,Spain,25,235,92.52,0.0,0,4,3,3,Regular,0.0
14169,2011-11-04 07:45:00,2011-02-25 11:06:00,10,1157.32,United Kingdom,36,251,115.73,0.0,0,3,3,3,Regular,0.0
14170,2011-12-02 14:42:00,2011-02-17 18:54:00,9,1056.49,United Kingdom,8,287,117.39,0.0,0,5,3,3,Regular,0.0
14171,2011-11-05 07:53:00,2011-01-10 13:44:00,6,1002.99,United Kingdom,35,298,167.16,0.0,0,3,3,3,Regular,0.0
14172,2011-11-02 12:18:00,2011-02-11 14:20:00,10,1044.56,United Kingdom,38,263,104.46,0.0866,0,3,3,3,Regular,0.014
14173,2011-11-01 17:13:00,2011-01-21 12:02:00,10,1219.87,Ireland,39,284,121.99,0.0,0,3,3,3,Regular,0.0
14174,2011-11-29 18:00:00,2011-03-05 19:47:00,7,840.65,United Kingdom,11,268,120.09,0.0,0,5,3,3,Regular,0.1
14175,2011-11-03 18:20:00,2011-02-04 18:39:00,10,991.7,United Kingdom,37,271,99.17,0.0,0,3,3,3,Regular,0.014
14176,2011-11-27 13:53:00,2011-05-27 11:08:00,7,1010.26,Germany,13,184,144.32,0.0,0,5,3,3,Regular,0.038
14177,2011-11-24 13:27:00,2011-04-01 18:43:00,6,486.29,France,16,236,81.05,0.0,0,5,3,2,Regular,0.0
14178,2011-11-30 18:30:00,2011-04-13 12:40:00,9,944.35,France,10,231,104.93,0.0,0,5,3,3,Regular,0.0
14179,2011-11-17 07:33:00,2011-01-25 16:41:00,6,610.55,United Kingdom,23,295,101.76,0.0,0,4,3,2,Regular,0.0
14180,2011-11-06 13:34:00,2011-02-22 08:48:00,6,415.75,United Kingdom,34,257,69.29,0.0,0,3,3,2,Regular,0.4
14181,2011-11-08 18:31:00,2011-02-01 17:02:00,11,952.63,United Kingdom,32,280,86.6,0.0,0,4,3,3,Regular,0.0
14182,2011-11-17 08:53:00,2011-02-24 11:12:00,11,1219.84,United Kingdom,23,265,110.89,0.0,0,4,3,3,Regular,0.014
14183,2011-11-13 08:39:00,2011-02-20 09:54:00,9,1209.83,France,27,265,134.43,0.0,0,4,3,3,Regular,0.014
14184,2011-12-01 18:00:00,2011-03-29 09:15:00,11,788.57,United Kingdom,9,247,71.69,0.0,0,5,3,3,Regular,0.0
14185,2011-11-27 08:32:00,2011-02-02 15:20:00,7,946.78,United Kingdom,13,297,135.25,0.0,0,5,3,3,Regular,0.0
14186,2011-11-11 08:23:00,2011-03-20 07:08:00,7,599.8,United Kingdom,29,236,85.69,0.2174,0,4,3,2,Regular,0.0
14187,2011-10-26 12:34:00,2011-01-09 07:25:00,13,1583.04,Netherlands,45,290,121.77,0.0663,0,3,4,4,Regular,0.0
14188,2011-10-31 18:22:00,2011-01-07 07:58:00,7,789.6,United Kingdom,40,297,112.8,0.0,0,3,3,3,Regular,0.0
14189,2011-12-07 19:30:00,2011-02-13 09:04:00,6,985.62,Ireland,3,297,164.27,0.0,0,5,3,3,Regular,0.0
14190,2011-12-04 11:40:00,2011-07-11 09:57:00,5,564.22,United Kingdom,6,146,112.84,0.0,0,5,2,2,New / Low Engagement,0.998
14191,2011-11-17 12:25:00,2011-02-28 09:15:00,10,1449.51,United Kingdom,23,262,144.95,0.0,0,4,3,3,Regular,0.014
14192,2011-11-12 12:14:00,2011-04-21 13:43:00,11,814.98,United Kingdom,28,204,74.09,0.0,0,4,3,3,Regular,0.038
14193,2011-11-30 17:29:00,2011-03-12 09:18:00,11,1302.67,Germany,10,263,118.42,0.1296,0,5,3,3,Regular,0.014
14194,2011-11-28 12:12:00,2011-02-02 10:36:00,11,1201.87,Ireland,12,299,109.26,0.0,0,5,3,3,Regular,0.0
14195,2011-11-26 16:09:00,2011-01-30 07:24:00,12,1258.79,United Kingdom,14,300,104.9,0.0,0,5,3,3,Regular,0.0
14196,2011-11-29 19:08:00,2011-02-02 19:03:00,9,1062.83,Ireland,11,300,118.09,0.0,0,5,3,3,Regular,0.0
14197,2011-12-01 17:21:00,2011-02-11 11:28:00,7,713.31,United Kingdom,9,293,101.9,0.0,0,5,3,3,Regular,0.0
14198,2011-11-27 08:12:00,2011-03-02 09:26:00,8,744.36,United Kingdom,13,269,93.04,0.0,0,5,3,3,Regular,0.1
14199,2011-12-01 10:21:00,2011-02-11 14:48:00,11,1536.21,United Kingdom,9,292,139.66,0.0,0,5,3,3,Regular,0.0
14200,2011-10-25 15:38:00,2011-01-23 12:05:00,6,795.09,United Kingdom,46,275,132.52,0.0,0,3,3,3,Regular,0.0
14201,2011-11-26 19:37:00,2011-02-16 08:05:00,11,1625.5,United Kingdom,14,283,147.77,0.0,0,5,3,4,Regular,0.0
14202,2011-12-05 18:09:00,2011-02-20 12:40:00,11,1289.12,United Kingdom,5,288,117.19,0.0,0,5,3,3,Regular,0.0
14203,2011-10-27 18:40:00,2011-02-06 19:01:00,8,826.37,Germany,44,262,103.3,0.0,0,3,3,3,Regular,0.1
14204,2011-11-14 17:38:00,2011-01-23 11:30:00,13,1545.3,United Kingdom,26,295,118.87,0.0,0,4,4,3,Champions,0.0
14205,2011-11-08 08:29:00,2011-01-24 16:52:00,11,1170.91,United Kingdom,32,287,106.45,0.0,0,4,3,3,Regular,0.0
14206,2011-11-22 16:31:00,2011-02-14 16:41:00,11,1215.33,United Kingdom,18,280,110.48,0.0448,0,4,3,3,Regular,0.0
14207,2011-11-02 17:52:00,2011-01-10 08:37:00,9,1161.96,France,38,296,129.11,0.0,0,3,3,3,Regular,0.0
14208,2011-11-16 07:42:00,2011-02-05 16:21:00,11,1808.06,United Kingdom,24,283,164.37,0.0,0,4,3,4,Regular,0.0
14209,2011-11-29 12:13:00,2011-03-12 11:38:00,6,888.27,United Kingdom,11,262,148.04,0.0084,0,5,3,3,Regular,0.014
14210,2011-11-24 10:54:00,2011-02-27 11:31:00,14,1809.86,United Kingdom,16,269,129.28,0.0,0,5,4,4,Champions,0.014
14211,2011-12-07 19:58:00,2011-02-16 16:32:00,10,1284.73,United Kingdom,2,294,128.47,0.0,0,5,3,3,Regular,0.0
14212,2011-12-07 09:44:00,2011-06-19 18:36:00,7,916.99,France,3,170,131.0,0.02,0,5,3,3,Regular,0.038
14213,2011-12-05 07:06:00,2011-03-02 09:40:00,8,1332.01,Germany,5,277,166.5,0.0,0,5,3,3,Regular,0.0
14214,2011-10-29 17:12:00,2011-01-11 10:16:00,8,1117.17,Germany,42,291,139.65,0.0,0,3,3,3,Regular,0.0
14215,2011-10-31 19:18:00,2011-01-23 15:32:00,11,1753.19,United Kingdom,40,281,159.38,0.0,0,3,3,4,Regular,0.0
14216,2011-11-06 19:15:00,2011-01-25 17:26:00,13,1710.18,France,34,285,131.55,0.0,0,3,4,4,Regular,0.0
14217,2011-11-01 11:24:00,2011-04-25 16:50:00,6,619.58,United Kingdom,39,189,103.26,0.0,0,3,3,2,Regular,0.038
14218,2011-11-27 18:40:00,2011-03-26 09:57:00,8,787.01,Spain,13,246,98.38,0.0,0,5,3,3,Regular,0.0
14219,2011-11-08 16:39:00,2011-02-18 10:37:00,8,963.57,United Kingdom,32,263,120.45,0.0,0,4,3,3,Regular,0.014
14220,2011-11-14 19:51:00,2011-01-25 10:07:00,13,1266.0,United Kingdom,26,293,97.38,0.1161,0,4,4,3,Champions,0.0
14221,2011-11-08 14:15:00,2011-01-15 07:17:00,9,869.23,Ireland,32,297,96.58,0.0,0,4,3,3,Regular,0.0
14222,2011-12-07 16:50:00,2011-03-25 12:14:00,10,1026.16,Belgium,3,257,102.62,0.1008,0,5,3,3,Regular,0.0
14223,2011-11-02 12:58:00,2011-04-09 07:47:00,7,758.13,United Kingdom,38,207,108.3,0.0,0,3,3,3,Regular,0.038
14224,2011-11-29 19:24:00,2011-03-14 13:58:00,12,1404.33,United Kingdom,11,260,117.03,0.0,0,5,4,3,Champions,0.0
14225,2011-11-02 16:32:00,2011-02-17 08:45:00,8,694.61,United Kingdom,38,258,86.83,0.0,0,3,3,3,Regular,0.4
14226,2011-11-20 16:12:00,2011-02-19 07:51:00,8,723.23,France,20,274,90.4,0.0357,0,4,3,3,Regular,0.0
14227,2011-12-02 11:01:00,2011-02-17 15:14:00,6,795.36,United Kingdom,8,287,132.56,0.0,0,5,3,3,Regular,0.0
14228,2011-11-10 12:30:00,2011-02-06 07:53:00,6,837.67,Belgium,30,277,139.61,0.0,0,4,3,3,Regular,0.0
14229,2011-11-29 11:44:00,2011-02-21 10:17:00,8,1132.27,Netherlands,11,281,141.53,0.0,0,5,3,3,Regular,0.0
14230,2011-11-03 12:11:00,2011-01-25 12:10:00,13,1882.29,United Kingdom,37,282,144.79,0.0,0,3,4,4,Regular,0.0
14231,2011-11-30 15:55:00,2011-02-11 19:01:00,7,558.42,United Kingdom,10,291,79.77,0.0,0,5,3,2,Regular,0.0
14232,2011-10-29 16:25:00,2011-03-20 08:29:00,7,595.14,United Kingdom,42,223,85.02,0.0,0,3,3,2,Regular,0.0
14233,2011-11-11 19:56:00,2011-01-30 19:46:00,10,1108.12,United Kingdom,28,285,110.81,0.0,0,4,3,3,Regular,0.0
14234,2011-11-01 09:20:00,2011-01-06 11:11:00,12,1643.51,United Kingdom,39,298,136.96,0.0,0,3,4,4,Regular,0.0
14235,2011-11-29 18:46:00,2011-02-03 18:38:00,12,1387.64,United Kingdom,11,299,115.64,0.0,0,5,4,3,Champions,0.0
14236,2011-12-04 18:53:00,2011-02-10 19:27:00,10,893.66,United Kingdom,6,296,89.37,0.0,0,5,3,3,Regular,0.0
14237,2011-11-27 08:27:00,2011-03-02 14:59:00,11,1386.11,United Kingdom,13,269,126.01,0.0,0,5,3,3,Regular,0.014
14238,2011-11-24 13:12:00,2011-03-17 15:37:00,7,699.66,Belgium,16,251,99.95,0.0,0,5,3,3,Regular,0.4
14239,2011-12-02 10:41:00,2011-03-26 16:43:00,8,1465.17,Germany,8,250,183.15,0.0,0,5,3,3,Regular,0.447
14240,2011-11-24 19:24:00,2011-02-07 13:22:00,12,1031.78,United Kingdom,16,290,85.98,0.0,0,5,4,3,Champions,0.0
14241,2011-11-15 12:18:00,2011-02-07 16:05:00,9,788.27,Belgium,25,280,87.59,0.0,0,4,3,3,Regular,0.0
14242,2011-12-04 19:27:00,2011-02-21 14:10:00,9,871.98,Germany,6,286,96.89,0.0,0,5,3,3,Regular,0.0
14243,2011-11-18 10:31:00,2011-06-13 10:32:00,7,429.43,Germany,22,157,61.35,0.0,0,4,3,2,Regular,0.038
14244,2011-11-04 08:28:00,2011-02-05 14:43:00,12,1384.78,United Kingdom,36,271,115.4,0.0,0,3,4,3,Regular,0.014
14245,2011-11-06 17:17:00,2011-01-24 17:33:00,9,903.48,United Kingdom,34,285,100.39,0.0,0,3,3,3,Regular,0.0
14246,2011-11-30 13:23:00,2011-03-28 13:22:00,6,310.63,United Kingdom,10,247,51.77,0.0,0,5,3,2,Regular,0.4
14247,2011-10-28 14:59:00,2011-02-09 08:41:00,12,1402.06,United Kingdom,43,261,116.84,0.0,0,3,4,3,Regular,0.014
14248,2011-11-12 16:01:00,2011-01-20 19:25:00,10,1026.84,United Kingdom,28,295,102.68,0.0,0,4,3,3,Regular,0.0
14249,2011-11-15 08:47:00,2011-02-19 08:27:00,14,2056.23,Belgium,25,269,146.87,0.0,0,4,4,4,Champions,0.014
14250,2011-10-23 14:45:00,2011-01-24 10:23:00,12,1240.67,Germany,48,272,103.39,0.0075,0,3,4,3,Regular,0.0
14251,2011-12-08 08:48:00,2011-04-21 09:22:00,7,736.32,United Kingdom,2,230,105.19,0.0,0,5,3,3,Regular,0.0
14252,2011-11-15 18:57:00,2011-03-02 17:15:00,9,921.79,United Kingdom,25,258,102.42,0.0,0,4,3,3,Regular,0.0
14253,2011-11-26 12:04:00,2011-03-23 11:06:00,11,1412.11,United Kingdom,14,248,128.37,0.0774,0,5,3,3,Regular,0.0
14254,2011-11-07 08:11:00,2011-01-19 12:13:00,8,859.76,United Kingdom,33,291,107.47,0.0,0,3,3,3,Regular,0.0
14255,2011-10-28 14:27:00,2011-01-01 13:34:00,12,1127.07,United Kingdom,43,300,93.92,0.0,0,3,4,3,Regular,0.0
14256,2011-10-28 08:24:00,2011-01-17 18:08:00,11,1176.27,United Kingdom,43,283,106.93,0.0,0,3,3,3,Regular,0.0
14257,2011-11-26 16:33:00,2011-04-20 17:01:00,7,787.4,United Kingdom,14,219,112.49,0.0,0,5,3,3,Regular,0.0
14258,2011-11-14 09:03:00,2011-02-10 17:16:00,7,1222.86,United Kingdom,26,276,174.69,0.0,0,4,3,3,Regular,0.0
14259,2011-11-11 13:20:00,2011-01-27 18:27:00,13,1478.77,United Kingdom,29,287,113.75,0.0,0,4,4,3,Champions,0.0
14260,2011-12-01 07:44:00,2011-02-26 07:45:00,9,1332.18,United Kingdom,9,277,148.02,0.0,0,5,3,3,Regular,0.0
14261,2011-11-12 15:48:00,2011-02-10 12:05:00,12,1325.82,United Kingdom,28,275,110.48,0.0,0,4,4,3,Champions,0.0
14262,2011-10-16 19:47:00,2011-02-12 08:41:00,5,550.81,Netherlands,55,246,110.16,0.1,0,3,2,2,Regular,0.4
14263,2011-12-01 19:05:00,2011-02-04 18:36:00,12,971.2,Belgium,9,300,80.93,0.0,0,5,4,3,Champions,0.0
14264,2011-11-29 19:12:00,2011-02-08 14:46:00,8,1047.4,United Kingdom,11,294,130.93,0.0,0,5,3,3,Regular,0.0
14265,2011-11-07 14:44:00,2011-01-14 08:34:00,7,946.19,United Kingdom,33,297,135.17,0.0,0,3,3,3,Regular,0.0
14266,2011-11-10 14:50:00,2011-02-05 07:59:00,8,1053.71,Portugal,30,278,131.71,0.0,0,4,3,3,Regular,0.0
14267,2011-11-09 12:25:00,2011-01-22 16:16:00,11,1010.9,Ireland,31,290,91.9,0.1048,0,4,3,3,Regular,0.0
14268,2011-11-05 09:52:00,2011-01-23 09:39:00,12,1018.12,United Kingdom,35,286,84.84,0.0,0,3,4,3,Regular,0.0
14269,2011-11-15 18:56:00,2011-02-01 10:56:00,11,1033.65,United Kingdom,25,287,93.97,0.1077,0,4,3,3,Regular,0.0
14270,2011-11-28 08:00:00,2011-02-05 13:02:00,13,1605.04,United Kingdom,12,295,123.46,0.0,0,5,4,4,Champions,0.0
14271,2011-12-04 17:12:00,2011-06-03 08:06:00,6,748.26,Germany,6,184,124.71,0.0444,0,5,3,3,Regular,0.038
14272,2011-11-18 08:31:00,2011-02-16 19:01:00,13,1561.93,Spain,22,274,120.15,0.0,0,4,4,3,Champions,0.0
14273,2011-10-29 08:15:00,2011-02-14 17:34:00,7,953.56,United Kingdom,42,256,136.22,0.0,0,3,3,3,Regular,0.0
14274,2011-12-09 07:26:00,2011-02-18 14:28:00,7,943.48,United Kingdom,1,293,134.78,0.0,0,5,3,3,Regular,0.0
14275,2011-11-02 18:41:00,2011-03-29 17:02:00,10,1147.38,United Kingdom,38,218,114.74,0.0815,0,3,3,3,Regular,0.0
14276,2011-11-26 16:31:00,2011-02-02 18:35:00,7,674.22,United Kingdom,14,296,96.32,0.1481,0,5,3,3,Regular,0.05
14277,2011-11-08 11:08:00,2011-01-12 11:27:00,14,2153.96,United Kingdom,32,299,153.85,0.0,0,4,4,4,Champions,0.0
14278,2011-11-14 09:22:00,2011-04-21 15:36:00,11,1202.38,Portugal,26,206,109.31,0.0634,0,4,3,3,Regular,0.038
14279,2011-12-02 10:49:00,2011-04-27 15:01:00,5,495.46,United Kingdom,8,218,99.09,0.0469,0,5,2,2,New / Low Engagement,0.967
14280,2011-10-30 16:53:00,2011-02-05 17:05:00,11,867.96,United Kingdom,41,266,78.91,0.0,0,3,3,3,Regular,0.014
14281,2011-12-08 08:22:00,2011-02-14 16:08:00,13,1933.24,United Kingdom,2,296,148.71,0.0,0,5,4,4,Champions,0.0
14282,2011-11-25 08:16:00,2011-07-24 17:57:00,7,1017.56,Netherlands,15,123,145.37,0.0849,0,5,3,3,Regular,0.038
14283,2011-10-30 08:00:00,2011-02-04 08:38:00,9,630.79,United Kingdom,41,267,70.09,0.0,0,3,3,2,Regular,0.1
14284,2011-12-08 08:29:00,2011-02-25 15:37:00,8,1112.39,United Kingdom,2,285,139.05,0.0,0,5,3,3,Regular,0.0
14285,2011-10-28 17:14:00,2011-01-18 13:27:00,13,1571.69,Ireland,43,283,120.9,0.0539,0,3,4,3,Regular,0.0
14286,2011-11-12 18:42:00,2011-01-23 12:27:00,14,1282.15,United Kingdom,28,293,91.58,0.0,0,4,4,3,Champions,0.0
14287,2011-10-29 14:50:00,2011-01-13 17:18:00,14,1272.94,Netherlands,42,288,90.92,0.0,0,3,4,3,Regular,0.0
14288,2011-10-29 11:56:00,2011-01-13 15:25:00,11,1454.51,United Kingdom,42,288,132.23,0.0,0,3,3,3,Regular,0.0
14289,2011-11-17 17:33:00,2011-01-22 17:36:00,10,674.96,Ireland,23,298,67.5,0.0,0,4,3,3,Regular,0.0
14290,2011-10-29 10:25:00,2011-01-11 09:30:00,7,807.42,United Kingdom,42,291,115.35,0.0,0,3,3,3,Regular,0.0
14291,2011-10-29 15:17:00,2011-01-15 11:56:00,13,1470.86,United Kingdom,42,287,113.14,0.0,0,3,4,3,Regular,0.0
14292,2011-11-09 14:21:00,2011-01-15 19:58:00,13,1524.64,United Kingdom,31,297,117.28,0.096,0,4,4,3,Champions,0.0
14293,2011-12-07 08:52:00,2011-02-23 16:56:00,14,1859.22,United Kingdom,3,286,132.8,0.0,0,5,4,4,Champions,0.0
14294,2011-10-29 16:50:00,2011-05-07 07:51:00,6,568.73,United Kingdom,42,175,94.79,0.0,0,3,3,2,Regular,0.038
14295,2011-11-14 17:34:00,2011-01-22 14:14:00,7,808.21,United Kingdom,26,296,115.46,0.0,0,4,3,3,Regular,0.0
14296,2011-11-05 15:23:00,2011-02-06 10:50:00,9,949.61,United Kingdom,35,272,105.51,0.0748,0,3,3,3,Regular,0.0
14297,2011-12-05 10:07:00,2011-03-03 14:31:00,13,1454.26,Belgium,5,276,111.87,0.0,0,5,4,3,Champions,0.0
14298,2011-10-26 09:06:00,2011-02-12 17:37:00,12,1607.59,Belgium,45,255,133.97,0.0,0,3,4,4,Regular,0.0
14299,2011-11-04 14:16:00,2011-01-28 11:05:00,10,741.2,United Kingdom,36,280,74.12,0.0,0,3,3,3,Regular,0.0
14300,2011-12-09 07:55:00,2011-02-19 09:03:00,13,1352.45,United Kingdom,1,292,104.03,0.0,0,5,4,3,Champions,0.0
14301,2011-10-29 16:07:00,2011-03-02 11:04:00,12,1235.97,United Kingdom,42,241,103.0,0.0,0,3,4,3,Regular,0.0
14302,2011-12-04 18:22:00,2011-03-04 12:11:00,6,665.93,United Kingdom,6,275,110.99,0.0,0,5,3,3,Regular,0.0
14303,2011-11-25 17:29:00,2011-03-09 14:58:00,13,1650.48,United Kingdom,15,261,126.96,0.0,0,5,4,4,Champions,0.014
14304,2011-10-29 19:58:00,2011-03-06 08:23:00,6,790.64,United Kingdom,41,237,131.77,0.0,0,3,3,3,Regular,0.0
14305,2011-11-07 16:59:00,2011-01-14 13:30:00,12,1445.72,France,33,297,120.48,0.0,0,3,4,3,Regular,0.0
14306,2011-11-18 17:05:00,2011-03-14 15:39:00,6,512.65,United Kingdom,22,249,85.44,0.0,0,4,3,2,Regular,0.4
14307,2011-10-27 09:46:00,2011-01-01 07:25:00,8,742.12,United Kingdom,44,299,92.76,0.0233,0,3,3,3,Regular,0.0
14308,2011-11-09 12:35:00,2011-04-02 10:34:00,6,613.08,Ireland,31,221,102.18,0.1429,0,4,3,2,Regular,0.0
14309,2011-11-21 16:51:00,2011-02-22 07:55:00,8,713.73,United Kingdom,19,272,89.22,0.0,0,4,3,3,Regular,0.0
14310,2011-11-04 16:49:00,2011-01-09 11:07:00,11,1081.05,United Kingdom,36,299,98.28,0.0,0,3,3,3,Regular,0.0
14311,2011-11-25 15:39:00,2011-02-07 17:15:00,6,877.31,United Kingdom,15,290,146.22,0.0,0,5,3,3,Regular,0.0
14312,2011-11-26 10:42:00,2011-02-02 14:26:00,13,1687.93,Ireland,14,296,129.84,0.0,0,5,4,4,Champions,0.0
14313,2011-11-25 14:55:00,2011-01-31 11:30:00,6,583.34,United Kingdom,15,298,97.22,0.0,0,5,3,2,Regular,0.0
14314,2011-12-05 15:01:00,2011-02-21 12:34:00,6,652.05,United Kingdom,5,287,108.68,0.0,0,5,3,3,Regular,0.0
14315,2011-10-28 14:16:00,2011-01-02 13:00:00,13,2080.93,United Kingdom,43,299,160.07,0.0152,0,3,4,4,Regular,0.0
14316,2011-12-07 13:06:00,2011-02-16 15:36:00,9,919.23,France,3,293,102.14,0.0,0,5,3,3,Regular,0.0
14317,2011-12-03 16:56:00,2011-02-23 13:31:00,12,1120.78,United Kingdom,7,283,93.4,0.0735,0,5,4,3,Champions,0.0
14318,2011-12-01 15:48:00,2011-04-07 18:56:00,8,891.68,United Kingdom,9,237,111.46,0.0,0,5,3,3,Regular,0.0
14319,2011-10-28 10:19:00,2011-01-08 16:33:00,11,1744.95,United Kingdom,43,292,158.63,0.0,0,3,3,4,Regular,0.0
14320,2011-10-31 16:06:00,2011-02-20 07:09:00,12,939.0,United Kingdom,40,253,78.25,0.2059,0,3,4,3,Regular,0.0
14321,2011-11-12 16:01:00,2011-03-02 10:02:00,6,878.87,Germany,28,255,146.48,0.0,0,4,3,3,Regular,0.0
14322,2011-10-31 19:36:00,2011-01-13 12:47:00,11,1080.83,Portugal,40,291,98.26,0.0,0,3,3,3,Regular,0.0
14323,2011-12-01 16:14:00,2011-03-18 08:43:00,6,896.81,United Kingdom,9,258,149.47,0.0,0,5,3,3,Regular,0.0
14324,2011-12-04 15:22:00,2011-02-25 13:24:00,10,1238.07,United Kingdom,6,282,123.81,0.0,0,5,3,3,Regular,0.0
14325,2011-11-18 14:30:00,2011-02-06 18:25:00,11,1155.57,France,22,284,105.05,0.0,0,4,3,3,Regular,0.0
14326,2011-11-24 11:13:00,2011-03-02 12:27:00,10,999.18,Ireland,16,266,99.92,0.0,0,5,3,3,Regular,0.014
14327,2011-11-24 08:21:00,2011-02-25 18:57:00,6,651.23,United Kingdom,16,271,108.54,0.2308,0,5,3,3,Regular,0.1
14328,2011-11-19 14:34:00,2011-03-21 19:20:00,7,732.8,Germany,21,242,104.69,0.0,0,4,3,3,Regular,0.0
14329,2011-12-06 19:17:00,2011-03-10 18:04:00,12,1397.12,United Kingdom,4,271,116.43,0.0,0,5,4,3,Champions,0.014
14330,2011-12-09 14:24:00,2011-03-02 08:41:00,13,1586.83,United Kingdom,1,282,122.06,0.0,0,5,4,4,Champions,0.0
14331,2011-12-04 09:02:00,2011-04-06 14:40:00,6,803.06,United Kingdom,6,241,133.84,0.0,0,5,3,3,Regular,0.0
14332,2011-11-12 18:08:00,2011-02-19 13:27:00,12,800.15,United Kingdom,28,266,66.68,0.1293,0,4,4,3,Champions,0.1
14333,2011-11-15 13:08:00,2011-01-28 18:06:00,8,1186.95,United Kingdom,25,290,148.37,0.1232,0,4,3,3,Regular,0.0
14334,2011-11-13 14:10:00,2011-03-26 10:58:00,8,1082.0,Spain,27,232,135.25,0.0,0,4,3,3,Regular,0.0
14335,2011-11-05 12:34:00,2011-01-18 15:21:00,6,1043.5,United Kingdom,35,290,173.92,0.0,0,3,3,3,Regular,0.0
14336,2011-11-14 17:32:00,2011-01-21 11:05:00,8,1152.61,United Kingdom,26,297,144.08,0.0,0,4,3,3,Regular,0.0
14337,2011-11-17 10:44:00,2011-04-19 08:43:00,11,1017.52,Germany,23,212,92.5,0.0,0,4,3,3,Regular,0.038
14338,2011-11-13 12:14:00,2011-01-27 18:12:00,12,1161.74,United Kingdom,27,289,96.81,0.0,0,4,4,3,Champions,0.0
14339,2011-10-25 16:06:00,2011-01-12 16:47:00,8,693.48,United Kingdom,46,285,86.68,0.0,0,3,3,3,Regular,0.0
14340,2011-11-07 09:39:00,2011-02-05 15:56:00,8,1092.14,United Kingdom,33,274,136.52,0.0,0,3,3,3,Regular,0.0
14341,2011-11-12 10:00:00,2011-01-26 14:38:00,10,1316.8,United Kingdom,28,289,131.68,0.0,0,4,3,3,Regular,0.0
14342,2011-12-01 09:46:00,2011-02-10 11:52:00,11,826.17,United Kingdom,9,293,75.11,0.0,0,5,3,3,Regular,0.0
14343,2011-10-28 17:54:00,2011-01-24 08:57:00,11,1385.15,United Kingdom,43,277,125.92,0.0,0,3,3,3,Regular,0.0
14344,2011-12-09 11:24:00,2011-02-27 07:25:00,13,1604.36,United Kingdom,1,285,123.41,0.0667,0,5,4,4,Champions,0.0
14345,2011-11-03 07:00:00,2011-01-23 07:14:00,7,830.52,United Kingdom,37,283,118.65,0.2292,0,3,3,3,Regular,0.05
14346,2011-11-20 14:51:00,2011-03-13 19:22:00,11,1444.9,United Kingdom,20,251,131.35,0.0,0,4,3,3,Regular,0.0
14347,2011-11-05 12:26:00,2011-02-19 17:09:00,6,906.02,United Kingdom,35,258,151.0,0.0,0,3,3,3,Regular,0.0
14348,2011-10-30 13:42:00,2011-01-14 19:15:00,12,1692.17,Germany,41,288,141.01,0.0223,0,3,4,4,Regular,0.0
14349,2011-10-29 15:10:00,2011-01-08 07:08:00,10,1050.78,United Kingdom,42,294,105.08,0.0775,0,3,3,3,Regular,0.0
14350,2011-11-21 09:26:00,2011-02-03 18:42:00,8,862.39,United Kingdom,19,290,107.8,0.0,0,4,3,3,Regular,0.0
14351,2011-11-20 13:54:00,2011-03-20 18:59:00,8,1238.89,United Kingdom,20,244,154.86,0.0,0,4,3,3,Regular,0.95
14352,2011-11-24 07:34:00,2011-01-29 12:02:00,7,886.32,United Kingdom,16,298,126.62,0.0,0,5,3,3,Regular,0.0
14353,2011-10-30 07:33:00,2011-01-09 12:56:00,8,1264.86,Ireland,41,293,158.11,0.0,0,3,3,3,Regular,0.0
14354,2011-12-03 15:32:00,2011-02-27 10:29:00,12,1450.05,Belgium,7,279,120.84,0.0682,0,5,4,3,Champions,0.0
14355,2011-11-18 18:02:00,2011-03-13 09:27:00,9,1140.96,France,22,250,126.77,0.0,0,4,3,3,Regular,0.0
14356,2011-10-26 13:27:00,2011-01-03 14:28:00,9,1193.53,Belgium,45,295,132.61,0.0,0,3,3,3,Regular,0.0
14357,2011-10-28 14:01:00,2011-01-30 11:53:00,10,1206.27,Ireland,43,271,120.63,0.0,0,3,3,3,Regular,0.014
14358,2011-11-09 12:30:00,2011-02-18 15:16:00,9,918.02,Germany,31,263,102.0,0.0,0,4,3,3,Regular,0.014
14359,2011-11-20 17:33:00,2011-04-08 16:19:00,8,973.97,United Kingdom,20,226,121.75,0.0,0,4,3,3,Regular,0.0
14360,2011-10-31 11:11:00,2011-01-06 12:40:00,14,1609.07,United Kingdom,40,297,114.93,0.0,0,3,4,4,Regular,0.0
14361,2011-12-04 15:45:00,2011-04-06 16:03:00,11,1042.59,Ireland,6,241,94.78,0.0,0,5,3,3,Regular,0.0
14362,2011-11-15 18:41:00,2011-01-30 17:35:00,9,754.91,United Kingdom,25,289,83.88,0.1628,0,4,3,3,Regular,0.05
14363,2011-11-02 16:38:00,2011-03-17 16:53:00,6,903.91,United Kingdom,38,229,150.65,0.0,0,3,3,3,Regular,0.0
14364,2011-11-15 16:12:00,2011-02-16 12:51:00,11,1053.88,United Kingdom,25,272,95.81,0.0,0,4,3,3,Regular,0.0
14365,2011-12-05 13:54:00,2011-04-02 17:30:00,9,1065.55,United Kingdom,5,246,118.39,0.0,0,5,3,3,Regular,0.0
14366,2011-11-22 10:36:00,2011-02-01 17:19:00,6,819.62,France,18,293,136.6,0.0,0,4,3,3,Regular,0.0
14367,2011-11-17 13:52:00,2011-02-10 15:01:00,6,614.75,Ireland,23,279,102.46,0.0,0,4,3,2,Regular,0.0
14368,2011-10-26 13:39:00,2011-02-06 15:59:00,10,1372.3,Spain,45,261,137.23,0.0,0,3,3,3,Regular,0.014
14369,2011-07-29 14:40:00,2011-03-16 16:59:00,5,722.07,United Kingdom,134,134,144.41,0.2,1,3,2,3,Regular,0.93
14370,2011-12-04 12:02:00,2011-04-10 11:46:00,8,1045.74,United Kingdom,6,238,130.72,0.0,0,5,3,3,Regular,0.0
14371,2011-12-09 13:08:00,2011-02-24 14:56:00,5,587.7,United Kingdom,1,287,117.54,0.2568,0,5,2,2,New / Low Engagement,0.05
14372,2011-11-14 12:33:00,2011-01-29 11:08:00,13,1863.34,United Kingdom,26,289,143.33,0.0256,0,4,4,4,Champions,0.0
14373,2011-12-02 08:41:00,2011-03-04 08:36:00,11,1420.96,France,8,273,129.18,0.0544,0,5,3,3,Regular,0.0
14374,2011-11-28 11:40:00,2011-02-26 10:32:00,12,1088.34,Portugal,12,275,90.7,0.0,0,5,4,3,Champions,0.0
14375,2011-11-01 15:45:00,2011-01-21 12:16:00,7,696.03,United Kingdom,39,284,99.43,0.0,0,3,3,3,Regular,0.0
14376,2011-10-25 08:28:00,2011-03-25 07:16:00,12,1576.46,Ireland,46,214,131.37,0.0068,0,3,4,4,Regular,0.038
14377,2011-11-12 12:25:00,2011-01-17 15:13:00,10,1034.83,United Kingdom,28,298,103.48,0.1417,0,4,3,3,Regular,0.0
14378,2011-12-04 18:42:00,2011-02-21 14:56:00,13,1444.73,United Kingdom,6,286,111.13,0.0067,0,5,4,3,Champions,0.0
14379,2011-12-07 11:43:00,2011-03-09 10:19:00,9,1080.83,United Kingdom,3,273,120.09,0.0,0,5,3,3,Regular,0.0
14380,2011-10-26 12:51:00,2010-12-31 09:50:00,9,1114.57,United Kingdom,45,299,123.84,0.0,0,3,3,3,Regular,0.0
14381,2011-11-12 19:47:00,2011-06-28 17:49:00,6,670.61,Germany,28,137,111.77,0.0,0,4,3,3,Regular,0.038
14382,2011-11-03 17:18:00,2011-03-16 18:41:00,9,1034.63,France,37,231,114.96,0.0,0,3,3,3,Regular,0.0
14383,2011-12-03 07:26:00,2011-03-09 11:12:00,11,1307.11,United Kingdom,7,268,118.83,0.0812,0,5,3,3,Regular,0.014
14384,2011-10-29 14:26:00,2011-03-11 13:41:00,8,1082.75,United Kingdom,42,232,135.34,0.0,0,3,3,3,Regular,0.0
14385,2011-11-29 15:54:00,2011-03-03 09:00:00,10,916.63,United Kingdom,11,271,91.66,0.0,0,5,3,3,Regular,0.014
14386,2011-11-24 13:51:00,2011-02-26 16:34:00,7,888.47,United Kingdom,16,270,126.92,0.0,0,5,3,3,Regular,0.014
14387,2011-12-06 16:38:00,2011-07-01 15:08:00,6,529.95,United Kingdom,4,158,88.32,0.1905,0,5,3,2,Regular,0.038
14388,2011-11-12 18:19:00,2011-05-18 14:50:00,7,970.89,Belgium,28,178,138.7,0.0,0,4,3,3,Regular,0.038
14389,2011-08-07 11:05:00,2011-02-01 18:52:00,6,490.28,Netherlands,125,186,81.71,0.253,1,3,3,2,Regular,0.038
14390,2011-10-31 14:17:00,2011-04-02 15:50:00,8,682.6,Germany,40,211,85.32,0.0,0,3,3,3,Regular,0.038
14391,2011-11-20 11:49:00,2011-01-26 11:24:00,14,1371.1,United Kingdom,20,298,97.94,0.0,0,4,4,3,Champions,0.0
14392,2011-11-12 18:57:00,2011-03-26 12:37:00,12,1686.87,Netherlands,28,231,140.57,0.0233,0,4,4,4,Champions,0.0
14393,2011-10-18 11:55:00,2011-02-19 09:35:00,9,1124.88,United Kingdom,53,241,124.99,0.0351,0,3,3,3,Regular,0.0
14394,2011-11-14 14:28:00,2011-01-20 15:14:00,11,1159.68,United Kingdom,26,297,105.43,0.0769,0,4,3,3,Regular,0.0
14395,2011-11-08 08:22:00,2011-01-31 13:21:00,6,606.44,Netherlands,32,280,101.07,0.0,0,4,3,2,Regular,0.0
14396,2011-11-03 19:57:00,2011-01-21 11:29:00,9,1173.45,United Kingdom,36,286,130.38,0.0972,0,3,3,3,Regular,0.0
14397,2011-11-09 17:39:00,2011-03-08 11:13:00,8,622.3,Ireland,31,246,77.79,0.0,0,4,3,2,Regular,0.4
14398,2011-10-31 15:41:00,2011-03-14 14:53:00,9,793.57,United Kingdom,40,231,88.17,0.0,0,3,3,3,Regular,0.0
14399,2011-11-28 09:06:00,2011-03-30 13:51:00,14,1358.99,United Kingdom,12,242,97.07,0.0,0,5,4,3,Champions,0.0
14400,2011-11-09 16:44:00,2011-04-29 18:39:00,7,960.33,United Kingdom,31,193,137.19,0.0,0,4,3,3,Regular,0.038
14401,2011-11-16 07:34:00,2011-03-28 07:19:00,12,1806.56,United Kingdom,24,233,150.55,0.0,0,4,4,4,Champions,0.0
14402,2011-11-30 17:09:00,2011-03-10 19:39:00,13,1534.03,United Kingdom,10,264,118.0,0.0741,0,5,4,3,Champions,0.014
14403,2011-11-20 12:48:00,2011-02-10 09:09:00,13,1645.91,United Kingdom,20,283,126.61,0.0,0,4,4,4,Champions,0.0
14404,2011-11-19 13:19:00,2011-02-08 07:45:00,8,861.78,United Kingdom,21,284,107.72,0.0,0,4,3,3,Regular,0.0
14405,2011-12-07 12:31:00,2011-03-08 10:55:00,12,1287.62,Spain,3,274,107.3,0.0,0,5,4,3,Champions,0.0
14406,2011-10-28 19:55:00,2011-01-26 14:28:00,13,1705.38,United Kingdom,43,275,131.18,0.0,0,3,4,4,Regular,0.0
14407,2011-12-04 16:30:00,2011-03-15 07:57:00,12,1177.5,United Kingdom,6,264,98.12,0.1739,0,5,4,3,Champions,0.014
14408,2011-11-03 15:28:00,2011-04-11 07:20:00,6,499.88,France,37,206,83.31,0.0,0,3,3,2,Regular,0.038
14409,2011-11-11 10:23:00,2011-02-18 18:09:00,8,1252.58,United Kingdom,29,265,156.57,0.0,0,4,3,3,Regular,0.014
14410,2011-12-02 09:47:00,2011-02-06 12:44:00,12,1892.75,United Kingdom,8,298,157.73,0.0,0,5,4,4,Champions,0.0
14411,2011-11-09 12:48:00,2011-01-21 10:20:00,8,582.56,United Kingdom,31,292,72.82,0.0,0,4,3,2,Regular,0.0
14412,2011-11-25 09:43:00,2011-03-13 12:23:00,7,1056.78,United Kingdom,15,256,150.97,0.0,0,5,3,3,Regular,0.0
14413,2011-10-30 13:39:00,2011-01-20 11:19:00,13,1329.23,United Kingdom,41,283,102.25,0.0486,0,3,4,3,Regular,0.0
14414,2011-11-29 13:43:00,2011-04-10 13:14:00,12,1169.54,United Kingdom,11,233,97.46,0.0,0,5,4,3,Champions,0.0
14415,2011-11-11 19:08:00,2011-01-15 17:55:00,11,1193.89,Spain,29,300,108.54,0.0677,0,4,3,3,Regular,0.0
14416,2011-10-30 07:14:00,2011-03-27 11:58:00,6,455.31,United Kingdom,41,216,75.89,0.0,0,3,3,2,Regular,0.038
14417,2011-12-03 12:15:00,2011-03-20 07:52:00,11,1215.02,United Kingdom,7,258,110.46,0.0,0,5,3,3,Regular,0.0
14418,2011-11-06 08:09:00,2011-02-01 07:44:00,14,1968.12,United Kingdom,34,278,140.58,0.0,0,3,4,4,Regular,0.0
14419,2011-11-10 08:33:00,2011-04-04 16:41:00,10,1418.39,United Kingdom,30,219,141.84,0.0,0,4,3,3,Regular,0.0
14420,2011-11-24 15:13:00,2011-02-05 07:14:00,13,1894.04,United Kingdom,16,292,145.7,0.0,0,5,4,4,Champions,0.0
14421,2011-11-16 18:17:00,2011-02-01 19:05:00,10,1092.2,Germany,24,287,109.22,0.1074,0,4,3,3,Regular,0.0
14422,2011-12-07 17:33:00,2011-03-14 13:22:00,7,708.69,United Kingdom,3,268,101.24,0.0,0,5,3,3,Regular,0.1
14423,2011-11-16 13:59:00,2011-03-30 13:04:00,7,836.63,United Kingdom,24,231,119.52,0.0,0,4,3,3,Regular,0.0
14424,2011-12-09 11:58:00,2011-02-13 14:31:00,10,1200.37,United Kingdom,1,298,120.04,0.1548,0,5,3,3,Regular,0.05
14425,2011-11-09 13:46:00,2011-03-25 12:46:00,6,260.02,United Kingdom,31,229,43.34,0.0,0,4,3,2,Regular,0.0
14426,2011-11-21 19:02:00,2011-01-25 14:40:00,14,2040.26,United Kingdom,19,300,145.73,0.0,0,4,4,4,Champions,0.0
14427,2011-11-12 15:24:00,2011-02-06 16:32:00,13,1561.74,United Kingdom,28,278,120.13,0.0,0,4,4,3,Champions,0.0
14428,2011-10-31 11:34:00,2011-01-10 11:58:00,14,1510.63,United Kingdom,40,293,107.9,0.0,0,3,4,3,Regular,0.0
14429,2011-10-25 14:58:00,2011-02-12 15:53:00,12,1548.8,United Kingdom,46,254,129.07,0.0329,0,3,4,3,Regular,0.0
14430,2011-10-25 10:34:00,2011-01-17 17:04:00,12,1942.07,United Kingdom,46,280,161.84,0.0,0,3,4,4,Regular,0.0
14431,2011-10-30 18:46:00,2011-01-27 16:27:00,10,968.77,France,41,276,96.88,0.0965,0,3,3,3,Regular,0.0
14432,2011-11-24 08:57:00,2011-05-18 16:24:00,13,1511.77,United Kingdom,16,189,116.29,0.0,0,5,4,3,Champions,0.038
14433,2011-10-25 08:54:00,2011-01-17 08:56:00,11,1769.03,United Kingdom,46,280,160.82,0.0,0,3,3,4,Regular,0.0
14434,2011-11-03 18:44:00,2011-04-11 08:52:00,6,732.15,Germany,37,206,122.02,0.0,0,3,3,3,Regular,0.038
14435,2011-12-04 17:27:00,2011-03-10 16:04:00,10,1198.89,United Kingdom,6,269,119.89,0.0,0,5,3,3,Regular,0.014
14436,2011-11-28 14:32:00,2011-02-21 13:18:00,13,1767.29,United Kingdom,12,280,135.95,0.0,0,5,4,4,Champions,0.0
14437,2011-11-27 12:24:00,2011-02-08 18:14:00,12,1092.34,United Kingdom,13,291,91.03,0.0,0,5,4,3,Champions,0.0
14438,2011-12-08 12:37:00,2011-02-17 17:00:00,14,1775.26,United Kingdom,2,293,126.8,0.0,0,5,4,4,Champions,0.0
14439,2011-11-15 10:54:00,2011-06-15 16:33:00,11,1158.04,United Kingdom,25,152,105.28,0.113,0,4,3,3,Regular,0.038
14440,2011-11-30 14:17:00,2011-03-06 07:31:00,13,1313.21,Ireland,10,269,101.02,0.0,0,5,4,3,Champions,0.014
14441,2011-10-29 08:05:00,2011-01-19 17:39:00,12,1637.37,Spain,42,282,136.45,0.0,0,3,4,4,Regular,0.0
14442,2011-12-05 11:50:00,2011-02-20 16:24:00,9,918.22,United Kingdom,5,287,102.02,0.0,0,5,3,3,Regular,0.0
14443,2011-12-02 11:15:00,2011-02-26 10:39:00,12,1097.87,United Kingdom,8,279,91.49,0.0161,0,5,4,3,Champions,0.0
14444,2011-11-29 13:00:00,2011-02-23 10:09:00,10,1183.19,Spain,11,279,118.32,0.0,0,5,3,3,Regular,0.0
14445,2011-12-02 12:15:00,2011-03-23 09:57:00,9,782.66,United Kingdom,8,254,86.96,0.0,0,5,3,3,Regular,0.0
14446,2011-11-16 12:21:00,2011-03-02 09:57:00,9,950.37,United Kingdom,24,259,105.6,0.0,0,4,3,3,Regular,0.0
14447,2011-12-03 10:59:00,2011-02-12 08:34:00,8,525.24,France,7,294,65.66,0.0,0,5,3,2,Regular,0.0
14448,2011-11-13 12:26:00,2011-04-08 13:04:00,8,1283.33,Ireland,27,218,160.42,0.0,0,4,3,3,Regular,0.95
14449,2011-12-03 16:07:00,2011-02-11 11:11:00,9,878.28,Ireland,7,295,97.59,0.0118,0,5,3,3,Regular,0.0
14450,2011-11-09 11:27:00,2011-01-26 17:07:00,13,1393.77,Spain,31,286,107.21,0.0833,0,4,4,3,Champions,0.0
14451,2011-11-11 09:36:00,2011-01-16 10:15:00,6,795.42,Germany,29,298,132.57,0.0,0,4,3,3,Regular,0.0
14452,2011-11-10 10:10:00,2011-02-15 08:44:00,6,797.55,United Kingdom,30,268,132.92,0.0,0,4,3,3,Regular,0.1
14453,2011-11-21 09:07:00,2011-01-26 12:01:00,13,1723.41,United Kingdom,19,298,132.57,0.0,0,4,4,4,Champions,0.0
14454,2011-11-10 08:32:00,2011-01-24 19:20:00,11,1063.16,France,30,289,96.65,0.0,0,4,3,3,Regular,0.0
14455,2011-12-03 18:13:00,2011-02-07 11:28:00,12,1496.57,Netherlands,7,299,124.71,0.117,0,5,4,3,Champions,0.0
14456,2011-10-27 07:17:00,2011-01-07 16:11:00,8,766.63,Germany,44,292,95.83,0.0,0,3,3,3,Regular,0.0
14457,2011-11-22 08:04:00,2011-01-29 09:12:00,12,1427.46,Portugal,18,296,118.96,0.0,0,4,4,3,Champions,0.0
14458,2011-12-01 07:22:00,2011-02-07 13:37:00,14,1647.81,Germany,9,296,117.7,0.0,0,5,4,4,Champions,0.0
14459,2011-11-27 07:03:00,2011-02-09 11:45:00,11,1155.3,France,13,290,105.03,0.0,0,5,3,3,Regular,0.0
14460,2011-12-02 09:14:00,2011-02-07 19:17:00,14,1748.81,Ireland,8,297,124.92,0.0,0,5,4,4,Champions,0.0
14461,2011-11-06 16:58:00,2011-01-15 13:16:00,6,722.38,United Kingdom,34,295,120.4,0.0,0,3,3,3,Regular,0.0
14462,2011-12-08 16:25:00,2011-03-14 09:01:00,6,558.46,France,2,269,93.08,0.0,0,5,3,2,Regular,0.1
14463,2011-11-11 17:54:00,2011-02-16 19:07:00,13,1442.47,United Kingdom,29,267,110.96,0.0,0,4,4,3,Champions,0.014
14464,2011-12-06 17:24:00,2011-03-09 07:37:00,8,792.56,Germany,4,272,99.07,0.0,0,5,3,3,Regular,0.0
14465,2011-11-07 07:24:00,2011-01-19 09:47:00,13,1627.96,United Kingdom,33,291,125.23,0.0052,0,3,4,4,Regular,0.0
14466,2011-11-24 13:07:00,2011-03-25 09:49:00,13,1723.97,United Kingdom,16,244,132.61,0.0,0,5,4,4,Champions,0.0
14467,2011-11-11 19:01:00,2011-02-15 11:19:00,12,1777.89,United Kingdom,29,269,148.16,0.0,0,4,4,4,Champions,0.014
14468,2011-11-17 13:50:00,2011-04-05 11:54:00,13,1529.93,United Kingdom,23,226,117.69,0.0389,0,4,4,3,Champions,0.0
14469,2011-11-24 16:19:00,2011-02-10 15:14:00,10,934.9,United Kingdom,16,287,93.49,0.0,0,5,3,3,Regular,0.0
14470,2011-11-26 13:08:00,2011-03-17 16:19:00,8,974.16,Germany,14,253,121.77,0.1531,0,5,3,3,Regular,0.0
14471,2011-11-05 15:38:00,2011-02-13 18:57:00,9,1324.22,France,35,264,147.14,0.0,0,3,3,3,Regular,0.014
14472,2011-11-28 08:19:00,2011-02-01 10:35:00,12,1458.88,United Kingdom,12,299,121.57,0.0,0,5,4,3,Champions,0.0
14473,2011-12-08 19:13:00,2011-03-09 14:40:00,11,1038.45,United Kingdom,2,274,94.4,0.0,0,5,3,3,Regular,0.0
14474,2011-11-17 19:25:00,2011-02-28 19:40:00,11,1384.83,United Kingdom,23,261,125.89,0.0,0,4,3,3,Regular,0.014
14475,2011-11-30 12:17:00,2011-03-30 14:23:00,13,1637.44,United Kingdom,10,244,125.96,0.0,0,5,4,4,Champions,0.0
14476,2011-10-27 12:46:00,2010-12-31 14:14:00,6,1061.73,Netherlands,44,299,176.96,0.0,0,3,3,3,Regular,0.0
14477,2011-11-18 07:56:00,2011-01-28 08:03:00,7,1089.38,Netherlands,22,293,155.63,0.0,0,4,3,3,Regular,0.0
14478,2011-12-05 11:41:00,2011-03-01 08:41:00,6,503.5,Germany,5,279,83.92,0.0,0,5,3,2,Regular,0.0
14479,2011-11-28 16:11:00,2011-02-13 14:14:00,8,1017.04,United Kingdom,12,288,127.13,0.0,0,5,3,3,Regular,0.0
14480,2011-12-07 10:37:00,2011-02-11 16:22:00,13,1583.21,United Kingdom,3,298,121.79,0.1078,0,5,4,4,Champions,0.0
14481,2011-11-23 12:38:00,2011-02-02 14:02:00,12,2402.99,United Kingdom,17,293,200.25,0.0,0,4,4,4,Champions,0.0
14482,2011-11-22 11:46:00,2011-02-09 19:57:00,7,689.67,United Kingdom,18,285,98.52,0.0,0,4,3,3,Regular,0.0
14483,2011-08-15 09:07:00,2011-03-16 07:47:00,7,732.89,United Kingdom,117,152,104.7,0.2157,1,3,3,3,Regular,0.038
14484,2011-10-27 13:38:00,2011-01-24 10:20:00,10,985.12,United Kingdom,44,276,98.51,0.0,0,3,3,3,Regular,0.0
14485,2011-12-06 11:00:00,2011-02-13 07:38:00,9,1070.98,Germany,4,296,119.0,0.0,0,5,3,3,Regular,0.0
14486,2011-11-09 09:24:00,2011-02-12 09:21:00,11,1029.38,United Kingdom,31,270,93.58,0.0,0,4,3,3,Regular,0.014
14487,2011-11-14 11:22:00,2011-04-03 13:23:00,7,942.3,United Kingdom,26,224,134.61,0.0,0,4,3,3,Regular,0.0
14488,2011-11-06 18:44:00,2011-02-01 15:40:00,12,1551.15,France,34,278,129.26,0.0893,0,3,4,3,Regular,0.0
14489,2011-11-01 16:05:00,2011-03-16 15:41:00,6,498.68,France,39,230,83.11,0.0,0,3,3,2,Regular,0.0
14490,2011-11-20 12:36:00,2011-02-13 10:03:00,13,1409.4,United Kingdom,20,280,108.42,0.0,0,4,4,3,Champions,0.0
14491,2011-12-09 18:21:00,2011-03-04 15:32:00,12,1448.37,Germany,1,280,120.7,0.0,0,5,4,3,Champions,0.0
14492,2011-11-01 14:13:00,2011-01-21 14:29:00,6,683.68,United Kingdom,39,283,113.95,0.0,0,3,3,3,Regular,0.0
14493,2011-11-21 08:43:00,2011-02-05 13:18:00,6,597.38,Portugal,19,288,99.56,0.0,0,4,3,2,Regular,0.0
14494,2011-11-08 10:37:00,2011-01-25 09:03:00,12,1365.3,United Kingdom,32,287,113.78,0.1716,0,4,4,3,Champions,0.05
14495,2011-10-27 12:24:00,2011-01-11 17:06:00,6,895.95,United Kingdom,44,288,149.33,0.0,0,3,3,3,Regular,0.0
14496,2011-11-09 07:19:00,2011-02-24 08:12:00,10,1056.92,United Kingdom,31,257,105.69,0.0672,0,4,3,3,Regular,0.0
14497,2011-10-28 15:01:00,2011-02-07 17:37:00,8,1070.41,United Kingdom,43,262,133.8,0.1085,0,3,3,3,Regular,0.014
14498,2011-11-05 12:17:00,2011-01-16 18:38:00,7,1042.4,United Kingdom,35,292,148.91,0.0,0,3,3,3,Regular,0.0
14499,2011-10-31 13:11:00,2011-03-15 14:37:00,9,1315.8,United Kingdom,40,229,146.2,0.0,0,3,3,3,Regular,0.0
14500,2011-12-08 15:24:00,2011-04-04 18:54:00,9,981.28,United Kingdom,2,247,109.03,0.0,0,5,3,3,Regular,0.0
14501,2011-12-07 17:12:00,2011-03-07 13:32:00,12,1578.04,United Kingdom,3,275,131.5,0.0,0,5,4,4,Champions,0.0
14502,2011-11-11 10:21:00,2011-02-08 09:46:00,12,1187.81,United Kingdom,29,276,98.98,0.0,0,4,4,3,Champions,0.0
14503,2011-12-05 12:12:00,2011-02-26 09:51:00,9,1320.44,Netherlands,5,282,146.72,0.0,0,5,3,3,Regular,0.0
14504,2011-11-22 07:45:00,2011-01-30 07:13:00,11,1765.46,United Kingdom,18,296,160.5,0.0,0,4,3,4,Regular,0.0
14505,2011-11-13 14:15:00,2011-02-26 13:34:00,11,1113.86,United Kingdom,27,260,101.26,0.0,0,4,3,3,Regular,0.0
14506,2011-11-28 16:13:00,2011-02-05 18:41:00,8,1126.92,United Kingdom,12,295,140.86,0.0,0,5,3,3,Regular,0.0
14507,2011-11-14 16:24:00,2011-03-01 09:22:00,10,1194.08,United Kingdom,26,258,119.41,0.1128,0,4,3,3,Regular,0.0
14508,2011-11-07 07:38:00,2011-05-01 16:40:00,13,1371.55,Ireland,33,189,105.5,0.1726,0,3,4,3,Regular,0.038
14509,2011-11-24 09:50:00,2011-03-12 12:44:00,8,567.84,United Kingdom,16,256,70.98,0.0,0,5,3,2,Regular,0.4
14510,2011-10-27 09:14:00,2011-01-01 16:05:00,13,896.39,United Kingdom,44,298,68.95,0.1405,0,3,4,3,Regular,0.0
14511,2011-11-25 11:59:00,2011-02-20 16:20:00,10,1271.62,United Kingdom,15,277,127.16,0.0,0,5,3,3,Regular,0.0
14512,2011-11-19 09:26:00,2011-02-07 14:12:00,6,1018.12,Netherlands,21,284,169.69,0.0,0,4,3,3,Regular,0.0
14513,2011-12-05 12:25:00,2011-02-10 18:39:00,11,721.25,United Kingdom,5,297,65.57,0.0,0,5,3,3,Regular,0.0
14514,2011-11-29 12:12:00,2011-02-22 18:52:00,9,715.04,United Kingdom,11,279,79.45,0.0,0,5,3,3,Regular,0.0
14515,2011-11-10 19:06:00,2011-01-25 19:10:00,12,1412.95,United Kingdom,30,288,117.75,0.0,0,4,4,3,Champions,0.0
14516,2011-11-25 14:55:00,2011-03-19 08:25:00,12,1676.03,Germany,15,251,139.67,0.0,0,5,4,4,Champions,0.0
14517,2011-10-26 17:52:00,2011-03-03 12:28:00,6,824.9,United Kingdom,45,237,137.48,0.0,0,3,3,3,Regular,0.0
14518,2011-11-09 15:38:00,2011-04-26 15:31:00,11,883.35,United Kingdom,31,197,80.3,0.0,0,4,3,3,Regular,0.038
14519,2011-11-15 11:48:00,2011-03-05 08:53:00,10,1137.82,United Kingdom,25,255,113.78,0.0,0,4,3,3,Regular,0.0
14520,2011-11-15 08:20:00,2011-05-03 10:13:00,9,966.11,United Kingdom,25,195,107.35,0.0,0,4,3,3,Regular,0.038
14521,2011-11-17 09:32:00,2011-03-02 08:32:00,7,762.38,Spain,23,260,108.91,0.0,0,4,3,3,Regular,0.0
14522,2011-11-24 17:25:00,2011-03-09 07:19:00,13,1218.23,United Kingdom,16,260,93.71,0.1185,0,5,4,3,Champions,0.0
14523,2011-10-25 13:16:00,2011-02-16 17:13:00,13,1624.48,United Kingdom,46,250,124.96,0.0345,0,3,4,4,Regular,0.0
14524,2011-11-08 16:06:00,2011-02-20 08:58:00,7,841.56,France,32,261,120.22,0.0,0,4,3,3,Regular,0.1
14525,2011-11-02 13:11:00,2011-01-14 11:20:00,13,1349.73,United Kingdom,38,292,103.83,0.1214,0,3,4,3,Regular,0.0
14526,2011-11-05 11:22:00,2011-01-21 11:39:00,7,1226.03,United Kingdom,35,287,175.15,0.0,0,3,3,3,Regular,0.0
14527,2011-11-14 11:46:00,2011-02-10 12:03:00,12,1286.53,United Kingdom,26,276,107.21,0.0,0,4,4,3,Champions,0.0
14528,2011-11-11 12:13:00,2011-01-23 19:47:00,14,1279.73,Belgium,29,291,91.41,0.0,0,4,4,3,Champions,0.0
14529,2011-12-05 11:02:00,2011-02-17 16:22:00,10,985.52,United Kingdom,5,290,98.55,0.0,0,5,3,3,Regular,0.0
14530,2011-11-25 19:17:00,2011-01-29 18:14:00,11,1153.9,Spain,15,300,104.9,0.0,0,5,3,3,Regular,0.0
14531,2011-11-24 15:23:00,2011-03-11 07:32:00,8,1181.04,Germany,16,258,147.63,0.0,0,5,3,3,Regular,0.0
14532,2011-11-07 15:10:00,2011-03-14 10:34:00,6,410.72,United Kingdom,33,238,68.45,0.0,0,3,3,2,Regular,0.0
14533,2011-11-26 07:26:00,2011-02-01 08:18:00,12,1507.08,Germany,14,297,125.59,0.0,0,5,4,3,Champions,0.0
14534,2011-11-10 10:07:00,2011-01-17 15:43:00,10,1205.49,United Kingdom,30,296,120.55,0.0606,0,4,3,3,Regular,0.0
14535,2011-11-19 12:14:00,2011-02-07 12:04:00,14,1683.73,United Kingdom,21,285,120.27,0.0,0,4,4,4,Champions,0.0
14536,2011-12-04 17:44:00,2011-06-03 08:24:00,8,1210.36,United Kingdom,6,184,151.29,0.16,0,5,3,3,Regular,0.038
14537,2011-12-08 14:42:00,2011-04-02 19:32:00,11,1342.68,United Kingdom,2,249,122.06,0.0,0,5,3,3,Regular,0.0
14538,2011-12-05 12:21:00,2011-02-08 12:59:00,6,551.64,United Kingdom,5,299,91.94,0.0,0,5,3,2,Regular,0.0
14539,2011-11-24 16:01:00,2011-01-28 08:58:00,10,1300.35,United Kingdom,16,300,130.04,0.1391,0,5,3,3,Regular,0.0
14540,2011-11-19 16:43:00,2011-02-22 09:18:00,6,689.34,United Kingdom,21,270,114.89,0.0,0,4,3,3,Regular,0.1
14541,2011-11-10 19:05:00,2011-03-23 14:41:00,6,638.37,United Kingdom,30,232,106.4,0.0,0,4,3,2,Regular,0.0
14542,2011-12-06 19:59:00,2011-02-24 12:43:00,9,1003.5,United Kingdom,3,285,111.5,0.0,0,5,3,3,Regular,0.0
14543,2011-10-31 08:20:00,2011-01-24 15:53:00,10,1572.68,United Kingdom,40,279,157.27,0.0,0,3,3,3,Regular,0.0
14544,2011-11-29 07:00:00,2011-04-20 11:12:00,6,674.23,Germany,11,222,112.37,0.0,0,5,3,3,Regular,0.0
14545,2011-11-15 10:08:00,2011-02-02 10:40:00,10,1258.92,France,25,285,125.89,0.053,0,4,3,3,Regular,0.0
14546,2011-10-31 08:01:00,2011-01-30 15:11:00,12,1005.95,France,40,273,83.83,0.0088,0,3,4,3,Regular,0.0
14547,2011-10-22 07:43:00,2011-01-07 17:58:00,11,1468.47,United Kingdom,49,287,133.5,0.0299,0,3,3,3,Regular,0.0
14548,2011-11-20 19:49:00,2011-03-02 10:55:00,9,1056.71,Ireland,20,263,117.41,0.1319,0,4,3,3,Regular,0.014
14549,2011-11-27 11:45:00,2011-02-22 07:40:00,10,1031.87,United Kingdom,13,278,103.19,0.0,0,5,3,3,Regular,0.0
14550,2011-11-25 17:31:00,2011-03-17 11:08:00,11,1322.47,United Kingdom,15,253,120.22,0.0,0,5,3,3,Regular,0.0
14551,2011-10-26 19:07:00,2011-03-01 19:24:00,7,748.34,United Kingdom,45,238,106.91,0.0824,0,3,3,3,Regular,0.0
14552,2011-11-03 10:28:00,2011-03-16 15:35:00,6,827.96,United Kingdom,37,231,137.99,0.0,0,3,3,3,Regular,0.0
14553,2011-12-03 18:56:00,2011-02-08 11:21:00,6,372.84,Spain,7,298,62.14,0.0,0,5,3,2,Regular,0.0
14554,2011-10-05 14:22:00,2011-02-26 14:31:00,11,1113.39,United Kingdom,66,220,101.22,0.1181,0,3,3,3,Regular,0.0
14555,2011-11-28 12:13:00,2011-02-24 12:35:00,10,1196.32,United Kingdom,12,276,119.63,0.0593,0,5,3,3,Regular,0.0
14556,2011-11-18 15:52:00,2011-01-28 07:31:00,12,1238.64,United Kingdom,22,294,103.22,0.0,0,4,4,3,Champions,0.0
14557,2011-10-25 13:27:00,2010-12-29 19:01:00,10,1325.05,United Kingdom,46,299,132.5,0.0,0,3,3,3,Regular,0.0
14558,2011-11-06 17:01:00,2011-02-13 16:51:00,13,1336.36,United Kingdom,34,266,102.8,0.0,0,3,4,3,Regular,0.014
14559,2011-11-08 16:33:00,2011-01-23 12:14:00,14,1704.47,United Kingdom,32,289,121.75,0.0,0,4,4,4,Champions,0.0
14560,2011-12-04 16:13:00,2011-03-10 08:34:00,9,1474.78,United Kingdom,6,269,163.86,0.0,0,5,3,3,Regular,0.014
14561,2011-12-04 08:31:00,2011-03-04 13:23:00,9,894.09,United Kingdom,6,274,99.34,0.0,0,5,3,3,Regular,0.0
14562,2011-11-28 12:51:00,2011-02-09 08:02:00,9,1120.12,Portugal,12,292,124.46,0.0,0,5,3,3,Regular,0.0
14563,2011-11-22 14:55:00,2011-02-03 15:04:00,9,1225.23,United Kingdom,18,291,136.14,0.0,0,4,3,3,Regular,0.0
14564,2011-12-03 13:10:00,2011-02-06 09:21:00,6,830.83,Germany,7,300,138.47,0.0,0,5,3,3,Regular,0.0
14565,2011-10-31 14:19:00,2011-02-01 14:00:00,11,904.73,United Kingdom,40,272,82.25,0.0,0,3,3,3,Regular,0.0
14566,2011-10-28 08:45:00,2011-01-16 10:38:00,8,1276.77,United Kingdom,43,284,159.6,0.0,0,3,3,3,Regular,0.0
14567,2011-11-20 13:51:00,2011-04-28 16:39:00,6,1219.52,Germany,20,205,203.25,0.0,0,4,3,3,Regular,0.038
14568,2011-11-13 12:39:00,2011-05-20 15:01:00,6,932.11,Ireland,27,176,155.35,0.0,0,4,3,3,Regular,0.038
14569,2011-12-03 14:28:00,2011-03-18 12:36:00,14,1896.18,Netherlands,7,260,135.44,0.0,0,5,4,4,Champions,0.0
14570,2011-11-13 15:36:00,2011-01-17 10:28:00,10,1365.05,United Kingdom,27,300,136.5,0.0,0,4,3,3,Regular,0.0
14571,2011-10-25 16:05:00,2011-01-14 14:45:00,7,570.6,United Kingdom,46,284,81.51,0.0,0,3,3,2,Regular,0.0
14572,2011-11-05 16:07:00,2011-02-02 13:45:00,9,729.62,United Kingdom,35,276,81.07,0.0,0,3,3,3,Regular,0.0
14573,2011-12-08 07:14:00,2011-04-09 17:58:00,8,779.75,France,2,242,97.47,0.0,0,5,3,3,Regular,0.0
14574,2011-11-21 13:06:00,2011-02-15 15:44:00,13,1398.37,Germany,19,278,107.57,0.0,0,4,4,3,Champions,0.0
14575,2011-11-13 13:48:00,2011-01-23 19:24:00,9,935.18,United Kingdom,27,293,103.91,0.0,0,4,3,3,Regular,0.0
14576,2011-11-25 08:56:00,2011-02-28 08:26:00,11,1428.36,United Kingdom,15,270,129.85,0.0,0,5,3,3,Regular,0.014
14577,2011-11-06 09:41:00,2011-02-17 09:18:00,8,623.17,United Kingdom,34,262,77.9,0.0,0,3,3,2,Regular,0.1
14578,2011-10-27 19:32:00,2011-01-08 11:12:00,8,819.95,Belgium,44,292,102.49,0.0,0,3,3,3,Regular,0.0
14579,2011-11-24 12:14:00,2011-02-28 12:12:00,13,2084.34,Ireland,16,269,160.33,0.0,0,5,4,4,Champions,0.014
14580,2011-11-15 18:07:00,2011-02-09 18:43:00,12,1340.57,Germany,25,278,111.71,0.0,0,4,4,3,Champions,0.0
14581,2011-10-27 09:34:00,2011-02-06 07:42:00,12,1270.72,United Kingdom,44,263,105.89,0.078,0,3,4,3,Regular,0.014
14582,2011-11-15 15:41:00,2011-03-20 13:16:00,12,1191.79,Portugal,25,240,99.32,0.0,0,4,4,3,Champions,0.0
14583,2011-11-28 13:58:00,2011-02-06 13:31:00,7,651.66,United Kingdom,12,295,93.09,0.0,0,5,3,3,Regular,0.0
14584,2011-11-25 08:05:00,2011-02-22 10:25:00,7,695.61,United Kingdom,15,275,99.37,0.0,0,5,3,3,Regular,0.0
14585,2011-11-20 16:09:00,2011-02-23 17:37:00,10,928.42,United Kingdom,20,269,92.84,0.0,0,4,3,3,Regular,0.014
14586,2011-11-06 07:57:00,2011-02-04 09:26:00,6,643.47,United Kingdom,34,274,107.24,0.0,0,3,3,3,Regular,0.0
14587,2011-11-28 19:06:00,2011-03-14 08:50:00,11,1163.3,Netherlands,12,259,105.75,0.0,0,5,3,3,Regular,0.0
14588,2011-11-23 11:14:00,2011-02-15 17:45:00,10,1007.03,United Kingdom,17,280,100.7,0.0,0,4,3,3,Regular,0.0
14589,2011-11-19 07:11:00,2011-03-28 15:51:00,7,905.58,France,21,235,129.37,0.0,0,4,3,3,Regular,0.0
14590,2011-11-02 16:46:00,2011-01-07 09:08:00,10,1231.25,United Kingdom,38,299,123.12,0.0,0,3,3,3,Regular,0.0
14591,2011-11-20 17:22:00,2011-01-27 17:57:00,6,1026.24,United Kingdom,20,296,171.04,0.0,0,4,3,3,Regular,0.0
14592,2011-11-13 12:05:00,2011-04-02 08:09:00,11,1018.17,France,27,225,92.56,0.0,0,4,3,3,Regular,0.0
14593,2011-10-30 09:22:00,2011-01-25 16:43:00,13,1715.75,United Kingdom,41,277,131.98,0.0,0,3,4,4,Regular,0.0
14594,2011-11-29 11:11:00,2011-03-23 16:52:00,10,1240.68,United Kingdom,11,250,124.07,0.1554,0,5,3,3,Regular,0.0
14595,2011-12-09 19:55:00,2011-04-04 18:20:00,6,443.22,United Kingdom,1,249,73.87,0.0,0,5,3,2,Regular,0.4
14596,2011-10-28 19:34:00,2011-02-06 19:02:00,7,740.88,Netherlands,43,264,105.84,0.0,0,3,3,3,Regular,0.1
14597,2011-12-02 08:34:00,2011-02-09 18:43:00,11,945.85,United Kingdom,8,295,85.99,0.0877,0,5,3,3,Regular,0.0
14598,2011-11-21 09:57:00,2011-02-04 18:26:00,12,1012.35,United Kingdom,19,289,84.36,0.0,0,4,4,3,Champions,0.0
14599,2011-11-23 17:47:00,2011-02-21 09:39:00,11,1423.87,United Kingdom,17,275,129.44,0.0,0,4,3,3,Regular,0.0
14600,2011-11-20 17:41:00,2011-03-24 11:18:00,10,1264.74,Germany,20,241,126.47,0.0,0,4,3,3,Regular,0.0
14601,2011-11-03 07:41:00,2011-02-11 14:03:00,9,974.54,United Kingdom,37,264,108.28,0.0942,0,3,3,3,Regular,0.014
14602,2011-10-25 10:32:00,2011-01-06 16:20:00,10,966.79,United Kingdom,46,291,96.68,0.0,0,3,3,3,Regular,0.0
14603,2011-11-11 15:40:00,2011-03-21 18:43:00,10,966.5,United Kingdom,29,234,96.65,0.0,0,4,3,3,Regular,0.0
14604,2011-12-02 08:55:00,2011-02-13 18:04:00,10,1154.23,United Kingdom,8,291,115.42,0.0,0,5,3,3,Regular,0.0
14605,2011-11-05 09:59:00,2011-01-16 12:29:00,14,1853.05,United Kingdom,35,292,132.36,0.0,0,3,4,4,Regular,0.0
14606,2011-11-02 08:02:00,2011-01-14 19:27:00,11,1151.1,Germany,38,291,104.65,0.0455,0,3,3,3,Regular,0.0
14607,2011-11-13 07:56:00,2011-03-01 12:34:00,8,916.27,Germany,27,256,114.53,0.0,0,4,3,3,Regular,0.0
14608,2011-11-16 11:32:00,2011-05-16 15:01:00,6,491.39,United Kingdom,24,183,81.9,0.0,0,4,3,2,Regular,0.038
14609,2011-11-26 18:51:00,2011-02-09 12:09:00,12,1590.39,France,14,290,132.53,0.0,0,5,4,4,Champions,0.0
14610,2011-10-30 12:03:00,2011-01-13 19:24:00,13,1484.71,United Kingdom,41,289,114.21,0.0,0,3,4,3,Regular,0.0
14611,2011-10-26 14:49:00,2011-01-20 12:07:00,8,933.66,United Kingdom,45,279,116.71,0.1679,0,3,3,3,Regular,0.05
14612,2011-10-27 18:13:00,2011-01-04 09:39:00,6,556.46,United Kingdom,44,296,92.74,0.0,0,3,3,2,Regular,0.0
14613,2011-11-10 13:35:00,2011-01-26 10:00:00,11,1513.8,United Kingdom,30,288,137.62,0.0,0,4,3,3,Regular,0.0
14614,2011-11-12 11:36:00,2011-02-04 17:25:00,12,1283.7,United Kingdom,28,280,106.98,0.0,0,4,4,3,Champions,0.0
14615,2011-11-24 19:04:00,2011-04-04 11:54:00,6,715.0,United Kingdom,16,234,119.17,0.0,0,5,3,3,Regular,0.0
14616,2011-12-08 14:04:00,2011-02-14 16:33:00,11,2025.7,Ireland,2,296,184.15,0.0,0,5,3,4,Regular,0.0
14617,2011-11-07 16:52:00,2011-01-18 12:24:00,8,689.64,United Kingdom,33,293,86.2,0.1026,0,3,3,3,Regular,0.0
14618,2011-10-27 19:04:00,2011-01-05 11:39:00,13,1584.95,United Kingdom,44,295,121.92,0.0,0,3,4,4,Regular,0.0
14619,2011-12-04 14:51:00,2011-03-11 11:45:00,11,1142.83,United Kingdom,6,268,103.89,0.0822,0,5,3,3,Regular,0.014
14620,2011-11-02 16:51:00,2011-05-07 10:33:00,8,1171.6,United Kingdom,38,179,146.45,0.0,0,3,3,3,Regular,0.038
14621,2011-11-09 14:31:00,2011-02-24 11:19:00,8,700.61,Germany,31,258,87.58,0.0,0,4,3,3,Regular,0.4
14622,2011-11-15 10:39:00,2011-01-29 14:40:00,9,906.06,Ireland,25,289,100.67,0.2576,0,4,3,3,Regular,0.05
14623,2011-11-15 18:44:00,2011-03-14 15:53:00,12,1537.15,United Kingdom,25,246,128.1,0.0,0,4,4,3,Champions,0.0
14624,2011-11-11 08:41:00,2011-01-17 14:29:00,5,295.04,France,29,297,59.01,0.2093,0,4,2,2,New / Low Engagement,0.05
14625,2011-11-11 08:14:00,2011-01-18 15:38:00,11,1904.21,United Kingdom,29,296,173.11,0.0833,0,4,3,4,Regular,0.0
14626,2011-11-13 09:09:00,2011-02-14 08:43:00,6,438.58,United Kingdom,27,272,73.1,0.1842,0,4,3,2,Regular,0.05
14627,2011-12-02 19:52:00,2011-02-13 11:31:00,7,836.79,United Kingdom,8,292,119.54,0.0,0,5,3,3,Regular,0.0
14628,2011-12-03 19:19:00,2011-03-06 13:46:00,11,1181.49,Germany,7,272,107.41,0.0,0,5,3,3,Regular,0.0
14629,2011-10-28 10:13:00,2011-03-05 19:13:00,6,443.59,United Kingdom,43,236,73.93,0.0,0,3,3,2,Regular,0.0
14630,2011-10-27 13:47:00,2011-01-06 18:57:00,10,1068.31,United Kingdom,44,293,106.83,0.0,0,3,3,3,Regular,0.0
14631,2011-11-30 08:33:00,2011-03-07 14:29:00,13,1365.72,Ireland,10,267,105.06,0.0,0,5,4,3,Champions,0.014
14632,2011-11-25 07:32:00,2011-03-12 18:01:00,9,1125.86,United Kingdom,15,257,125.1,0.0,0,5,3,3,Regular,0.0
14633,2011-11-08 09:14:00,2011-02-14 18:50:00,12,1454.47,Ireland,32,266,121.21,0.0977,0,4,4,3,Champions,0.014
14634,2011-12-07 18:17:00,2011-03-26 19:52:00,10,1169.19,United Kingdom,3,255,116.92,0.0,0,5,3,3,Regular,0.0
14635,2011-12-04 14:43:00,2011-03-08 16:26:00,13,1304.71,United Kingdom,6,270,100.36,0.0,0,5,4,3,Champions,0.014
14636,2011-10-27 13:21:00,2011-02-22 09:44:00,11,1043.68,United Kingdom,44,247,94.88,0.127,0,3,3,3,Regular,0.0
14637,2011-11-16 15:27:00,2011-03-05 14:40:00,13,1467.49,Portugal,24,256,112.88,0.0,0,4,4,3,Champions,0.0
14638,2011-11-19 17:05:00,2011-05-31 19:49:00,5,530.36,United Kingdom,21,171,106.07,0.1571,0,4,2,2,New / Low Engagement,0.93
14639,2011-11-12 07:44:00,2011-04-07 14:15:00,8,758.28,United Kingdom,28,218,94.78,0.0,0,4,3,3,Regular,0.0
14640,2011-11-23 15:57:00,2011-08-10 10:38:00,6,651.28,United Kingdom,17,105,108.55,0.0,0,4,3,3,Regular,0.038
14641,2011-10-30 13:48:00,2011-01-07 08:47:00,8,1094.73,United Kingdom,41,296,136.84,0.0804,0,3,3,3,Regular,0.0
14642,2011-11-19 09:17:00,2011-02-11 18:35:00,11,1810.6,United Kingdom,21,280,164.6,0.0,0,4,3,4,Regular,0.0
14643,2011-11-04 09:10:00,2011-02-21 13:22:00,7,744.72,United Kingdom,36,255,106.39,0.0,0,3,3,3,Regular,0.0
14644,2011-12-08 18:54:00,2011-02-19 18:29:00,11,1572.68,United Kingdom,2,292,142.97,0.0435,0,5,3,3,Regular,0.0
14645,2011-12-05 17:09:00,2011-02-11 14:51:00,14,1469.75,Germany,5,297,104.98,0.0,0,5,4,3,Champions,0.0
14646,2011-10-26 12:40:00,2011-01-31 09:58:00,11,1031.87,France,45,268,93.81,0.0,0,3,3,3,Regular,0.014
14647,2011-11-18 16:22:00,2011-02-07 16:26:00,10,1508.54,Ireland,22,283,150.85,0.0,0,4,3,3,Regular,0.0
14648,2011-11-23 15:47:00,2011-02-06 14:21:00,11,1257.0,United Kingdom,17,290,114.27,0.0,0,4,3,3,Regular,0.0
14649,2011-10-25 09:31:00,2011-02-01 15:12:00,13,1824.06,France,46,265,140.31,0.0,0,3,4,4,Regular,0.014
14650,2011-11-23 18:32:00,2011-02-14 16:45:00,7,682.16,Ireland,17,282,97.45,0.0,0,4,3,3,Regular,0.0
14651,2011-10-30 09:01:00,2011-01-10 13:46:00,10,925.94,Germany,41,292,92.59,0.2164,0,3,3,3,Regular,0.05
14652,2011-12-08 19:20:00,2011-04-07 12:22:00,10,1472.32,United Kingdom,2,245,147.23,0.0,0,5,3,3,Regular,0.0
14653,2011-12-06 12:53:00,2011-03-05 17:39:00,9,1095.68,United Kingdom,4,275,121.74,0.0,0,5,3,3,Regular,0.0
14654,2011-11-14 17:36:00,2011-02-10 15:08:00,13,1178.23,United Kingdom,26,277,90.63,0.0,0,4,4,3,Champions,0.0
14655,2011-11-03 10:15:00,2011-01-13 11:03:00,14,1462.13,France,37,293,104.44,0.0,0,3,4,3,Regular,0.0
14656,2011-11-29 12:19:00,2011-03-21 07:23:00,13,904.62,United Kingdom,11,253,69.59,0.0,0,5,4,3,Champions,0.0
14657,2011-11-22 15:58:00,2011-03-17 13:23:00,11,1253.49,United Kingdom,18,250,113.95,0.0,0,4,3,3,Regular,0.0
14658,2011-10-31 13:34:00,2011-01-05 12:17:00,11,1038.9,United Kingdom,40,299,94.45,0.0,0,3,3,3,Regular,0.0
14659,2011-11-17 15:15:00,2011-01-28 08:16:00,13,1516.3,Spain,23,293,116.64,0.0,0,4,4,3,Champions,0.0
14660,2011-11-14 14:14:00,2011-02-03 10:57:00,12,926.63,United Kingdom,26,284,77.22,0.0,0,4,4,3,Champions,0.0
14661,2011-10-31 19:23:00,2011-01-07 09:24:00,13,1745.19,France,40,297,134.25,0.0,0,3,4,4,Regular,0.0
14662,2011-11-30 19:01:00,2011-03-11 10:47:00,13,1758.15,United Kingdom,10,264,135.24,0.0,0,5,4,4,Champions,0.014
14663,2011-11-16 08:59:00,2011-02-24 19:44:00,14,1610.98,Ireland,24,264,115.07,0.0,0,4,4,4,Champions,0.014
14664,2011-12-08 07:01:00,2011-03-28 11:23:00,10,1128.05,United Kingdom,2,254,112.8,0.0,0,5,3,3,Regular,0.0
14665,2011-11-06 18:58:00,2011-01-25 15:26:00,12,1273.99,United Kingdom,34,285,106.17,0.0,0,3,4,3,Regular,0.0
14666,2011-12-02 14:55:00,2011-06-08 10:57:00,7,825.29,United Kingdom,8,177,117.9,0.1452,0,5,3,3,Regular,0.038
14667,2011-12-05 19:23:00,2011-02-21 17:34:00,12,1351.02,United Kingdom,5,287,112.58,0.0,0,5,4,3,Champions,0.0
14668,2011-11-17 14:10:00,2011-02-04 12:34:00,9,1150.22,United Kingdom,23,286,127.8,0.0,0,4,3,3,Regular,0.0
14669,2011-10-30 19:53:00,2011-02-05 13:44:00,12,1436.48,United Kingdom,41,267,119.71,0.0575,0,3,4,3,Regular,0.014
14670,2011-10-31 17:31:00,2011-01-29 17:46:00,12,1263.44,United Kingdom,40,274,105.29,0.0,0,3,4,3,Regular,0.0
14671,2011-12-08 12:44:00,2011-02-19 10:04:00,7,1060.66,Ireland,2,292,151.52,0.0,0,5,3,3,Regular,0.0
14672,2011-11-10 10:24:00,2011-02-08 16:40:00,13,1447.49,United Kingdom,30,274,111.35,0.0,0,4,4,3,Champions,0.0
14673,2011-12-04 13:55:00,2011-02-09 18:03:00,8,955.53,United Kingdom,6,297,119.44,0.0,0,5,3,3,Regular,0.0
14674,2011-11-29 10:57:00,2011-02-08 12:27:00,6,854.08,United Kingdom,11,293,142.35,0.0,0,5,3,3,Regular,0.0
14675,2011-12-06 11:19:00,2011-02-25 19:29:00,14,1434.36,United Kingdom,4,283,102.45,0.0,0,5,4,3,Champions,0.0
14676,2011-11-21 10:12:00,2011-05-10 17:39:00,6,612.56,France,19,194,102.09,0.0,0,4,3,2,Regular,0.038
14677,2011-12-05 09:46:00,2011-02-09 15:39:00,13,1466.66,United Kingdom,5,298,112.82,0.0,0,5,4,3,Champions,0.0
14678,2011-11-02 09:56:00,2011-01-27 12:08:00,12,1690.19,United Kingdom,38,278,140.85,0.0,0,3,4,4,Regular,0.0
14679,2011-10-27 14:04:00,2011-01-15 13:54:00,12,1578.76,United Kingdom,44,285,131.56,0.1359,0,3,4,4,Regular,0.0
14680,2011-11-21 07:04:00,2011-02-22 19:13:00,8,828.0,United Kingdom,19,271,103.5,0.0,0,4,3,3,Regular,0.1
14681,2011-12-02 09:14:00,2011-02-21 12:10:00,7,812.87,United Kingdom,8,283,116.12,0.0,0,5,3,3,Regular,0.0
14682,2011-11-26 07:54:00,2011-02-23 10:05:00,13,1405.68,Ireland,14,275,108.13,0.0,0,5,4,3,Champions,0.0
14683,2011-12-04 09:56:00,2011-02-19 14:07:00,5,526.34,Spain,6,287,105.27,0.2059,0,5,2,2,New / Low Engagement,0.05
14684,2011-12-02 18:57:00,2011-02-16 16:10:00,8,926.12,United Kingdom,8,289,115.76,0.0,0,5,3,3,Regular,0.0
14685,2011-12-09 19:48:00,2011-04-29 15:43:00,11,1000.23,United Kingdom,1,224,90.93,0.0,0,5,3,3,Regular,0.0
14686,2011-11-25 16:51:00,2011-04-01 18:02:00,7,798.88,United Kingdom,15,237,114.13,0.0,0,5,3,3,Regular,0.0
14687,2011-11-02 16:08:00,2011-01-11 10:08:00,9,768.28,United Kingdom,38,295,85.36,0.0,0,3,3,3,Regular,0.0
14688,2011-10-29 16:11:00,2011-02-18 13:32:00,6,749.98,France,42,253,125.0,0.0,0,3,3,3,Regular,0.0
14689,2011-11-11 17:17:00,2011-02-07 17:29:00,10,1301.77,Ireland,29,276,130.18,0.0,0,4,3,3,Regular,0.0
14690,2011-11-14 15:23:00,2011-01-25 09:06:00,8,649.96,United Kingdom,26,293,81.24,0.0,0,4,3,3,Regular,0.0
14691,2011-11-19 09:21:00,2011-01-25 17:34:00,12,1339.83,France,21,297,111.65,0.0205,0,4,4,3,Champions,0.0
14692,2011-11-20 15:35:00,2011-04-26 07:22:00,13,1485.44,United Kingdom,20,208,114.26,0.0,0,4,4,3,Champions,0.038
14693,2011-12-08 18:57:00,2011-03-22 19:37:00,9,921.31,United Kingdom,2,260,102.37,0.0,0,5,3,3,Regular,0.0
14694,2011-11-22 19:43:00,2011-05-09 13:43:00,6,744.92,United Kingdom,18,197,124.15,0.0,0,4,3,3,Regular,0.038
14695,2011-11-09 16:59:00,2011-01-20 16:06:00,7,686.36,United Kingdom,31,293,98.05,0.0,0,4,3,3,Regular,0.0
14696,2011-11-11 18:58:00,2011-01-22 17:20:00,6,501.74,United Kingdom,29,293,83.62,0.0,0,4,3,2,Regular,0.0
14697,2011-10-27 08:55:00,2011-02-18 11:26:00,10,1089.2,France,44,250,108.92,0.0,0,3,3,3,Regular,0.0
14698,2011-11-12 18:16:00,2011-02-15 17:21:00,8,966.21,United Kingdom,28,270,120.78,0.0,0,4,3,3,Regular,0.014
14699,2011-11-08 19:28:00,2011-01-15 13:45:00,8,933.59,United Kingdom,32,297,116.7,0.0,0,4,3,3,Regular,0.0
14700,2011-11-14 17:55:00,2011-01-30 12:55:00,12,1493.31,Germany,26,288,124.44,0.0,0,4,4,3,Champions,0.0
14701,2011-11-19 14:18:00,2011-02-09 10:34:00,12,1366.5,United Kingdom,21,283,113.88,0.0988,0,4,4,3,Champions,0.0
14702,2011-11-27 15:05:00,2011-03-17 12:38:00,8,706.87,Germany,13,255,88.36,0.0,0,5,3,3,Regular,0.4
14703,2011-11-01 17:24:00,2011-04-13 11:46:00,10,1001.35,Germany,39,202,100.14,0.0,0,3,3,3,Regular,0.038
14704,2011-12-02 13:20:00,2011-03-28 08:33:00,14,1577.76,United Kingdom,8,249,112.7,0.0,0,5,4,4,Champions,0.0
14705,2011-12-06 16:53:00,2011-05-06 08:53:00,7,546.9,United Kingdom,4,214,78.13,0.0,0,5,3,2,Regular,0.038
14706,2011-11-03 09:04:00,2011-01-14 18:15:00,10,1072.52,Germany,37,292,107.25,0.0,0,3,3,3,Regular,0.0
14707,2011-12-01 14:02:00,2011-03-11 18:02:00,10,1234.86,United Kingdom,9,264,123.49,0.0,0,5,3,3,Regular,0.014
14708,2011-12-01 10:44:00,2011-03-09 09:41:00,13,1735.53,France,9,267,133.5,0.0,0,5,4,4,Champions,0.014
14709,2011-11-01 08:44:00,2011-01-25 11:01:00,10,928.01,Spain,39,279,92.8,0.0,0,3,3,3,Regular,0.0
14710,2011-11-17 18:09:00,2011-01-21 13:30:00,11,1047.85,United Kingdom,23,300,95.26,0.0,0,4,3,3,Regular,0.0
14711,2011-11-20 18:31:00,2011-02-01 07:27:00,7,754.93,United Kingdom,20,292,107.85,0.0,0,4,3,3,Regular,0.0
14712,2011-12-01 15:23:00,2011-02-15 15:36:00,7,792.6,United Kingdom,9,288,113.23,0.0,0,5,3,3,Regular,0.0
14713,2011-10-26 17:30:00,2011-03-11 18:13:00,9,1508.27,United Kingdom,45,228,167.59,0.0694,0,3,3,3,Regular,0.95
14714,2011-11-23 09:04:00,2011-05-24 07:21:00,8,840.32,United Kingdom,17,183,105.04,0.099,0,4,3,3,Regular,0.038
14715,2011-11-28 09:33:00,2011-02-08 16:05:00,9,1152.15,Belgium,12,292,128.02,0.0703,0,5,3,3,Regular,0.0
14716,2011-12-02 13:00:00,2011-02-26 14:58:00,7,1039.62,United Kingdom,8,278,148.52,0.0,0,5,3,3,Regular,0.0
14717,2011-11-19 17:31:00,2011-04-02 07:46:00,8,600.34,United Kingdom,21,231,75.04,0.2766,0,4,3,2,Regular,0.0
14718,2011-10-25 13:06:00,2011-01-05 12:45:00,10,1649.24,United Kingdom,46,293,164.92,0.0,0,3,3,4,Regular,0.0
14719,2011-12-04 07:19:00,2011-02-26 19:39:00,9,1463.64,Netherlands,6,280,162.63,0.0,0,5,3,3,Regular,0.0
14720,2011-12-07 12:30:00,2011-02-21 12:13:00,9,641.1,United Kingdom,3,289,71.23,0.0,0,5,3,3,Regular,0.0
14721,2011-11-28 15:57:00,2011-02-06 13:07:00,11,1706.55,Germany,12,295,155.14,0.0,0,5,3,4,Regular,0.0
14722,2011-12-07 18:00:00,2011-04-22 19:44:00,6,665.01,United Kingdom,3,228,110.84,0.0,0,5,3,3,Regular,0.0
14723,2011-11-09 07:36:00,2011-03-02 16:57:00,9,637.95,United Kingdom,31,251,70.88,0.1605,0,4,3,2,Regular,0.4
14724,2011-11-15 14:44:00,2011-02-19 07:06:00,14,1723.73,United Kingdom,25,269,123.12,0.0,0,4,4,4,Champions,0.014
14725,2011-10-25 08:07:00,2011-01-10 07:29:00,13,1009.46,France,46,288,77.65,0.0,0,3,4,3,Regular,0.0
14726,2011-11-09 15:42:00,2011-01-16 11:53:00,8,828.76,United Kingdom,31,297,103.6,0.0,0,4,3,3,Regular,0.0
14727,2011-12-01 19:57:00,2011-02-17 09:56:00,14,1698.74,United Kingdom,8,287,121.34,0.0,0,5,4,4,Champions,0.0
14728,2011-11-05 12:39:00,2011-01-15 15:17:00,12,843.59,United Kingdom,35,293,70.3,0.0,0,3,4,3,Regular,0.0
14729,2011-12-05 13:27:00,2011-02-10 09:07:00,11,1284.79,Portugal,5,298,116.8,0.1893,0,5,3,3,Regular,0.05
14730,2011-09-23 12:19:00,2011-02-12 08:52:00,6,651.3,United Kingdom,78,223,108.55,0.1392,0,3,3,3,Regular,0.0
14731,2011-11-06 10:58:00,2011-02-14 17:57:00,11,1628.15,Ireland,34,264,148.01,0.0174,0,3,3,4,Regular,0.014
14732,2011-12-05 07:27:00,2011-03-15 11:20:00,13,1721.48,Portugal,5,264,132.42,0.0,0,5,4,4,Champions,0.014
14733,2011-12-02 18:57:00,2011-04-06 11:52:00,6,932.87,United Kingdom,8,240,155.48,0.0,0,5,3,3,Regular,0.95
14734,2011-11-21 10:02:00,2011-04-05 18:28:00,7,923.33,United Kingdom,19,229,131.9,0.0,0,4,3,3,Regular,0.0
14735,2011-10-25 08:27:00,2011-05-22 13:17:00,8,1117.28,United Kingdom,46,155,139.66,0.0,0,3,3,3,Regular,0.038
14736,2011-10-25 13:47:00,2011-03-02 11:08:00,6,268.07,United Kingdom,46,237,44.68,0.0,0,3,3,2,Regular,0.0
14737,2011-12-02 15:31:00,2011-02-22 09:13:00,8,1308.24,United Kingdom,8,283,163.53,0.0,0,5,3,3,Regular,0.0
14738,2011-11-02 10:02:00,2011-02-23 15:01:00,10,1396.91,United Kingdom,38,251,139.69,0.0,0,3,3,3,Regular,0.0
14739,2011-11-30 19:50:00,2011-03-30 07:16:00,12,1207.11,Ireland,10,245,100.59,0.0385,0,5,4,3,Champions,0.0
14740,2011-11-28 13:10:00,2011-02-07 12:37:00,12,1258.91,United Kingdom,12,294,104.91,0.0,0,5,4,3,Champions,0.0
14741,2011-02-14 16:11:00,2011-02-14 16:11:00,1,41.14,United Kingdom,299,0,41.14,0.0,1,1,1,1,Hibernating,0.832
14742,2011-02-18 13:29:00,2011-02-16 15:51:00,2,473.93,United Kingdom,295,1,236.96,0.0,1,1,2,2,Hibernating,0.998
14743,2011-02-09 11:18:00,2011-01-30 08:13:00,3,528.42,United Kingdom,304,10,176.14,0.3077,1,1,2,2,Hibernating,0.93
14744,2011-03-15 18:44:00,2010-12-23 11:58:00,4,357.43,United Kingdom,270,82,89.36,0.0,1,1,2,2,Hibernating,0.998
14745,2011-04-21 15:39:00,2010-12-23 17:49:00,5,535.16,United Kingdom,233,118,107.03,0.0,1,1,2,2,Hibernating,0.998
14746,2011-06-15 11:06:00,2011-02-25 14:30:00,4,567.19,United Kingdom,178,109,141.8,0.0,1,2,2,2,Hibernating,0.998
14747,2011-02-20 17:32:00,2010-12-18 14:15:00,4,556.08,United Kingdom,293,64,139.02,0.2462,1,1,2,2,Hibernating,0.93
14748,2011-07-14 08:16:00,2011-07-14 08:16:00,1,205.63,United Kingdom,149,0,205.63,0.0,1,2,1,1,Hibernating,0.832
14749,2011-08-14 08:15:00,2011-03-13 17:23:00,4,534.16,United Kingdom,118,153,133.54,0.0,1,3,2,2,Regular,0.998
14750,2011-07-23 08:35:00,2011-07-23 08:35:00,1,219.29,United Kingdom,140,0,219.29,0.0,1,2,1,1,Hibernating,1.0
14751,2011-04-10 13:03:00,2011-01-17 16:50:00,4,536.65,United Kingdom,244,82,134.16,0.0,1,1,2,2,Hibernating,0.998
14752,2011-05-22 18:42:00,2010-12-08 12:43:00,5,544.83,Germany,202,165,108.97,0.0,1,2,2,2,Hibernating,0.998
14753,2011-06-19 19:37:00,2011-02-09 14:12:00,3,527.06,United Kingdom,174,130,175.69,0.0,1,2,2,2,Hibernating,0.998
14754,2011-06-01 18:09:00,2011-04-24 08:01:00,2,279.44,United Kingdom,192,38,139.72,0.0,1,2,2,2,Hibernating,0.998
14755,2011-08-23 07:08:00,2011-03-07 14:02:00,2,68.11,United Kingdom,109,168,34.06,0.0,1,3,2,1,Regular,0.998
14756,2011-04-02 17:25:00,2011-01-10 18:12:00,4,405.76,United Kingdom,252,81,101.44,0.0,1,1,2,2,Hibernating,0.998
14757,2011-05-19 07:41:00,2011-03-14 17:57:00,5,540.77,United Kingdom,205,65,108.15,0.0,1,2,2,2,Hibernating,0.998
14758,2011-05-03 16:38:00,2010-12-24 16:15:00,4,449.49,Netherlands,221,130,112.37,0.0,1,2,2,2,Hibernating,0.998
14759,2011-08-09 08:32:00,2011-05-22 15:44:00,2,352.78,United Kingdom,123,78,176.39,0.0,1,3,2,2,Regular,0.998
14760,2011-04-25 12:29:00,2010-12-03 07:01:00,2,348.27,United Kingdom,229,143,174.14,0.0,1,1,2,2,Hibernating,0.998
14761,2011-05-22 12:49:00,2011-02-21 16:12:00,3,256.8,Ireland,202,89,85.6,0.5116,1,2,2,2,Hibernating,0.93
14762,2011-07-08 17:45:00,2011-03-24 07:06:00,3,541.37,Germany,155,106,180.46,0.0,1,2,2,2,Hibernating,0.998
14763,2011-02-12 08:20:00,2011-01-10 10:08:00,4,381.0,United Kingdom,301,32,95.25,0.0,1,1,2,2,Hibernating,0.998
14764,2011-06-19 08:16:00,2011-01-17 19:42:00,4,479.42,United Kingdom,174,152,119.86,0.0,1,2,2,2,Hibernating,0.998
14765,2011-05-09 19:12:00,2011-02-26 11:28:00,5,827.82,United Kingdom,215,72,165.56,0.0,1,2,2,3,Hibernating,0.998
14766,2011-06-03 09:30:00,2011-06-03 09:30:00,1,133.23,Netherlands,190,0,133.23,0.0,1,2,1,1,Hibernating,0.832
14767,2011-07-29 07:41:00,2011-02-14 12:18:00,4,695.94,Ireland,134,164,173.98,0.0,1,3,2,3,Regular,0.998
14768,2011-08-23 16:00:00,2011-01-11 09:29:00,5,931.88,United Kingdom,109,224,186.38,0.0,1,3,2,3,Regular,0.95
14769,2011-05-02 10:51:00,2011-02-09 09:41:00,3,492.58,United Kingdom,222,82,164.19,0.2708,1,2,2,2,Hibernating,0.93
14771,2011-04-03 15:32:00,2011-02-13 15:24:00,4,652.69,United Kingdom,251,49,163.17,0.0,1,1,2,3,Hibernating,0.998
14772,2011-02-28 12:09:00,2011-02-24 12:39:00,2,252.88,United Kingdom,285,3,126.44,0.0,1,1,2,2,Hibernating,0.998
14773,2011-04-16 08:22:00,2010-12-24 11:26:00,5,847.51,United Kingdom,238,112,169.5,0.0,1,1,2,3,Hibernating,0.998
14774,2011-08-21 18:41:00,2011-08-21 18:41:00,1,127.92,United Kingdom,111,0,127.92,0.0,1,3,1,1,Regular,0.832
14775,2011-06-03 13:50:00,2011-06-03 13:50:00,1,236.44,United Kingdom,190,0,236.44,0.0,1,2,1,1,Hibernating,0.696
14776,2011-03-23 07:07:00,2010-12-01 07:44:00,5,643.68,United Kingdom,262,111,128.74,0.0,1,1,2,3,Hibernating,0.998
14777,2011-06-11 16:33:00,2011-02-10 17:39:00,4,313.71,United Kingdom,182,120,78.43,0.0,1,2,2,2,Hibernating,0.998
14778,2011-08-02 09:35:00,2011-08-02 09:35:00,1,168.29,United Kingdom,130,0,168.29,0.0,1,3,1,1,Regular,0.832
14779,2011-04-19 17:40:00,2011-04-01 08:13:00,5,776.77,Ireland,235,18,155.35,0.0,1,1,2,3,Hibernating,0.998
14780,2011-06-03 08:30:00,2011-01-23 12:18:00,3,354.57,Portugal,190,130,118.19,0.1702,1,2,2,2,Hibernating,0.93
14781,2011-02-21 08:35:00,2010-12-12 10:46:00,4,453.74,France,292,70,113.44,0.0,1,1,2,2,Hibernating,0.998
14782,2011-03-08 08:47:00,2010-12-12 12:56:00,3,302.7,United Kingdom,277,85,100.9,0.0,1,1,2,2,Hibernating,0.998
14783,2011-08-17 12:17:00,2011-01-26 09:09:00,5,948.74,United Kingdom,115,203,189.75,0.0,1,3,2,3,Regular,0.998
14784,2011-04-02 15:59:00,2011-04-02 15:59:00,1,69.59,United Kingdom,252,0,69.59,0.0,1,1,1,1,Hibernating,0.832
14785,2011-08-28 13:10:00,2011-08-28 13:10:00,1,70.11,Germany,104,0,70.11,0.0,1,3,1,1,Regular,0.832
14786,2011-02-21 19:44:00,2011-02-21 19:44:00,1,91.14,United Kingdom,292,0,91.14,0.0,1,1,1,1,Hibernating,0.832
14787,2011-05-02 08:41:00,2011-05-02 08:41:00,1,144.68,Germany,222,0,144.68,0.0,1,2,1,1,Hibernating,0.832
14788,2011-08-07 17:57:00,2011-01-03 11:53:00,5,778.48,United Kingdom,125,216,155.7,0.0,1,3,2,3,Regular,0.998
14789,2011-06-28 17:37:00,2010-12-09 08:08:00,3,460.03,Germany,165,201,153.34,0.0,1,2,2,2,Hibernating,0.998
14790,2011-08-21 14:49:00,2011-02-14 15:38:00,3,433.96,France,111,187,144.65,0.0,1,3,2,2,Regular,0.998
14791,2011-03-15 13:22:00,2011-03-15 13:22:00,1,100.23,France,270,0,100.23,0.0,1,1,1,1,Hibernating,0.832
14792,2011-03-07 11:28:00,2011-01-07 10:52:00,4,417.64,France,278,59,104.41,0.0,1,1,2,2,Hibernating,0.998
14793,2011-05-19 19:48:00,2011-04-29 15:00:00,2,550.53,Ireland,205,20,275.26,0.0,1,2,2,2,Hibernating,0.998
14794,2011-03-28 13:46:00,2010-12-21 19:24:00,4,518.38,France,257,96,129.6,0.0,1,1,2,2,Hibernating,0.998
14795,2011-02-17 16:17:00,2011-01-20 10:05:00,2,392.24,United Kingdom,296,28,196.12,0.0,1,1,2,2,Hibernating,0.998
14796,2011-03-30 15:44:00,2010-12-03 07:55:00,5,667.54,United Kingdom,255,117,133.51,0.0,1,1,2,3,Hibernating,0.998
14797,2011-02-19 13:34:00,2010-12-15 07:17:00,2,433.15,United Kingdom,294,66,216.58,0.0,1,1,2,2,Hibernating,0.998
14798,2011-05-31 11:21:00,2011-02-04 11:50:00,5,719.34,France,193,115,143.87,0.0,1,2,2,3,Hibernating,0.998
14799,2011-02-22 07:16:00,2010-12-05 14:09:00,5,521.57,Germany,291,78,104.31,0.0,1,1,2,2,Hibernating,0.998
14800,2011-04-24 13:53:00,2010-12-13 18:55:00,4,806.1,United Kingdom,230,131,201.52,0.0,1,1,2,3,Hibernating,0.998
14801,2011-07-22 12:41:00,2010-12-07 14:07:00,4,591.68,Germany,141,226,147.92,0.1385,1,2,2,2,Hibernating,0.967
14802,2011-04-26 07:58:00,2011-01-09 16:05:00,2,84.38,Belgium,228,106,42.19,0.0,1,1,2,1,Hibernating,0.998
14803,2011-08-03 11:50:00,2010-12-19 15:04:00,2,180.95,United Kingdom,129,226,90.48,0.0,1,3,2,1,Regular,0.967
14804,2011-03-20 07:14:00,2011-01-25 10:29:00,5,1192.89,United Kingdom,265,53,238.58,0.0,1,1,2,3,Hibernating,0.998
14805,2011-04-13 18:36:00,2010-12-19 10:54:00,3,634.61,France,241,115,211.54,0.0,1,1,2,2,Hibernating,0.998
14806,2011-06-14 08:50:00,2010-12-26 08:42:00,4,442.73,United Kingdom,179,170,110.68,0.0,1,2,2,2,Hibernating,0.998
14807,2011-04-11 12:17:00,2011-04-11 12:17:00,1,71.06,United Kingdom,243,0,71.06,0.0,1,1,1,1,Hibernating,0.832
14808,2011-05-04 09:50:00,2011-04-29 18:24:00,2,196.87,United Kingdom,220,4,98.44,0.0,1,2,2,1,Hibernating,0.998
14809,2011-05-18 10:37:00,2011-01-01 11:30:00,4,591.95,Portugal,206,136,147.99,0.0,1,2,2,2,Hibernating,0.998
14810,2011-06-22 07:21:00,2010-12-30 17:09:00,4,695.89,United Kingdom,171,173,173.97,0.0,1,2,2,3,Hibernating,0.998
14811,2011-03-11 11:35:00,2010-12-10 17:11:00,5,670.87,Germany,274,90,134.17,0.0,1,1,2,3,Hibernating,0.998
14812,2011-06-15 12:20:00,2010-12-03 14:01:00,2,324.75,United Kingdom,178,193,162.38,0.0,1,2,2,2,Hibernating,0.998
14813,2011-03-10 07:57:00,2011-01-12 12:51:00,3,330.78,United Kingdom,275,56,110.26,0.0,1,1,2,2,Hibernating,0.998
14814,2011-05-05 12:16:00,2010-12-06 19:22:00,3,351.87,United Kingdom,219,149,117.29,0.0,1,2,2,2,Hibernating,0.998
14815,2011-04-28 18:23:00,2010-12-04 19:58:00,5,522.16,United Kingdom,226,144,104.43,0.0,1,1,2,2,Hibernating,0.998
14816,2011-07-02 09:34:00,2011-03-04 16:47:00,5,685.53,Ireland,161,119,137.11,0.0,1,2,2,3,Hibernating,0.998
14817,2011-05-29 15:39:00,2011-05-29 15:39:00,1,157.47,Netherlands,195,0,157.47,0.0,1,2,1,1,Hibernating,0.832
14818,2011-05-11 19:35:00,2010-12-30 18:04:00,4,702.61,United Kingdom,213,132,175.65,0.0,1,2,2,3,Hibernating,0.998
14819,2011-07-22 17:07:00,2010-12-24 08:42:00,5,913.76,United Kingdom,141,210,182.75,0.0,1,2,2,3,Hibernating,0.998
14820,2011-04-30 07:20:00,2010-12-04 09:11:00,5,614.44,United Kingdom,224,146,122.89,0.0,1,1,2,2,Hibernating,0.998
14821,2011-08-09 07:36:00,2010-12-24 11:59:00,4,301.28,United Kingdom,123,227,75.32,0.0,1,3,2,2,Regular,0.967
14822,2011-03-14 17:40:00,2011-01-30 12:24:00,3,360.45,United Kingdom,271,43,120.15,0.0,1,1,2,2,Hibernating,0.998
14823,2011-07-05 17:06:00,2010-12-31 12:04:00,4,293.28,United Kingdom,158,186,73.32,0.0,1,2,2,2,Hibernating,0.998
14824,2011-03-06 15:13:00,2011-01-03 10:00:00,4,182.29,United Kingdom,279,62,45.57,0.0,1,1,2,1,Hibernating,0.998
14825,2011-08-17 14:12:00,2010-12-02 07:13:00,5,469.75,United Kingdom,115,258,93.95,0.0,1,3,2,2,Regular,0.4
14826,2011-06-15 17:39:00,2010-12-03 13:26:00,5,801.44,Ireland,178,194,160.29,0.0,1,2,2,3,Hibernating,0.998
14827,2011-04-28 12:32:00,2010-12-05 18:04:00,2,130.32,Germany,226,143,65.16,0.0,1,1,2,1,Hibernating,0.998
14828,2011-03-31 14:22:00,2011-03-31 14:22:00,1,91.12,Ireland,254,0,91.12,0.7667,1,1,1,1,Hibernating,0.832
14829,2011-05-23 09:13:00,2011-03-28 10:51:00,2,263.91,United Kingdom,201,55,131.96,0.0,1,2,2,2,Hibernating,0.998
14830,2011-05-01 16:03:00,2011-02-04 08:11:00,3,304.66,United Kingdom,223,86,101.55,0.0,1,2,2,2,Hibernating,0.998
14831,2011-06-08 13:29:00,2011-01-23 14:19:00,5,737.23,Ireland,185,135,147.45,0.0,1,2,2,3,Hibernating,0.998
14832,2011-04-25 14:07:00,2010-12-14 16:45:00,2,211.85,United Kingdom,229,131,105.92,0.2703,1,1,2,1,Hibernating,0.93
14833,2011-07-21 11:58:00,2011-04-02 07:46:00,5,837.1,United Kingdom,142,110,167.42,0.0,1,2,2,3,Hibernating,0.998
14834,2011-03-24 17:43:00,2010-12-04 19:35:00,4,532.23,United Kingdom,261,109,133.06,0.0,1,1,2,2,Hibernating,0.998
14835,2011-06-12 07:15:00,2011-01-19 18:01:00,2,219.52,Portugal,181,143,109.76,0.0,1,2,2,1,Hibernating,0.998
14836,2011-02-28 14:22:00,2011-01-29 12:26:00,2,205.59,United Kingdom,285,30,102.8,0.0,1,1,2,1,Hibernating,0.998
14837,2011-06-28 08:15:00,2011-01-07 17:51:00,2,197.67,Ireland,165,171,98.84,0.0,1,2,2,1,Hibernating,0.998
14838,2011-08-31 18:14:00,2011-04-28 13:47:00,3,297.65,France,101,125,99.22,0.4694,1,3,2,2,Regular,0.93
14839,2011-06-24 10:02:00,2011-03-30 18:53:00,3,428.4,United Kingdom,169,85,142.8,0.0,1,2,2,2,Hibernating,0.998
14840,2011-05-14 13:55:00,2010-12-10 16:32:00,3,361.34,United Kingdom,210,154,120.45,0.0,1,2,2,2,Hibernating,0.998
14841,2011-08-19 09:26:00,2010-12-03 08:00:00,3,473.52,United Kingdom,113,259,157.84,0.0,1,3,2,2,Regular,0.447
14842,2011-05-09 19:27:00,2011-03-03 19:06:00,5,307.88,United Kingdom,215,67,61.58,0.0,1,2,2,2,Hibernating,0.998
14843,2011-07-12 14:34:00,2011-07-12 14:34:00,1,37.35,France,151,0,37.35,0.0,1,2,1,1,Hibernating,0.832
14844,2011-07-21 10:33:00,2011-01-02 09:22:00,5,861.7,United Kingdom,142,200,172.34,0.0,1,2,2,3,Hibernating,0.998
14845,2011-03-02 08:26:00,2011-01-17 07:43:00,5,476.13,Ireland,283,44,95.23,0.0,1,1,2,2,Hibernating,0.998
14846,2011-07-03 08:06:00,2011-05-07 16:16:00,2,275.97,Ireland,160,56,137.99,0.0,1,2,2,2,Hibernating,0.998
14847,2011-06-13 19:31:00,2011-06-13 19:31:00,1,42.67,France,180,0,42.67,0.0,1,2,1,1,Hibernating,0.832
14848,2011-03-09 08:04:00,2011-03-09 08:04:00,1,51.22,United Kingdom,276,0,51.22,0.0,1,1,1,1,Hibernating,0.832
14849,2011-03-29 08:33:00,2011-03-29 08:33:00,1,143.45,United Kingdom,256,0,143.45,0.0,1,1,1,1,Hibernating,0.832
14850,2011-02-19 15:23:00,2011-01-17 08:57:00,2,281.46,Portugal,294,33,140.73,0.0,1,1,2,2,Hibernating,0.998
14851,2011-05-16 14:27:00,2011-02-03 18:42:00,5,711.33,United Kingdom,208,101,142.27,0.0,1,2,2,3,Hibernating,0.998
14852,2011-05-26 19:47:00,2011-01-09 07:01:00,4,984.13,Ireland,198,137,246.03,0.0,1,2,2,3,Hibernating,0.998
14853,2011-04-12 15:56:00,2011-04-12 15:56:00,1,179.64,United Kingdom,242,0,179.64,0.0,1,1,1,1,Hibernating,0.832
14854,2011-06-04 10:44:00,2011-01-31 17:47:00,4,817.0,United Kingdom,189,123,204.25,0.0,1,2,2,3,Hibernating,0.998
14855,2011-05-17 13:07:00,2011-05-17 13:07:00,1,55.76,Germany,207,0,55.76,0.0,1,2,1,1,Hibernating,0.832
14856,2011-02-18 08:56:00,2011-02-18 08:56:00,1,316.57,United Kingdom,295,0,316.57,0.0,1,1,1,2,Hibernating,0.827
14857,2011-08-27 16:18:00,2011-01-03 11:29:00,3,268.64,United Kingdom,105,236,89.55,0.0968,1,3,2,2,Regular,0.967
14858,2011-02-24 09:13:00,2011-02-03 10:32:00,3,457.89,United Kingdom,289,20,152.63,0.0,1,1,2,2,Hibernating,0.998
14859,2011-06-30 10:07:00,2011-04-12 18:53:00,2,111.14,Germany,163,78,55.57,0.0,1,2,2,1,Hibernating,0.998
14860,2011-05-18 16:13:00,2011-01-24 13:32:00,5,638.31,United Kingdom,206,114,127.66,0.0,1,2,2,2,Hibernating,0.998
14861,2011-06-30 10:48:00,2011-01-02 15:23:00,4,775.59,United Kingdom,163,178,193.9,0.0,1,2,2,3,Hibernating,0.998
14862,2011-05-17 09:14:00,2011-05-17 09:14:00,1,59.88,United Kingdom,207,0,59.88,0.8571,1,2,1,1,Hibernating,0.832
14863,2011-03-21 07:41:00,2011-01-09 09:38:00,5,548.17,United Kingdom,264,70,109.63,0.0,1,1,2,2,Hibernating,0.998
14864,2011-05-07 15:50:00,2010-12-02 16:06:00,5,557.62,France,217,155,111.52,0.0,1,2,2,2,Hibernating,0.998
14865,2011-02-13 13:26:00,2010-12-16 13:08:00,4,414.22,France,300,59,103.56,0.403,1,1,2,2,Hibernating,0.93
14866,2011-08-01 07:14:00,2011-03-05 14:02:00,3,283.43,United Kingdom,131,148,94.48,0.0,1,3,2,2,Regular,0.998
14867,2011-02-20 09:52:00,2011-02-20 09:52:00,1,256.24,United Kingdom,293,0,256.24,0.0,1,1,1,2,Hibernating,0.696
14868,2011-06-15 18:58:00,2010-12-08 09:50:00,5,651.58,United Kingdom,178,189,130.32,0.0,1,2,2,3,Hibernating,0.998
14869,2011-04-17 13:43:00,2011-01-17 09:58:00,4,474.57,United Kingdom,237,90,118.64,0.0,1,1,2,2,Hibernating,0.998
14870,2011-06-24 16:22:00,2011-02-09 17:03:00,5,558.45,United Kingdom,169,134,111.69,0.0,1,2,2,2,Hibernating,0.998
14871,2011-05-14 13:36:00,2010-12-04 12:02:00,4,662.69,United Kingdom,210,161,165.67,0.0,1,2,2,3,Hibernating,0.998
14872,2011-04-30 08:47:00,2011-03-21 15:12:00,3,405.27,United Kingdom,224,39,135.09,0.0,1,1,2,2,Hibernating,0.998
14873,2011-06-03 08:28:00,2011-01-04 17:36:00,3,374.45,United Kingdom,190,149,124.82,0.0,1,2,2,2,Hibernating,0.998
14874,2011-03-26 07:02:00,2010-12-06 16:45:00,4,688.12,Netherlands,259,109,172.03,0.1667,1,1,2,3,Hibernating,0.93
14875,2011-02-19 14:28:00,2011-02-19 14:28:00,1,149.4,Ireland,294,0,149.4,0.5161,1,1,1,1,Hibernating,0.832
14876,2011-04-07 09:20:00,2011-04-07 09:20:00,1,5.28,United Kingdom,247,0,5.28,0.0,1,1,1,1,Hibernating,0.832
14877,2011-06-19 16:22:00,2010-12-06 10:19:00,4,738.1,United Kingdom,174,195,184.52,0.0,1,2,2,3,Hibernating,0.998
14878,2011-06-13 10:38:00,2011-01-14 09:53:00,3,236.3,Spain,180,150,78.77,0.0,1,2,2,1,Hibernating,0.998
14879,2011-06-21 09:26:00,2011-01-14 16:59:00,4,452.71,Spain,172,157,113.18,0.0,1,2,2,2,Hibernating,0.998
14880,2011-07-07 13:01:00,2011-02-07 11:50:00,5,233.1,United Kingdom,156,150,46.62,0.0,1,2,2,1,Hibernating,0.998
14881,2011-07-09 10:43:00,2011-07-09 10:43:00,1,229.66,United Kingdom,154,0,229.66,0.0,1,2,1,1,Hibernating,0.696
14882,2011-02-13 13:11:00,2011-02-13 13:11:00,1,94.9,United Kingdom,300,0,94.9,0.0,1,1,1,1,Hibernating,0.832
14883,2011-04-20 07:06:00,2010-12-04 11:28:00,5,616.65,Portugal,234,136,123.33,0.0,1,1,2,2,Hibernating,0.998
14884,2011-03-19 10:04:00,2011-02-24 16:35:00,2,174.22,Spain,266,22,87.11,0.0,1,1,2,1,Hibernating,0.998
14885,2011-08-14 08:50:00,2010-12-25 10:52:00,3,338.08,Netherlands,118,231,112.69,0.0,1,3,2,2,Regular,0.967
14886,2011-03-21 15:44:00,2011-03-11 17:33:00,2,435.05,France,264,9,217.52,0.0,1,1,2,2,Hibernating,0.998
14887,2011-03-27 19:07:00,2010-12-12 18:25:00,4,848.86,United Kingdom,258,105,212.22,0.0,1,1,2,3,Hibernating,0.998
14888,2011-05-02 07:22:00,2011-01-02 07:38:00,5,678.02,Spain,222,119,135.6,0.0,1,2,2,3,Hibernating,0.998
14889,2011-07-09 11:08:00,2011-01-30 12:21:00,5,632.64,Belgium,154,159,126.53,0.0,1,2,2,2,Hibernating,0.998
14890,2011-04-06 10:10:00,2011-02-28 18:56:00,2,334.47,United Kingdom,248,36,167.24,0.0,1,1,2,2,Hibernating,0.998
14891,2011-07-22 19:38:00,2011-07-22 19:38:00,1,10.65,United Kingdom,141,0,10.65,0.0,1,2,1,1,Hibernating,0.832
14892,2011-08-05 19:39:00,2011-01-08 14:19:00,3,313.12,Germany,127,209,104.37,0.0,1,3,2,2,Regular,0.998
14893,2011-06-19 19:49:00,2010-12-30 07:11:00,2,257.49,Ireland,174,171,128.74,0.5,1,2,2,2,Hibernating,0.93
14894,2011-08-13 14:42:00,2011-02-18 13:19:00,2,80.13,Netherlands,119,176,40.06,0.619,1,3,2,1,Regular,0.93
14895,2011-03-24 18:08:00,2011-03-10 12:23:00,2,383.78,United Kingdom,261,14,191.89,0.0,1,1,2,2,Hibernating,0.998
14896,2011-05-26 11:04:00,2011-02-27 11:00:00,2,68.72,United Kingdom,198,88,34.36,0.0,1,2,2,1,Hibernating,0.998
14897,2011-03-11 19:15:00,2011-03-11 19:15:00,1,180.37,France,274,0,180.37,0.0,1,1,1,1,Hibernating,0.832
14898,2011-04-17 11:09:00,2011-03-31 19:13:00,3,471.97,United Kingdom,237,16,157.32,0.0,1,1,2,2,Hibernating,0.998
14899,2011-02-26 07:01:00,2010-12-11 12:10:00,2,233.13,United Kingdom,287,76,116.56,0.0,1,1,2,1,Hibernating,0.998
14900,2011-04-16 16:03:00,2011-02-10 12:51:00,5,703.47,Netherlands,238,65,140.69,0.0,1,1,2,3,Hibernating,0.998
14901,2011-05-19 17:55:00,2011-02-08 18:44:00,3,364.26,United Kingdom,205,99,121.42,0.0,1,2,2,2,Hibernating,0.998
14902,2011-07-03 16:38:00,2010-12-07 13:27:00,5,346.1,United Kingdom,160,208,69.22,0.0,1,2,2,2,Hibernating,0.998
14903,2011-03-11 17:49:00,2011-03-11 17:49:00,1,127.16,United Kingdom,274,0,127.16,0.0,1,1,1,1,Hibernating,0.832
14904,2011-04-21 09:14:00,2011-01-04 10:26:00,2,247.61,United Kingdom,233,106,123.8,0.0,1,1,2,2,Hibernating,0.998
14905,2011-06-19 10:31:00,2010-12-20 15:59:00,4,600.03,Germany,174,180,150.01,0.0,1,2,2,2,Hibernating,0.998
14906,2011-08-20 09:27:00,2010-12-22 15:51:00,4,399.07,France,112,240,99.77,0.0,1,3,2,2,Regular,0.967
14907,2011-02-24 17:24:00,2011-02-24 17:24:00,1,64.78,Germany,289,0,64.78,0.3333,1,1,1,1,Hibernating,0.832
14908,2011-07-10 12:01:00,2011-01-06 13:56:00,2,190.79,United Kingdom,153,184,95.4,0.0,1,2,2,1,Hibernating,0.998
14909,2011-05-05 19:35:00,2010-12-10 10:00:00,2,259.34,United Kingdom,219,146,129.67,0.0,1,2,2,2,Hibernating,0.998
14910,2011-02-17 19:29:00,2011-02-09 17:48:00,2,335.82,United Kingdom,296,8,167.91,0.0,1,1,2,2,Hibernating,0.998
14911,2011-08-06 14:35:00,2011-02-12 15:56:00,5,619.06,United Kingdom,126,174,123.81,0.0,1,3,2,2,Regular,0.998
14912,2011-06-30 19:28:00,2011-02-05 17:24:00,2,199.78,Spain,163,145,99.89,0.0,1,2,2,1,Hibernating,0.998
14913,2011-02-14 08:19:00,2011-02-14 08:19:00,1,58.59,Ireland,299,0,58.59,0.0,1,1,1,1,Hibernating,0.832
14914,2011-06-25 17:33:00,2011-02-26 07:27:00,3,562.37,United Kingdom,168,119,187.46,0.2692,1,2,2,2,Hibernating,0.93
14915,2011-03-19 10:24:00,2011-01-07 11:18:00,5,617.0,United Kingdom,266,70,123.4,0.0,1,1,2,2,Hibernating,0.998
14916,2011-08-12 09:40:00,2011-01-23 15:40:00,3,467.69,Ireland,120,200,155.9,0.0,1,3,2,2,Regular,0.998
14917,2011-08-26 18:59:00,2011-07-04 17:19:00,3,181.57,United Kingdom,106,53,60.52,0.0,1,3,2,1,Regular,0.998
14918,2011-04-14 16:17:00,2010-12-16 19:59:00,3,636.11,United Kingdom,240,118,212.04,0.0,1,1,2,2,Hibernating,0.998
14919,2011-06-30 17:19:00,2011-06-30 17:19:00,1,162.01,United Kingdom,163,0,162.01,0.0,1,2,1,1,Hibernating,0.832
14920,2011-06-15 17:21:00,2011-06-15 17:21:00,1,303.41,Ireland,178,0,303.41,0.0,1,2,1,2,Hibernating,0.827
14921,2011-05-02 19:58:00,2010-12-15 17:00:00,4,700.07,Spain,221,138,175.02,0.0,1,2,2,3,Hibernating,0.998
14922,2011-02-23 14:31:00,2010-12-06 12:44:00,2,396.88,United Kingdom,290,79,198.44,0.0,1,1,2,2,Hibernating,0.998
14923,2011-04-12 14:43:00,2011-02-07 11:48:00,3,353.05,United Kingdom,242,64,117.68,0.0,1,1,2,2,Hibernating,0.998
14924,2011-03-16 15:27:00,2010-12-25 14:59:00,2,132.3,France,269,81,66.15,0.0,1,1,2,1,Hibernating,0.998
14925,2011-06-23 07:28:00,2010-12-30 11:46:00,4,516.68,United Kingdom,170,174,129.17,0.0,1,2,2,2,Hibernating,0.998
14926,2011-06-24 16:36:00,2011-01-04 07:29:00,2,179.06,United Kingdom,169,171,89.53,0.0,1,2,2,1,Hibernating,0.998
14927,2011-05-03 11:46:00,2011-05-03 11:46:00,1,68.51,United Kingdom,221,0,68.51,0.0,1,2,1,1,Hibernating,0.832
14928,2011-02-14 11:59:00,2010-12-09 08:23:00,4,493.59,United Kingdom,299,67,123.4,0.0,1,1,2,2,Hibernating,0.998
14929,2011-03-27 18:05:00,2010-12-06 18:31:00,2,102.37,Germany,258,110,51.18,0.0,1,1,2,1,Hibernating,0.998
14930,2011-07-27 07:00:00,2011-07-27 07:00:00,1,139.39,United Kingdom,136,0,139.39,0.56,1,3,1,1,Regular,0.832
14931,2011-06-05 13:38:00,2011-03-05 17:54:00,3,649.57,Germany,188,91,216.52,0.0,1,2,2,3,Hibernating,0.998
14932,2011-08-30 17:21:00,2010-12-24 11:46:00,4,580.22,United Kingdom,102,249,145.06,0.0,1,3,2,2,Regular,0.4
14933,2011-05-30 13:17:00,2010-12-05 17:11:00,5,897.69,United Kingdom,194,175,179.54,0.0,1,2,2,3,Hibernating,0.998
14934,2011-02-25 09:15:00,2011-02-24 09:51:00,2,113.65,United Kingdom,288,0,56.82,0.0,1,1,2,1,Hibernating,0.998
14935,2011-05-20 09:59:00,2011-01-31 09:14:00,5,693.62,Portugal,204,109,138.72,0.0,1,2,2,3,Hibernating,0.998
14936,2011-06-18 10:12:00,2011-01-05 12:43:00,5,411.23,United Kingdom,175,163,82.25,0.0,1,2,2,2,Hibernating,0.998
14937,2011-02-12 11:13:00,2010-12-03 18:22:00,5,891.16,United Kingdom,301,70,178.23,0.0,1,1,2,3,Hibernating,0.998
14938,2011-05-27 13:23:00,2011-03-18 08:53:00,5,921.29,Belgium,197,70,184.26,0.0,1,2,2,3,Hibernating,0.998
14939,2011-07-10 13:02:00,2011-07-10 13:02:00,1,208.55,Ireland,153,0,208.55,0.0,1,2,1,1,Hibernating,0.832
14940,2011-07-15 11:55:00,2011-03-22 12:21:00,3,426.54,United Kingdom,148,114,142.18,0.0,1,2,2,2,Hibernating,0.998
14941,2011-05-27 16:30:00,2011-05-27 16:30:00,1,184.28,United Kingdom,197,0,184.28,0.0,1,2,1,1,Hibernating,0.832
14942,2011-07-24 10:07:00,2010-12-21 17:42:00,5,702.27,United Kingdom,139,214,140.45,0.0,1,2,2,3,Hibernating,0.998
14944,2011-07-03 11:26:00,2011-04-07 12:49:00,4,724.18,Germany,160,86,181.04,0.0,1,2,2,3,Hibernating,0.998
14945,2011-08-16 19:23:00,2010-12-11 17:50:00,3,712.5,Germany,116,248,237.5,0.0,1,3,2,3,Regular,0.447
14946,2011-05-31 18:34:00,2010-12-26 13:55:00,2,206.33,Netherlands,193,156,103.16,0.0,1,2,2,1,Hibernating,0.998
14947,2011-05-04 13:18:00,2011-01-12 08:01:00,2,470.02,Ireland,220,112,235.01,0.0,1,2,2,2,Hibernating,0.998
14948,2011-03-24 11:46:00,2011-03-24 11:46:00,1,43.06,United Kingdom,261,0,43.06,0.0,1,1,1,1,Hibernating,0.832
14949,2011-02-27 19:16:00,2011-02-27 19:16:00,1,88.49,Ireland,286,0,88.49,0.0,1,1,1,1,Hibernating,0.832
14951,2011-07-25 11:14:00,2010-12-30 11:51:00,3,323.97,United Kingdom,138,206,107.99,0.0,1,2,2,2,Hibernating,0.998
14952,2011-07-01 16:02:00,2011-01-30 12:08:00,4,438.77,United Kingdom,162,152,109.69,0.0,1,2,2,2,Hibernating,0.998
14953,2011-08-01 13:24:00,2010-12-09 17:35:00,2,49.22,Ireland,131,234,24.61,0.0,1,3,2,1,Regular,0.967
14954,2011-08-08 07:28:00,2011-02-03 08:14:00,4,566.24,United Kingdom,124,185,141.56,0.0,1,3,2,2,Regular,0.998
14955,2011-08-23 10:13:00,2011-02-06 09:20:00,5,595.11,Ireland,109,198,119.02,0.0,1,3,2,2,Regular,0.998
14956,2011-03-17 16:39:00,2011-01-02 18:08:00,4,577.92,United Kingdom,268,73,144.48,0.0,1,1,2,2,Hibernating,0.998
14957,2011-02-17 07:46:00,2010-12-02 11:33:00,5,927.49,United Kingdom,296,76,185.5,0.0,1,1,2,3,Hibernating,0.998
14958,2011-08-02 07:17:00,2011-02-12 13:44:00,3,347.86,United Kingdom,130,170,115.95,0.1316,1,3,2,2,Regular,0.998
14959,2011-05-11 08:28:00,2011-01-12 19:33:00,4,678.95,United Kingdom,213,118,169.74,0.0,1,2,2,3,Hibernating,0.998
14960,2011-08-16 08:19:00,2010-12-19 15:56:00,4,636.49,France,116,239,159.12,0.0,1,3,2,2,Regular,0.95
14961,2011-07-27 16:18:00,2011-01-27 07:51:00,3,255.15,United Kingdom,136,181,85.05,0.0,1,3,2,2,Regular,0.998
14962,2011-07-28 17:56:00,2010-12-28 15:58:00,2,178.63,Ireland,135,212,89.32,0.0,1,3,2,1,Regular,0.998
14963,2011-04-23 12:45:00,2011-01-12 14:42:00,2,409.05,Portugal,231,100,204.52,0.0,1,1,2,2,Hibernating,0.998
14964,2011-05-06 16:38:00,2011-01-17 08:26:00,2,112.85,United Kingdom,218,109,56.42,0.0,1,2,2,1,Hibernating,0.998
14965,2011-07-16 15:08:00,2011-01-06 07:27:00,4,379.0,United Kingdom,147,191,94.75,0.0,1,2,2,2,Hibernating,0.998
14966,2011-04-04 08:18:00,2011-01-14 15:37:00,2,183.61,United Kingdom,250,79,91.8,0.0,1,1,2,1,Hibernating,0.998
14967,2011-03-31 09:00:00,2011-03-02 19:40:00,2,166.44,France,254,28,83.22,0.0,1,1,2,1,Hibernating,0.998
14968,2011-06-23 08:39:00,2011-06-23 08:39:00,1,165.9,United Kingdom,170,0,165.9,0.0,1,2,1,1,Hibernating,0.832
14969,2011-05-04 19:28:00,2011-01-19 11:04:00,4,559.14,United Kingdom,220,105,139.78,0.0,1,2,2,2,Hibernating,0.998
14970,2011-07-05 17:45:00,2010-12-04 12:40:00,5,855.45,United Kingdom,158,213,171.09,0.0,1,2,2,3,Hibernating,0.998
14971,2011-02-27 18:18:00,2011-01-07 11:09:00,3,513.04,United Kingdom,286,51,171.01,0.0,1,1,2,2,Hibernating,0.998
14972,2011-07-06 15:42:00,2011-07-06 15:42:00,1,116.39,United Kingdom,157,0,116.39,0.0,1,2,1,1,Hibernating,0.832
14973,2011-04-25 14:40:00,2011-04-08 07:44:00,2,213.36,United Kingdom,229,17,106.68,0.0556,1,1,2,1,Hibernating,0.998
14974,2011-04-08 10:25:00,2011-01-27 12:00:00,3,528.38,Ireland,246,70,176.13,0.0,1,1,2,2,Hibernating,0.998
14975,2011-07-25 19:57:00,2010-12-18 08:56:00,2,116.57,Belgium,137,219,58.28,0.0,1,2,2,1,Hibernating,0.967
14976,2011-08-31 11:35:00,2011-08-31 11:35:00,1,162.32,United Kingdom,101,0,162.32,0.0,1,3,1,1,Regular,0.832
14977,2011-06-11 17:55:00,2011-01-20 14:09:00,5,968.18,United Kingdom,182,142,193.64,0.0,1,2,2,3,Hibernating,0.998
14978,2011-02-25 07:59:00,2011-01-17 17:59:00,2,381.71,United Kingdom,288,38,190.86,0.0,1,1,2,2,Hibernating,0.998
14980,2011-04-25 07:57:00,2010-12-24 15:35:00,5,681.48,United Kingdom,229,121,136.3,0.0,1,1,2,3,Hibernating,0.998
14981,2011-03-08 10:29:00,2010-12-02 12:28:00,4,626.94,United Kingdom,277,95,156.74,0.2692,1,1,2,2,Hibernating,0.93
14982,2011-03-11 13:00:00,2010-12-29 16:06:00,4,643.93,Ireland,274,71,160.98,0.2222,1,1,2,3,Hibernating,0.93
14983,2011-05-11 14:59:00,2011-02-17 17:05:00,2,172.99,France,213,82,86.5,0.0,1,2,2,1,Hibernating,0.998
14984,2011-03-18 12:41:00,2011-03-18 12:41:00,1,130.14,Portugal,267,0,130.14,0.5882,1,1,1,1,Hibernating,0.832
14985,2011-08-02 12:47:00,2010-12-31 07:30:00,4,500.05,United Kingdom,130,214,125.01,0.0,1,3,2,2,Regular,0.998
14986,2011-02-23 17:54:00,2010-12-14 14:13:00,5,808.13,United Kingdom,290,71,161.63,0.0,1,1,2,3,Hibernating,0.998
14987,2011-02-25 09:20:00,2010-12-15 14:29:00,4,410.14,United Kingdom,288,71,102.54,0.0,1,1,2,2,Hibernating,0.998
14988,2011-05-11 13:45:00,2010-12-29 16:31:00,2,240.46,United Kingdom,213,132,120.23,0.0,1,2,2,1,Hibernating,0.998
14989,2011-05-28 18:04:00,2010-12-31 11:55:00,4,408.92,United Kingdom,196,148,102.23,0.0,1,2,2,2,Hibernating,0.998
14990,2011-02-19 18:04:00,2011-01-10 18:27:00,4,552.78,Ireland,294,39,138.2,0.0,1,1,2,2,Hibernating,0.998
14991,2011-07-16 10:15:00,2010-12-08 15:24:00,5,723.02,United Kingdom,147,219,144.6,0.0,1,2,2,3,Hibernating,0.967
14992,2011-06-15 15:54:00,2011-03-21 14:38:00,3,351.32,United Kingdom,178,86,117.11,0.0,1,2,2,2,Hibernating,0.998
14993,2011-07-16 13:32:00,2011-07-16 13:32:00,1,271.32,United Kingdom,147,0,271.32,0.0,1,2,1,2,Hibernating,0.696
14994,2011-03-07 11:30:00,2011-03-07 11:30:00,1,319.12,Belgium,278,0,319.12,0.0,1,1,1,2,Hibernating,0.827
14995,2011-07-28 14:46:00,2011-06-08 16:01:00,2,465.72,Netherlands,135,49,232.86,0.0,1,3,2,2,Regular,0.998
14996,2011-03-29 11:37:00,2010-12-09 17:09:00,3,470.84,United Kingdom,256,109,156.95,0.0,1,1,2,2,Hibernating,0.998
14997,2011-07-08 17:19:00,2011-01-19 19:33:00,5,931.93,United Kingdom,155,169,186.39,0.0,1,2,2,3,Hibernating,0.998
14998,2011-04-29 17:11:00,2011-02-08 15:05:00,4,843.82,Ireland,225,80,210.96,0.0,1,1,2,3,Hibernating,0.998
14999,2011-08-26 12:42:00,2011-08-26 12:42:00,1,32.94,United Kingdom,106,0,32.94,0.0,1,3,1,1,Regular,0.832
15000,2011-07-28 15:35:00,2011-04-17 11:25:00,2,117.0,France,135,102,58.5,0.0,1,3,2,1,Regular,0.998
15001,2011-05-05 15:29:00,2010-12-11 19:48:00,3,310.43,United Kingdom,219,144,103.48,0.0,1,2,2,2,Hibernating,0.998
15002,2011-06-20 19:41:00,2011-06-20 19:41:00,1,274.79,United Kingdom,173,0,274.79,0.0,1,2,1,2,Hibernating,0.827
15003,2011-03-08 16:18:00,2010-12-11 14:33:00,3,286.13,Netherlands,277,87,95.38,0.0,1,1,2,2,Hibernating,0.998
15004,2011-06-12 08:00:00,2011-06-12 08:00:00,1,176.07,United Kingdom,181,0,176.07,0.0,1,2,1,1,Hibernating,0.832
15005,2011-08-30 07:12:00,2011-08-30 07:12:00,1,119.18,United Kingdom,102,0,119.18,0.0,1,3,1,1,Regular,0.832
15006,2011-02-26 07:58:00,2010-12-26 16:48:00,2,181.34,Ireland,287,61,90.67,0.0,1,1,2,1,Hibernating,0.998
15007,2011-03-12 09:21:00,2011-03-12 09:21:00,1,117.05,Belgium,273,0,117.05,0.0,1,1,1,1,Hibernating,0.832
15008,2011-08-21 16:03:00,2011-08-21 16:03:00,1,190.12,United Kingdom,111,0,190.12,0.0,1,3,1,1,Regular,0.832
15009,2011-08-22 08:36:00,2011-03-01 07:14:00,4,668.64,United Kingdom,110,174,167.16,0.0,1,3,2,3,Regular,0.998
15010,2011-04-06 08:10:00,2010-12-26 15:53:00,2,514.37,United Kingdom,248,100,257.18,0.0,1,1,2,2,Hibernating,0.998
15011,2011-08-13 12:19:00,2011-01-22 17:36:00,3,217.86,United Kingdom,119,202,72.62,0.0,1,3,2,1,Regular,0.998
15012,2011-02-23 10:56:00,2011-02-23 10:56:00,1,198.28,United Kingdom,290,0,198.28,0.0,1,1,1,1,Hibernating,0.832
15013,2011-04-20 11:47:00,2011-04-01 08:23:00,3,512.44,United Kingdom,234,19,170.81,0.0,1,1,2,2,Hibernating,0.998
15014,2011-02-19 09:48:00,2010-12-01 14:51:00,3,178.38,United Kingdom,294,79,59.46,0.0,1,1,2,1,Hibernating,0.998
15015,2011-06-11 07:29:00,2011-06-11 07:29:00,1,100.54,Portugal,182,0,100.54,0.0,1,2,1,1,Hibernating,0.832
15016,2011-08-08 11:20:00,2011-01-25 07:14:00,2,344.67,United Kingdom,124,195,172.34,0.0,1,3,2,2,Regular,0.998
15017,2011-02-24 12:27:00,2010-12-02 15:05:00,4,683.18,United Kingdom,289,83,170.8,0.0,1,1,2,3,Hibernating,0.998
15018,2011-05-09 19:21:00,2010-12-15 08:12:00,3,498.92,United Kingdom,215,145,166.31,0.0,1,2,2,2,Hibernating,0.998
15019,2011-04-12 16:04:00,2010-12-01 17:55:00,3,332.31,Ireland,242,131,110.77,0.0,1,1,2,2,Hibernating,0.998
15020,2011-08-03 14:12:00,2011-08-03 14:12:00,1,95.36,United Kingdom,129,0,95.36,0.0,1,3,1,1,Regular,0.832
15021,2011-05-07 07:00:00,2011-01-21 15:20:00,3,773.59,United Kingdom,217,105,257.86,0.0,1,2,2,3,Hibernating,0.998
15022,2011-03-30 10:29:00,2010-12-25 12:23:00,3,592.25,United Kingdom,255,94,197.42,0.1731,1,1,2,2,Hibernating,0.93
15023,2011-03-24 10:51:00,2010-12-12 17:24:00,5,572.62,United Kingdom,261,101,114.52,0.0,1,1,2,2,Hibernating,0.998
15024,2011-03-06 19:55:00,2011-03-06 19:55:00,1,174.93,United Kingdom,279,0,174.93,0.0,1,1,1,1,Hibernating,0.832
15025,2011-03-23 16:57:00,2010-12-10 14:16:00,4,658.27,United Kingdom,262,103,164.57,0.0,1,1,2,3,Hibernating,0.998
15026,2011-05-14 10:19:00,2011-01-06 17:15:00,4,633.19,Ireland,210,127,158.3,0.0,1,2,2,2,Hibernating,0.998
15027,2011-04-05 14:40:00,2011-04-05 14:40:00,1,127.85,United Kingdom,249,0,127.85,0.0,1,1,1,1,Hibernating,0.832
15028,2011-05-06 13:02:00,2011-05-03 09:39:00,2,588.23,United Kingdom,218,3,294.12,0.0,1,2,2,2,Hibernating,0.998
15029,2011-06-14 09:59:00,2011-05-01 12:11:00,2,297.5,United Kingdom,179,43,148.75,0.0,1,2,2,2,Hibernating,0.998
15030,2011-03-08 17:34:00,2011-01-10 13:33:00,2,361.84,United Kingdom,277,57,180.92,0.0,1,1,2,2,Hibernating,0.998
15031,2011-05-26 09:24:00,2011-04-24 10:07:00,2,197.38,United Kingdom,198,31,98.69,0.0,1,2,2,1,Hibernating,0.998
15032,2011-07-04 07:59:00,2011-01-26 11:20:00,3,421.69,United Kingdom,159,158,140.56,0.0,1,2,2,2,Hibernating,0.998
15033,2011-08-24 15:17:00,2011-02-01 09:44:00,3,433.8,France,108,204,144.6,0.0,1,3,2,2,Regular,0.998
15034,2011-08-09 08:16:00,2011-03-22 11:38:00,5,757.46,United Kingdom,123,139,151.49,0.0,1,3,2,3,Regular,0.998
15035,2011-02-18 14:29:00,2011-02-18 14:29:00,1,97.99,United Kingdom,295,0,97.99,0.0,1,1,1,1,Hibernating,0.832
15036,2011-07-15 19:35:00,2011-01-31 11:46:00,3,731.41,Ireland,148,165,243.8,0.0,1,2,2,3,Hibernating,0.998
15037,2011-03-15 10:44:00,2010-12-24 08:20:00,4,534.15,Ireland,270,81,133.54,0.0,1,1,2,2,Hibernating,0.998
15038,2011-06-29 14:58:00,2011-06-29 14:58:00,1,318.92,United Kingdom,164,0,318.92,0.0,1,2,1,2,Hibernating,0.827
15039,2011-05-26 11:53:00,2011-04-24 17:59:00,3,321.52,United Kingdom,198,31,107.17,0.0,1,2,2,2,Hibernating,0.998
15040,2011-03-05 15:38:00,2011-01-13 15:07:00,2,361.6,Portugal,280,51,180.8,0.0,1,1,2,2,Hibernating,0.998
15041,2011-08-14 10:22:00,2011-03-19 15:40:00,2,290.5,United Kingdom,118,147,145.25,0.0,1,3,2,2,Regular,0.998
15042,2011-05-29 07:13:00,2010-12-02 13:02:00,5,986.14,United Kingdom,195,177,197.23,0.0,1,2,2,3,Hibernating,0.998
15043,2011-03-26 14:20:00,2011-02-27 12:01:00,3,172.88,United Kingdom,259,27,57.63,0.0,1,1,2,1,Hibernating,0.998
15044,2011-03-18 16:54:00,2011-03-18 16:54:00,1,157.24,United Kingdom,267,0,157.24,0.0,1,1,1,1,Hibernating,0.832
15045,2011-03-19 14:59:00,2010-12-06 18:44:00,3,229.71,United Kingdom,266,102,76.57,0.0,1,1,2,1,Hibernating,0.998
15046,2011-08-31 12:55:00,2011-01-28 18:51:00,2,391.38,United Kingdom,101,214,195.69,0.0,1,3,2,2,Regular,0.998
15047,2011-04-14 15:42:00,2010-12-15 17:00:00,2,300.66,United Kingdom,240,119,150.33,0.0,1,1,2,2,Hibernating,0.998
15049,2011-03-09 09:06:00,2011-02-10 13:49:00,2,448.14,Germany,276,26,224.07,0.0,1,1,2,2,Hibernating,0.998
15050,2011-03-28 10:41:00,2010-12-19 11:17:00,5,833.7,United Kingdom,257,98,166.74,0.0,1,1,2,3,Hibernating,0.998
15051,2011-08-10 15:09:00,2011-05-13 08:59:00,4,602.83,United Kingdom,122,89,150.71,0.0,1,3,2,2,Regular,0.998
15052,2011-07-18 09:59:00,2010-12-09 09:50:00,3,357.17,United Kingdom,145,221,119.06,0.0,1,2,2,2,Hibernating,0.967
15053,2011-04-13 12:32:00,2011-04-13 12:32:00,1,76.93,United Kingdom,241,0,76.93,0.0,1,1,1,1,Hibernating,0.832
15054,2011-06-01 09:34:00,2010-12-02 09:51:00,3,534.5,Ireland,192,180,178.17,0.0,1,2,2,2,Hibernating,0.998
15055,2011-08-12 11:06:00,2011-04-02 08:43:00,3,540.03,United Kingdom,120,132,180.01,0.0,1,3,2,2,Regular,0.998
15056,2011-05-27 12:31:00,2011-01-05 16:05:00,4,489.29,United Kingdom,197,141,122.32,0.0,1,2,2,2,Hibernating,0.998
15057,2011-03-18 11:25:00,2011-02-15 19:52:00,2,275.39,United Kingdom,267,30,137.7,0.0,1,1,2,2,Hibernating,0.998
15058,2011-07-23 13:22:00,2010-12-19 11:59:00,3,497.91,United Kingdom,140,216,165.97,0.0244,1,2,2,2,Hibernating,0.998
15059,2011-08-23 10:13:00,2011-04-28 14:30:00,4,719.65,Ireland,109,116,179.91,0.0,1,3,2,3,Regular,0.998
15060,2011-06-08 17:58:00,2010-12-16 11:43:00,5,309.87,United Kingdom,185,174,61.97,0.0,1,2,2,2,Hibernating,0.998
15061,2011-04-06 19:32:00,2011-04-06 19:32:00,1,79.85,United Kingdom,248,0,79.85,0.0,1,1,1,1,Hibernating,0.832
15062,2011-04-01 15:01:00,2010-12-22 09:58:00,5,841.65,United Kingdom,253,100,168.33,0.0,1,1,3,3,Regular,0.998
15063,2011-02-19 09:46:00,2011-02-19 09:46:00,1,176.19,United Kingdom,294,0,176.19,0.0,1,1,1,1,Hibernating,0.832
15064,2011-02-27 08:55:00,2010-12-15 09:00:00,3,437.61,Ireland,286,73,145.87,0.0,1,1,2,2,Hibernating,0.998
15065,2011-07-17 10:03:00,2010-12-15 18:50:00,3,414.44,United Kingdom,146,213,138.15,0.0,1,2,2,2,Hibernating,0.998
15066,2011-07-10 17:40:00,2010-12-02 09:46:00,5,709.31,Ireland,153,220,141.86,0.0,1,2,3,3,Regular,0.967
15067,2011-07-10 13:24:00,2011-01-06 10:48:00,5,606.92,Ireland,153,185,121.38,0.0,1,2,3,2,Regular,0.998
15068,2011-03-20 11:19:00,2011-03-20 11:19:00,1,81.3,United Kingdom,265,0,81.3,0.0,1,1,1,1,Hibernating,0.832
15069,2011-07-09 19:41:00,2011-01-15 15:54:00,2,541.52,United Kingdom,154,175,270.76,0.0,1,2,2,2,Hibernating,0.998
15070,2011-04-21 14:31:00,2010-12-19 15:42:00,3,354.48,Portugal,233,122,118.16,0.0,1,1,2,2,Hibernating,0.998
15071,2011-08-07 14:34:00,2011-02-27 15:41:00,4,661.87,United Kingdom,125,160,165.47,0.0,1,3,2,3,Regular,0.998
15072,2011-02-25 19:20:00,2010-12-04 16:19:00,4,422.52,United Kingdom,288,83,105.63,0.0,1,1,2,2,Hibernating,0.998
15073,2011-07-22 14:01:00,2011-02-25 14:00:00,4,499.46,United Kingdom,141,147,124.86,0.0,1,2,2,2,Hibernating,0.998
15074,2011-04-06 19:09:00,2011-01-18 07:44:00,3,407.64,United Kingdom,248,78,135.88,0.0,1,1,2,2,Hibernating,0.998
15075,2011-03-06 19:11:00,2011-03-06 19:11:00,1,103.1,Portugal,279,0,103.1,0.0,1,1,1,1,Hibernating,0.832
15076,2011-07-29 19:33:00,2011-05-05 15:02:00,2,304.29,Ireland,134,85,152.15,0.0,1,3,2,2,Regular,0.998
15077,2011-08-26 11:38:00,2011-05-15 08:42:00,2,250.73,Ireland,106,103,125.36,0.0,1,3,2,2,Regular,0.998
15078,2011-02-20 15:39:00,2011-02-20 15:39:00,1,105.3,United Kingdom,293,0,105.3,0.0,1,1,1,1,Hibernating,0.832
15079,2011-03-28 10:25:00,2011-01-10 13:42:00,3,58.39,United Kingdom,257,76,19.46,0.0,1,1,2,1,Hibernating,0.998
15080,2011-07-08 17:55:00,2011-03-19 08:46:00,5,611.03,United Kingdom,155,111,122.21,0.0,1,2,3,2,Regular,0.998
15081,2011-08-16 16:58:00,2011-03-09 09:33:00,3,614.97,United Kingdom,116,160,204.99,0.0,1,3,2,2,Regular,0.998
15082,2011-03-31 16:25:00,2011-03-31 16:25:00,1,311.52,United Kingdom,254,0,311.52,0.0,1,1,1,2,Hibernating,0.827
15083,2011-05-26 13:56:00,2010-12-24 16:58:00,4,612.19,United Kingdom,198,152,153.05,0.0,1,2,2,2,Hibernating,0.998
15084,2011-03-01 08:13:00,2010-12-27 16:04:00,5,1166.14,United Kingdom,284,63,233.23,0.0,1,1,3,3,Regular,0.998
15085,2011-03-04 14:12:00,2010-12-15 11:46:00,4,462.28,United Kingdom,281,79,115.57,0.0,1,1,2,2,Hibernating,0.998
15086,2011-04-30 07:47:00,2010-12-29 08:37:00,3,264.68,United Kingdom,224,121,88.23,0.0,1,1,2,2,Hibernating,0.998
15087,2011-08-08 11:09:00,2011-01-11 18:01:00,4,811.93,United Kingdom,124,208,202.98,0.0,1,3,2,3,Regular,0.998
15088,2011-08-26 16:37:00,2010-12-14 12:12:00,4,636.01,United Kingdom,106,255,159.0,0.1846,1,3,2,2,Regular,0.447
15089,2011-07-13 10:56:00,2011-02-13 16:28:00,3,533.92,Ireland,150,149,177.97,0.0,1,2,2,2,Hibernating,0.998
15090,2011-04-09 15:08:00,2011-04-09 15:08:00,1,29.85,United Kingdom,245,0,29.85,0.0,1,1,1,1,Hibernating,0.832
15091,2011-04-03 18:14:00,2010-12-24 18:29:00,2,315.15,Netherlands,251,99,157.57,0.0,1,1,2,2,Hibernating,0.998
15092,2011-05-29 11:45:00,2011-05-29 11:45:00,1,209.67,United Kingdom,195,0,209.67,0.0,1,2,1,1,Hibernating,1.0
15093,2011-05-22 10:33:00,2011-01-28 18:43:00,5,1233.22,United Kingdom,202,113,246.64,0.0,1,2,3,3,Regular,0.998
15094,2011-06-01 12:31:00,2010-12-28 08:45:00,5,923.4,United Kingdom,192,155,184.68,0.0,1,2,3,3,Regular,0.998
15095,2011-05-26 12:31:00,2011-05-26 12:31:00,1,51.56,Ireland,198,0,51.56,0.0,1,2,1,1,Hibernating,0.832
15096,2011-04-18 17:46:00,2010-12-08 13:48:00,4,537.26,Germany,236,131,134.32,0.0,1,1,2,2,Hibernating,0.998
15097,2011-08-22 19:07:00,2010-12-29 19:58:00,5,772.55,United Kingdom,110,235,154.51,0.0,1,3,3,3,Regular,0.95
15098,2011-03-01 11:03:00,2011-01-01 17:04:00,5,779.49,United Kingdom,284,58,155.9,0.0,1,1,3,3,Regular,0.998
15099,2011-06-01 18:52:00,2011-01-22 18:26:00,2,280.4,Netherlands,192,130,140.2,0.0,1,2,2,2,Hibernating,0.998
15100,2011-08-26 18:38:00,2011-04-03 17:25:00,3,438.04,United Kingdom,106,145,146.01,0.0,1,3,2,2,Regular,0.998
15101,2011-02-21 17:30:00,2010-12-01 14:15:00,4,471.69,United Kingdom,292,82,117.92,0.0,1,1,2,2,Hibernating,0.998
15102,2011-08-02 15:48:00,2010-12-13 12:51:00,2,265.92,United Kingdom,130,232,132.96,0.0,1,3,2,2,Regular,0.967
15103,2011-03-05 10:22:00,2010-12-15 16:04:00,3,363.56,Ireland,280,79,121.19,0.0,1,1,2,2,Hibernating,0.998
15104,2011-07-28 12:03:00,2010-12-09 10:10:00,4,849.07,United Kingdom,135,231,212.27,0.1467,1,3,2,3,Regular,0.95
15105,2011-08-10 12:29:00,2011-08-10 12:29:00,1,147.76,Germany,122,0,147.76,0.0,1,3,1,1,Regular,0.832
15106,2011-04-08 16:06:00,2010-12-09 08:54:00,3,439.91,United Kingdom,246,120,146.64,0.0,1,1,2,2,Hibernating,0.998
15107,2011-04-17 19:13:00,2011-04-17 19:13:00,1,267.49,France,237,0,267.49,0.0,1,1,1,2,Hibernating,0.696
15108,2011-05-14 11:58:00,2011-01-08 16:17:00,4,781.93,United Kingdom,210,125,195.48,0.0,1,2,2,3,Hibernating,0.998
15109,2011-06-26 12:47:00,2011-05-25 07:01:00,2,438.87,United Kingdom,167,32,219.44,0.0,1,2,2,2,Hibernating,0.998
15110,2011-07-02 11:32:00,2011-02-10 09:38:00,3,733.5,United Kingdom,161,142,244.5,0.0,1,2,2,3,Hibernating,0.998
15111,2011-05-01 14:44:00,2011-02-06 08:00:00,5,596.45,United Kingdom,223,84,119.29,0.0,1,2,3,2,Regular,0.998
15112,2011-08-01 09:05:00,2011-01-25 08:49:00,4,396.25,United Kingdom,131,188,99.06,0.0,1,3,2,2,Regular,0.998
15113,2011-07-02 18:13:00,2010-12-17 15:08:00,3,310.19,United Kingdom,161,197,103.4,0.0,1,2,2,2,Hibernating,0.998
15114,2011-04-30 07:13:00,2011-03-25 19:15:00,3,649.33,United Kingdom,224,35,216.44,0.0,1,1,2,3,Hibernating,0.998
15115,2011-05-08 15:08:00,2011-01-22 13:10:00,5,863.72,Netherlands,216,106,172.74,0.0,1,2,3,3,Regular,0.998
15116,2011-07-23 13:47:00,2011-01-03 10:42:00,5,816.11,United Kingdom,140,201,163.22,0.0,1,2,3,3,Regular,0.998
15117,2011-03-15 16:50:00,2010-12-03 14:10:00,5,790.55,United Kingdom,270,102,158.11,0.0,1,1,3,3,Regular,0.998
15118,2011-08-12 15:55:00,2010-12-15 12:22:00,3,379.75,United Kingdom,120,240,126.58,0.0,1,3,2,2,Regular,0.967
15119,2011-02-18 11:50:00,2010-12-11 15:51:00,2,149.0,United Kingdom,295,68,74.5,0.0,1,1,2,1,Hibernating,0.998
15120,2011-03-22 15:55:00,2011-01-12 16:19:00,3,376.72,United Kingdom,263,68,125.57,0.0,1,1,2,2,Hibernating,0.998
15121,2011-06-23 19:14:00,2011-06-23 19:14:00,1,63.46,United Kingdom,170,0,63.46,0.0,1,2,1,1,Hibernating,0.832
15122,2011-07-09 10:59:00,2011-03-03 09:32:00,3,526.22,Ireland,154,128,175.41,0.0,1,2,2,2,Hibernating,0.998
15123,2011-02-22 16:18:00,2011-02-22 16:18:00,1,43.18,United Kingdom,291,0,43.18,0.0,1,1,1,1,Hibernating,0.832
15124,2011-05-05 11:49:00,2011-05-05 11:49:00,1,10.92,United Kingdom,219,0,10.92,0.0,1,2,1,1,Hibernating,0.832
15125,2011-07-24 13:15:00,2011-04-06 11:20:00,4,534.93,United Kingdom,139,109,133.73,0.0,1,2,2,2,Hibernating,0.998
15126,2011-07-22 18:45:00,2011-07-22 18:45:00,1,138.38,United Kingdom,141,0,138.38,0.0,1,2,1,1,Hibernating,0.832
15127,2011-08-13 19:40:00,2011-02-22 17:01:00,2,373.58,Netherlands,119,172,186.79,0.0,1,3,2,2,Regular,0.998
15128,2011-03-04 09:25:00,2010-12-27 18:40:00,2,291.91,Spain,281,66,145.96,0.0,1,1,2,2,Hibernating,0.998
15129,2011-03-22 14:34:00,2011-02-11 09:58:00,3,519.3,Germany,263,39,173.1,0.2727,1,1,2,2,Hibernating,0.93
15130,2011-07-14 15:38:00,2010-12-14 09:29:00,4,640.34,Belgium,149,212,160.08,0.0,1,2,2,2,Hibernating,0.998
15131,2011-02-25 08:14:00,2010-12-08 15:10:00,3,512.82,United Kingdom,288,78,170.94,0.0,1,1,2,2,Hibernating,0.998
15132,2011-03-04 15:44:00,2011-01-15 18:53:00,5,673.76,United Kingdom,281,47,134.75,0.0,1,1,3,3,Regular,0.998
15133,2011-04-03 16:52:00,2010-12-21 12:28:00,4,537.41,United Kingdom,251,103,134.35,0.0,1,1,2,2,Hibernating,0.998
15134,2011-04-02 07:03:00,2010-12-15 15:11:00,3,297.25,United Kingdom,252,107,99.08,0.0,1,1,2,2,Hibernating,0.998
15135,2011-04-02 13:25:00,2011-04-02 13:25:00,1,92.3,United Kingdom,252,0,92.3,0.0,1,1,1,1,Hibernating,0.832
15136,2011-03-17 19:45:00,2011-03-08 07:21:00,2,170.82,Belgium,268,9,85.41,0.3333,1,1,2,1,Hibernating,0.93
15137,2011-06-08 17:45:00,2010-12-08 13:13:00,5,757.03,United Kingdom,185,182,151.41,0.0,1,2,3,3,Regular,0.998
15138,2011-02-18 09:28:00,2010-12-01 15:21:00,4,295.16,United Kingdom,295,78,73.79,0.34,1,1,2,2,Hibernating,0.93
15139,2011-07-29 13:59:00,2011-04-12 12:04:00,4,641.93,France,134,108,160.48,0.0,1,3,2,3,Regular,0.998
15140,2011-08-07 16:00:00,2011-01-01 14:35:00,4,361.08,Spain,125,218,90.27,0.0,1,3,2,2,Regular,0.967
15141,2011-03-12 08:49:00,2010-12-31 08:13:00,4,420.01,United Kingdom,273,71,105.0,0.0,1,1,2,2,Hibernating,0.998
15142,2011-07-29 10:13:00,2011-04-04 18:07:00,4,690.2,Ireland,134,115,172.55,0.0,1,3,2,3,Regular,0.998
15143,2011-03-31 17:12:00,2011-03-31 17:12:00,1,170.32,Ireland,254,0,170.32,0.0,1,1,1,1,Hibernating,0.832
15144,2011-05-10 15:34:00,2011-01-18 17:24:00,4,278.94,United Kingdom,214,111,69.74,0.0,1,2,2,2,Hibernating,0.998
15145,2011-08-28 16:15:00,2011-08-28 16:15:00,1,260.94,Belgium,104,0,260.94,0.0,1,3,1,2,Regular,0.696
15146,2011-03-02 07:35:00,2011-01-08 11:20:00,2,256.66,Germany,283,52,128.33,0.4,1,1,2,2,Hibernating,0.93
15147,2011-05-17 12:11:00,2011-03-11 18:10:00,3,407.66,United Kingdom,207,66,135.89,0.0,1,2,2,2,Hibernating,0.998
15148,2011-08-16 13:43:00,2010-12-09 19:38:00,3,207.49,United Kingdom,116,249,69.16,0.0,1,3,2,1,Regular,0.4
15149,2011-05-20 15:52:00,2011-05-20 15:52:00,1,97.7,United Kingdom,204,0,97.7,0.0,1,2,1,1,Hibernating,0.832
15150,2011-05-01 16:20:00,2011-05-01 16:20:00,1,229.13,United Kingdom,223,0,229.13,0.0,1,2,1,1,Hibernating,0.696
15151,2011-03-14 07:59:00,2011-03-14 07:59:00,1,54.4,United Kingdom,271,0,54.4,0.0,1,1,1,1,Hibernating,0.832
15152,2011-03-11 16:14:00,2010-12-15 08:42:00,2,374.45,United Kingdom,274,86,187.22,0.0,1,1,2,2,Hibernating,0.998
15153,2011-06-24 08:33:00,2011-01-05 19:10:00,4,585.26,United Kingdom,169,169,146.32,0.0,1,2,2,2,Hibernating,0.998
15154,2011-02-12 13:26:00,2011-01-23 15:20:00,2,246.1,United Kingdom,301,19,123.05,0.0,1,1,2,2,Hibernating,0.998
15155,2011-03-22 18:39:00,2011-01-24 15:35:00,2,384.38,United Kingdom,263,57,192.19,0.0,1,1,2,2,Hibernating,0.998
15156,2011-07-17 18:29:00,2011-01-23 13:48:00,2,112.85,United Kingdom,146,175,56.42,0.0,1,2,2,1,Hibernating,0.998
15157,2011-07-26 09:14:00,2011-05-18 11:02:00,2,243.67,United Kingdom,137,68,121.84,0.0,1,2,2,2,Hibernating,0.998
15158,2011-06-04 18:30:00,2011-01-10 11:39:00,3,436.11,United Kingdom,189,145,145.37,0.0,1,2,2,2,Hibernating,0.998
15159,2011-04-22 08:59:00,2011-02-25 19:58:00,2,219.25,United Kingdom,232,55,109.62,0.0,1,1,2,1,Hibernating,0.998
15160,2011-06-09 07:45:00,2010-12-09 12:50:00,4,292.97,United Kingdom,184,181,73.24,0.0,1,2,2,2,Hibernating,0.998
15161,2011-06-24 16:24:00,2010-12-31 09:25:00,4,733.56,France,169,175,183.39,0.0,1,2,2,3,Hibernating,0.998
15162,2011-05-13 08:17:00,2010-12-01 19:51:00,5,1090.53,United Kingdom,211,162,218.11,0.0,1,2,3,3,Regular,0.998
15163,2011-03-08 18:12:00,2011-03-08 18:12:00,1,187.5,United Kingdom,277,0,187.5,0.0,1,1,1,1,Hibernating,0.832
15164,2011-07-02 16:22:00,2010-12-11 16:06:00,5,516.05,Netherlands,161,203,103.21,0.0,1,2,3,2,Regular,0.998
15165,2011-04-10 16:31:00,2011-04-10 16:31:00,1,77.11,United Kingdom,244,0,77.11,0.0,1,1,1,1,Hibernating,0.832
15166,2011-04-08 07:03:00,2010-12-22 19:01:00,4,483.34,United Kingdom,246,106,120.84,0.0,1,1,2,2,Hibernating,0.998
15167,2011-07-27 07:50:00,2010-12-17 08:53:00,4,536.84,United Kingdom,136,221,134.21,0.0,1,3,2,2,Regular,0.967
15168,2011-05-17 17:06:00,2010-12-15 15:31:00,4,454.55,United Kingdom,207,153,113.64,0.0,1,2,2,2,Hibernating,0.998
15169,2011-04-02 09:57:00,2011-04-02 09:57:00,1,80.41,United Kingdom,252,0,80.41,0.0,1,1,1,1,Hibernating,0.832
15170,2011-06-12 09:09:00,2011-01-09 12:21:00,3,536.39,Germany,181,153,178.8,0.0,1,2,2,2,Hibernating,0.998
15171,2011-02-12 13:10:00,2010-12-28 10:55:00,5,678.69,United Kingdom,301,46,135.74,0.0,1,1,3,3,Regular,0.998
15172,2011-08-11 17:58:00,2010-12-22 15:42:00,3,367.05,Spain,121,232,122.35,0.0,1,3,2,2,Regular,0.967
15173,2011-03-26 09:45:00,2011-01-30 11:40:00,3,608.42,United Kingdom,259,54,202.81,0.0,1,1,2,2,Hibernating,0.998
15174,2011-07-28 10:18:00,2010-12-06 10:10:00,5,350.28,Portugal,135,234,70.06,0.0,1,3,3,2,Regular,0.967
15175,2011-05-18 19:43:00,2011-05-18 19:43:00,1,101.01,United Kingdom,206,0,101.01,0.7,1,2,1,1,Hibernating,0.832
15176,2011-02-21 19:28:00,2010-12-06 08:01:00,4,454.63,United Kingdom,292,77,113.66,0.0,1,1,2,2,Hibernating,0.998
15177,2011-02-20 11:22:00,2011-01-03 10:56:00,2,206.14,United Kingdom,293,48,103.07,0.0,1,1,2,1,Hibernating,0.998
15178,2011-04-20 13:33:00,2010-12-08 08:20:00,5,663.71,United Kingdom,234,133,132.74,0.0,1,1,3,3,Regular,0.998
15179,2011-06-29 11:47:00,2010-12-11 09:44:00,3,574.05,Germany,164,200,191.35,0.0,1,2,2,2,Hibernating,0.998
15180,2011-04-08 08:19:00,2010-12-26 17:43:00,3,608.4,United Kingdom,246,102,202.8,0.0,1,1,2,2,Hibernating,0.998
15181,2011-04-24 14:04:00,2011-03-10 18:52:00,4,458.62,United Kingdom,230,44,114.66,0.0,1,1,2,2,Hibernating,0.998
15182,2011-02-21 08:48:00,2010-12-17 13:05:00,3,39.57,United Kingdom,292,65,13.19,0.0,1,1,2,1,Hibernating,0.998
15183,2011-08-21 16:34:00,2011-08-21 16:34:00,1,328.7,United Kingdom,111,0,328.7,0.0,1,3,1,2,Regular,0.827
15184,2011-07-25 08:24:00,2010-12-20 12:15:00,4,873.37,United Kingdom,138,216,218.34,0.0,1,2,2,3,Hibernating,0.998
15185,2011-04-24 11:13:00,2010-12-12 19:50:00,3,265.42,United Kingdom,230,132,88.47,0.0,1,1,2,2,Hibernating,0.998
15186,2011-08-28 09:19:00,2011-07-04 16:25:00,2,186.03,United Kingdom,104,54,93.02,0.1481,1,3,2,1,Regular,0.998
15187,2011-06-02 12:54:00,2011-02-19 16:11:00,3,483.59,Germany,191,102,161.2,0.0,1,2,2,2,Hibernating,0.998
15188,2011-07-07 13:05:00,2011-02-24 16:59:00,3,558.54,United Kingdom,156,132,186.18,0.0,1,2,2,2,Hibernating,0.998
15189,2011-04-29 13:30:00,2010-12-30 10:20:00,5,631.81,United Kingdom,225,120,126.36,0.0,1,1,3,2,Regular,0.998
15190,2011-08-18 08:31:00,2011-02-21 10:12:00,3,397.33,United Kingdom,114,177,132.44,0.0,1,3,2,2,Regular,0.998
15191,2011-05-30 12:04:00,2011-01-22 19:48:00,4,474.94,United Kingdom,194,127,118.74,0.0,1,2,2,2,Hibernating,0.998
15192,2011-08-14 16:14:00,2011-08-14 16:14:00,1,119.37,Spain,118,0,119.37,0.0,1,3,1,1,Regular,0.832
15193,2011-04-22 09:25:00,2010-12-21 08:43:00,2,378.98,United Kingdom,232,122,189.49,0.3519,1,1,2,2,Hibernating,0.93
15194,2011-03-16 18:17:00,2010-12-07 17:57:00,4,401.29,United Kingdom,269,99,100.32,0.0,1,1,2,2,Hibernating,0.998
15195,2011-08-13 07:43:00,2011-02-12 10:54:00,4,647.5,Netherlands,119,181,161.88,0.0,1,3,2,3,Regular,0.998
15196,2011-05-23 12:21:00,2011-01-03 14:12:00,3,543.39,United Kingdom,201,139,181.13,0.0,1,2,2,2,Hibernating,0.998
15197,2011-04-30 15:46:00,2010-12-17 18:36:00,4,587.94,Ireland,224,133,146.99,0.0,1,1,2,2,Hibernating,0.998
15198,2011-06-01 10:16:00,2010-12-06 08:21:00,5,780.08,United Kingdom,192,177,156.02,0.0,1,2,3,3,Regular,0.998
15199,2011-08-26 12:18:00,2010-12-02 11:37:00,5,693.45,United Kingdom,106,267,138.69,0.0,1,3,3,3,Regular,0.1
15200,2011-08-31 17:59:00,2011-01-12 19:55:00,4,603.83,United Kingdom,101,230,150.96,0.0,1,3,2,2,Regular,0.95
15201,2011-08-15 17:54:00,2011-08-15 17:54:00,1,109.98,United Kingdom,117,0,109.98,0.0,1,3,1,1,Regular,0.832
15202,2011-03-05 13:03:00,2011-03-05 13:03:00,1,220.15,United Kingdom,280,0,220.15,0.0,1,1,1,1,Hibernating,1.0
15203,2011-05-12 10:40:00,2011-02-06 16:00:00,2,517.62,United Kingdom,212,94,258.81,0.0,1,2,2,2,Hibernating,0.998
15204,2011-04-18 17:51:00,2011-01-23 15:48:00,3,207.18,United Kingdom,236,85,69.06,0.0,1,1,2,1,Hibernating,0.998
15205,2011-03-25 17:47:00,2011-03-25 17:47:00,1,182.34,United Kingdom,260,0,182.34,0.0,1,1,1,1,Hibernating,0.832
15206,2011-07-31 12:20:00,2010-12-02 07:12:00,3,388.83,United Kingdom,132,241,129.61,0.0312,1,3,2,2,Regular,0.967
15207,2011-02-18 11:49:00,2010-12-01 13:43:00,5,1007.73,United Kingdom,295,78,201.55,0.0,1,1,3,3,Regular,0.998
15208,2011-04-23 09:04:00,2011-04-13 08:38:00,2,101.36,Ireland,231,10,50.68,0.0,1,1,2,1,Hibernating,0.998
15209,2011-07-01 18:31:00,2011-06-08 18:34:00,3,357.17,United Kingdom,162,22,119.06,0.0,1,2,2,2,Hibernating,0.998
15210,2011-03-10 16:46:00,2011-03-10 16:46:00,1,349.61,United Kingdom,275,0,349.61,0.0,1,1,1,2,Hibernating,0.827
15211,2011-06-22 14:39:00,2011-02-07 12:45:00,4,1076.5,United Kingdom,171,135,269.12,0.0,1,2,2,3,Hibernating,0.998
15212,2011-08-21 12:19:00,2011-02-23 17:45:00,4,568.67,United Kingdom,111,178,142.17,0.0,1,3,2,2,Regular,0.998
15213,2011-06-26 18:28:00,2011-02-03 14:49:00,2,302.63,United Kingdom,167,143,151.32,0.0,1,2,2,2,Hibernating,0.998
15214,2011-06-09 14:53:00,2011-02-13 17:04:00,5,857.48,United Kingdom,184,115,171.5,0.0,1,2,3,3,Regular,0.998
15215,2011-07-04 12:48:00,2011-01-14 13:24:00,3,248.59,United Kingdom,159,170,82.86,0.0,1,2,2,2,Hibernating,0.998
15216,2011-05-21 16:02:00,2011-03-03 17:22:00,3,289.21,United Kingdom,203,78,96.4,0.0,1,2,2,2,Hibernating,0.998
15217,2011-08-13 15:42:00,2011-04-01 12:56:00,4,584.41,United Kingdom,119,134,146.1,0.1961,1,3,2,2,Regular,0.93
15218,2011-03-29 09:25:00,2010-12-07 09:49:00,3,605.43,United Kingdom,256,111,201.81,0.0,1,1,2,2,Hibernating,0.998
15219,2011-08-09 16:10:00,2010-12-10 08:59:00,4,838.07,United Kingdom,123,242,209.52,0.0,1,3,2,3,Regular,0.95
15220,2011-02-27 07:22:00,2011-02-12 15:24:00,2,175.64,United Kingdom,286,14,87.82,0.0,1,1,2,1,Hibernating,0.998
15221,2011-08-11 17:49:00,2011-04-26 07:46:00,2,165.12,United Kingdom,121,107,82.56,0.0,1,3,2,1,Regular,0.998
15222,2011-04-18 14:50:00,2011-04-18 14:50:00,1,236.83,Germany,236,0,236.83,0.0,1,1,1,1,Hibernating,0.696
15223,2011-08-10 16:34:00,2011-01-19 15:04:00,4,331.21,France,122,203,82.8,0.0,1,3,2,2,Regular,0.998
15224,2011-06-15 17:02:00,2011-01-14 15:48:00,2,257.87,United Kingdom,178,152,128.94,0.0,1,2,2,2,Hibernating,0.998
15225,2011-04-21 19:53:00,2011-03-13 18:11:00,2,407.58,Ireland,233,39,203.79,0.0,1,1,2,2,Hibernating,0.998
15226,2011-04-28 19:39:00,2010-12-12 16:33:00,5,545.07,United Kingdom,226,137,109.01,0.0,1,1,3,2,Regular,0.998
15227,2011-06-11 07:49:00,2010-12-31 15:20:00,2,225.81,United Kingdom,182,161,112.9,0.0,1,2,2,1,Hibernating,0.998
15228,2011-08-30 07:24:00,2010-12-20 08:56:00,4,352.7,United Kingdom,102,252,88.18,0.3556,1,3,2,2,Regular,0.4
15229,2011-06-04 11:05:00,2011-03-04 16:38:00,4,528.16,United Kingdom,189,91,132.04,0.0,1,2,2,2,Hibernating,0.998
15230,2011-03-20 07:53:00,2010-12-08 10:42:00,3,371.51,Belgium,265,101,123.84,0.2444,1,1,2,2,Hibernating,0.93
15231,2011-04-14 10:15:00,2011-04-14 10:15:00,1,65.19,United Kingdom,240,0,65.19,0.0,1,1,1,1,Hibernating,0.832
15232,2011-08-25 19:53:00,2011-08-25 19:53:00,1,208.02,United Kingdom,107,0,208.02,0.0,1,3,1,1,Regular,0.832
15233,2011-08-02 10:44:00,2011-08-02 10:44:00,1,152.53,United Kingdom,130,0,152.53,0.0,1,3,1,1,Regular,0.832
15234,2011-06-01 13:43:00,2011-01-12 17:56:00,3,499.57,United Kingdom,192,139,166.52,0.0,1,2,2,2,Hibernating,0.998
15235,2011-04-16 18:22:00,2011-03-11 08:45:00,2,231.89,United Kingdom,238,36,115.94,0.0,1,1,2,1,Hibernating,0.998
15236,2011-08-16 18:06:00,2011-01-13 16:17:00,4,578.55,United Kingdom,116,215,144.64,0.2093,1,3,2,2,Regular,0.93
15237,2011-07-30 12:09:00,2011-01-08 07:47:00,2,440.69,United Kingdom,133,203,220.34,0.0,1,3,2,2,Regular,0.998
15238,2011-08-14 08:58:00,2011-02-07 08:10:00,3,571.05,United Kingdom,118,188,190.35,0.0,1,3,2,2,Regular,0.998
15239,2011-02-14 16:09:00,2011-01-01 15:06:00,2,51.79,United Kingdom,299,44,25.9,0.0,1,1,2,1,Hibernating,0.998
15240,2011-03-14 08:18:00,2010-12-22 17:51:00,2,396.36,United Kingdom,271,81,198.18,0.0,1,1,2,2,Hibernating,0.998
15241,2011-08-06 15:41:00,2010-12-01 17:57:00,5,843.26,United Kingdom,126,247,168.65,0.0,1,3,3,3,Regular,0.447
15242,2011-03-13 16:44:00,2010-12-17 15:53:00,4,373.77,United Kingdom,272,86,93.44,0.0,1,1,2,2,Hibernating,0.998
15243,2011-05-17 10:59:00,2011-01-08 18:07:00,3,339.99,Netherlands,207,128,113.33,0.0,1,2,2,2,Hibernating,0.998
15244,2011-05-09 19:49:00,2010-12-14 07:18:00,4,491.06,United Kingdom,215,146,122.76,0.0,1,2,2,2,Hibernating,0.998
15245,2011-05-15 19:00:00,2011-05-15 19:00:00,1,223.73,United Kingdom,209,0,223.73,0.0,1,2,1,1,Hibernating,0.696
15246,2011-06-15 19:19:00,2011-02-03 13:32:00,3,470.51,Germany,178,132,156.84,0.0,1,2,2,2,Hibernating,0.998
15247,2011-02-12 08:40:00,2010-12-12 14:36:00,4,666.6,United Kingdom,301,61,166.65,0.0,1,1,2,3,Hibernating,0.998
15248,2011-07-27 14:33:00,2011-07-27 14:33:00,1,63.09,United Kingdom,136,0,63.09,0.0,1,3,1,1,Regular,0.832
15249,2011-08-10 12:14:00,2011-06-14 08:08:00,2,207.45,United Kingdom,122,57,103.72,0.0,1,3,2,1,Regular,0.998
15250,2011-05-04 13:45:00,2011-05-04 13:45:00,1,97.69,United Kingdom,220,0,97.69,0.0,1,2,1,1,Hibernating,0.832
15251,2011-03-17 10:17:00,2011-03-17 10:17:00,1,142.02,United Kingdom,268,0,142.02,0.0,1,1,1,1,Hibernating,0.832
15252,2011-08-23 08:58:00,2011-08-23 08:58:00,1,287.78,United Kingdom,109,0,287.78,0.0,1,3,1,2,Regular,0.827
15253,2011-05-25 15:24:00,2011-02-21 14:50:00,4,515.27,United Kingdom,199,93,128.82,0.0,1,2,2,2,Hibernating,0.998
15254,2011-06-03 11:06:00,2011-06-03 11:06:00,1,54.12,United Kingdom,190,0,54.12,0.0,1,2,1,1,Hibernating,0.832
15255,2011-03-18 07:34:00,2011-03-07 12:11:00,2,305.76,United Kingdom,267,10,152.88,0.0,1,1,2,2,Hibernating,0.998
15256,2011-03-17 15:32:00,2011-01-06 13:30:00,2,151.6,United Kingdom,268,70,75.8,0.0,1,1,2,1,Hibernating,0.998
15257,2011-06-23 17:39:00,2011-06-23 17:39:00,1,100.65,United Kingdom,170,0,100.65,0.0,1,2,1,1,Hibernating,0.832
15258,2011-08-29 18:01:00,2011-06-02 15:14:00,3,269.24,United Kingdom,103,88,89.75,0.1852,1,3,2,2,Regular,0.93
15259,2011-04-17 12:55:00,2011-01-31 16:03:00,5,630.65,United Kingdom,237,75,126.13,0.0,1,1,3,2,Regular,0.998
15260,2011-02-23 10:42:00,2010-12-10 12:19:00,4,619.31,United Kingdom,290,74,154.83,0.0,1,1,2,2,Hibernating,0.998
15261,2011-03-13 16:12:00,2011-02-03 17:01:00,2,201.14,United Kingdom,272,37,100.57,0.0,1,1,2,1,Hibernating,0.998
15262,2011-06-10 17:49:00,2010-12-22 13:50:00,5,636.83,United Kingdom,183,170,127.37,0.0,1,2,3,2,Regular,0.998
15263,2011-07-06 17:19:00,2011-02-11 15:30:00,2,290.18,United Kingdom,157,145,145.09,0.0,1,2,2,2,Hibernating,0.998
15264,2011-05-24 15:39:00,2011-02-10 19:18:00,3,457.99,Ireland,200,102,152.66,0.0,1,2,2,2,Hibernating,0.998
15265,2011-05-02 16:00:00,2011-01-01 19:00:00,3,566.48,United Kingdom,222,120,188.83,0.0,1,2,2,2,Hibernating,0.998
15266,2011-08-10 12:03:00,2010-12-06 11:26:00,5,798.03,United Kingdom,122,247,159.61,0.0,1,3,3,3,Regular,0.447
15267,2011-03-27 07:02:00,2010-12-26 18:00:00,4,478.4,United Kingdom,258,90,119.6,0.0,1,1,2,2,Hibernating,0.998
15268,2011-03-18 07:15:00,2010-12-16 19:56:00,5,803.36,United Kingdom,267,91,160.67,0.0,1,1,3,3,Regular,0.998
15269,2011-08-04 10:35:00,2010-12-26 15:33:00,3,571.42,Portugal,128,220,190.47,0.0,1,3,2,2,Regular,0.95
15270,2011-03-21 19:16:00,2011-03-21 19:16:00,1,81.97,United Kingdom,264,0,81.97,0.0,1,1,1,1,Hibernating,0.832
15271,2011-04-12 19:32:00,2011-01-26 10:48:00,2,142.8,Netherlands,242,76,71.4,0.4516,1,1,2,1,Hibernating,0.93
15272,2011-04-03 12:21:00,2010-12-15 14:01:00,5,768.08,United Kingdom,251,108,153.62,0.0,1,1,3,3,Regular,0.998
15273,2011-03-13 17:23:00,2011-01-18 15:46:00,5,526.97,United Kingdom,272,54,105.39,0.0,1,1,3,2,Regular,0.998
15274,2011-06-29 07:45:00,2011-02-18 18:49:00,3,337.09,Ireland,164,130,112.36,0.0,1,2,2,2,Hibernating,0.998
15275,2011-08-11 19:09:00,2011-08-11 19:09:00,1,143.95,United Kingdom,121,0,143.95,0.0,1,3,1,1,Regular,0.832
15276,2011-07-27 13:08:00,2010-12-14 09:42:00,4,530.03,United Kingdom,136,225,132.51,0.0,1,3,2,2,Regular,0.967
15277,2011-03-10 11:01:00,2010-12-01 09:48:00,5,908.65,Ireland,275,99,181.73,0.0,1,1,3,3,Regular,0.998
15278,2011-02-23 07:30:00,2010-12-06 14:29:00,5,914.66,Spain,290,78,182.93,0.0,1,1,3,3,Regular,0.998
15279,2011-04-26 14:33:00,2010-12-02 18:33:00,2,270.22,United Kingdom,228,144,135.11,0.0,1,1,2,2,Hibernating,0.998
15280,2011-06-11 16:50:00,2011-01-11 09:53:00,4,726.04,Belgium,182,151,181.51,0.0357,1,2,2,3,Hibernating,0.998
15281,2011-06-13 16:33:00,2010-12-29 15:00:00,3,265.86,United Kingdom,180,166,88.62,0.0,1,2,2,2,Hibernating,0.998
15282,2011-06-08 07:14:00,2011-06-08 07:14:00,1,55.6,United Kingdom,185,0,55.6,0.0,1,2,1,1,Hibernating,0.832
15283,2011-03-29 08:49:00,2010-12-10 09:52:00,4,560.35,United Kingdom,256,108,140.09,0.0,1,1,2,2,Hibernating,0.998
15284,2011-04-01 07:53:00,2011-03-05 10:50:00,3,357.76,United Kingdom,253,26,119.25,0.0,1,1,2,2,Hibernating,0.998
15285,2011-08-18 13:04:00,2011-07-13 18:46:00,2,123.74,Germany,114,35,61.87,0.0,1,3,2,1,Regular,0.998
15286,2011-07-28 15:17:00,2011-07-28 15:17:00,1,44.29,France,135,0,44.29,0.0,1,3,1,1,Regular,0.832
15287,2011-08-05 19:29:00,2011-02-10 13:12:00,4,409.58,Netherlands,127,176,102.4,0.0,1,3,2,2,Regular,0.998
15288,2011-08-17 09:11:00,2011-03-12 19:50:00,2,194.28,Germany,115,157,97.14,0.0,1,3,2,1,Regular,0.998
15289,2011-07-28 18:59:00,2011-07-28 18:59:00,1,141.5,United Kingdom,135,0,141.5,0.0,1,3,1,1,Regular,0.832
15290,2011-05-08 13:34:00,2011-01-27 13:14:00,5,607.73,Ireland,216,101,121.55,0.0,1,2,3,2,Regular,0.998
15291,2011-08-11 18:55:00,2011-07-26 17:53:00,2,85.22,United Kingdom,121,16,42.61,0.0,1,3,2,1,Regular,0.998
15292,2011-03-03 13:37:00,2011-02-26 11:24:00,2,135.88,United Kingdom,282,5,67.94,0.0,1,1,2,1,Hibernating,0.998
15293,2011-05-14 08:05:00,2010-12-23 18:51:00,5,679.81,United Kingdom,210,141,135.96,0.0,1,2,3,3,Regular,0.998
15294,2011-06-23 11:21:00,2010-12-22 12:17:00,2,155.49,United Kingdom,170,182,77.74,0.0,1,2,2,1,Hibernating,0.998
15295,2011-04-07 11:32:00,2010-12-11 07:48:00,4,466.57,France,247,117,116.64,0.0,1,1,2,2,Hibernating,0.998
15296,2011-07-27 08:44:00,2011-04-19 18:17:00,2,368.88,Spain,136,98,184.44,0.0,1,3,2,2,Regular,0.998
15297,2011-02-19 09:32:00,2011-02-05 07:58:00,2,113.32,United Kingdom,294,14,56.66,0.0,1,1,2,1,Hibernating,0.998
15298,2011-02-19 16:55:00,2010-12-13 16:44:00,5,954.15,United Kingdom,294,68,190.83,0.0,1,1,3,3,Regular,0.998
15299,2011-05-09 09:29:00,2011-05-09 09:29:00,1,26.8,Netherlands,215,0,26.8,0.0,1,2,1,1,Hibernating,0.832
15300,2011-02-13 10:46:00,2010-12-04 13:59:00,2,462.29,United Kingdom,300,70,231.14,0.0,1,1,2,2,Hibernating,0.998
15301,2011-07-19 15:03:00,2011-03-11 16:10:00,3,295.65,United Kingdom,144,129,98.55,0.0,1,2,2,2,Hibernating,0.998
15302,2011-05-20 10:07:00,2010-12-22 17:45:00,5,789.81,United Kingdom,204,148,157.96,0.0,1,2,3,3,Regular,0.998
15303,2011-07-25 14:00:00,2011-02-23 07:12:00,2,340.05,United Kingdom,138,152,170.02,0.0,1,2,2,2,Hibernating,0.998
15304,2011-04-12 17:25:00,2011-01-10 11:55:00,2,345.38,United Kingdom,242,92,172.69,0.0,1,1,2,2,Hibernating,0.998
15305,2011-04-06 19:34:00,2010-12-09 09:23:00,3,357.97,Germany,248,118,119.32,0.0,1,1,2,2,Hibernating,0.998
15306,2011-03-27 10:14:00,2010-12-10 11:01:00,5,561.22,United Kingdom,258,106,112.24,0.0,1,1,3,2,Regular,0.998
15307,2011-08-10 14:48:00,2010-12-09 15:32:00,5,761.55,United Kingdom,122,243,152.31,0.0,1,3,3,3,Regular,0.95
15308,2011-08-22 19:53:00,2010-12-11 12:39:00,5,790.57,United Kingdom,110,254,158.11,0.0,1,3,3,3,Regular,0.447
15309,2011-03-08 10:33:00,2010-12-14 19:27:00,3,243.65,United Kingdom,277,83,81.22,0.0,1,1,2,2,Hibernating,0.998
15310,2011-04-24 11:44:00,2011-02-01 11:52:00,4,816.27,Belgium,230,81,204.07,0.1505,1,1,2,3,Hibernating,0.998
15311,2011-06-11 17:33:00,2010-12-18 14:19:00,4,773.09,United Kingdom,182,175,193.27,0.1951,1,2,2,3,Hibernating,0.93
15312,2011-06-16 16:47:00,2011-01-11 14:21:00,4,406.07,United Kingdom,177,156,101.52,0.0,1,2,2,2,Hibernating,0.998
15313,2011-05-01 10:02:00,2010-12-20 14:07:00,5,453.52,France,223,131,90.7,0.0,1,2,3,2,Regular,0.998
15314,2011-08-16 13:04:00,2011-06-03 09:10:00,2,71.47,United Kingdom,116,74,35.74,0.0,1,3,2,1,Regular,0.998
15315,2011-02-18 07:33:00,2010-12-04 11:16:00,3,411.08,United Kingdom,295,75,137.03,0.3824,1,1,2,2,Hibernating,0.93
15316,2011-03-30 19:31:00,2010-12-18 14:03:00,5,629.83,United Kingdom,255,102,125.97,0.0,1,1,3,2,Regular,0.998
15317,2011-04-01 19:38:00,2011-01-14 13:22:00,3,348.52,Ireland,253,77,116.17,0.3704,1,1,2,2,Hibernating,0.93
15318,2011-08-22 14:31:00,2011-06-17 14:14:00,3,702.83,United Kingdom,110,66,234.28,0.0,1,3,2,3,Regular,0.998
15319,2011-07-08 13:55:00,2010-12-12 19:17:00,4,363.58,United Kingdom,155,207,90.9,0.0,1,2,2,2,Hibernating,0.998
15320,2011-08-26 08:15:00,2011-03-12 09:29:00,2,170.81,United Kingdom,106,166,85.4,0.0,1,3,2,1,Regular,0.998
15321,2011-08-24 07:03:00,2011-08-24 07:03:00,1,227.09,France,108,0,227.09,0.0,1,3,1,1,Regular,0.696
15322,2011-06-01 16:56:00,2010-12-14 18:22:00,5,922.31,United Kingdom,192,168,184.46,0.0,1,2,3,3,Regular,0.998
15323,2011-05-07 15:35:00,2011-01-06 08:43:00,2,208.06,Ireland,217,121,104.03,0.0,1,2,2,1,Hibernating,0.998
15324,2011-06-25 19:53:00,2011-06-15 07:24:00,2,329.4,Ireland,168,10,164.7,0.0,1,2,2,2,Hibernating,0.998
15325,2011-02-16 09:58:00,2010-12-31 18:22:00,5,965.94,United Kingdom,297,46,193.19,0.0,1,1,3,3,Regular,0.998
15326,2011-05-01 08:34:00,2011-04-27 18:38:00,2,137.5,United Kingdom,223,3,68.75,0.0,1,2,2,1,Hibernating,0.998
15327,2011-03-11 13:03:00,2011-02-13 12:38:00,2,230.55,United Kingdom,274,26,115.28,0.0,1,1,2,1,Hibernating,0.998
15328,2011-06-14 13:28:00,2011-02-01 11:24:00,5,666.12,United Kingdom,179,133,133.22,0.0,1,2,3,3,Regular,0.998
15329,2011-03-30 08:37:00,2011-01-10 15:18:00,4,413.58,United Kingdom,255,78,103.4,0.0,1,1,2,2,Hibernating,0.998
15330,2011-03-16 13:14:00,2010-12-07 14:04:00,5,612.79,United Kingdom,269,98,122.56,0.0,1,1,3,2,Regular,0.998
15331,2011-02-19 11:54:00,2011-01-08 08:38:00,5,514.51,United Kingdom,294,42,102.9,0.0,1,1,3,2,Regular,0.998
15332,2011-07-12 15:59:00,2011-02-03 12:53:00,3,482.07,United Kingdom,151,159,160.69,0.0,1,2,2,2,Hibernating,0.998
15333,2011-04-06 17:24:00,2011-04-06 17:24:00,1,135.12,Netherlands,248,0,135.12,0.625,1,1,1,1,Hibernating,0.832
15334,2011-06-01 17:57:00,2011-01-02 16:20:00,2,182.85,United Kingdom,192,150,91.42,0.0,1,2,2,1,Hibernating,0.998
15335,2011-06-22 18:55:00,2011-04-05 09:43:00,4,578.73,United Kingdom,171,78,144.68,0.0,1,2,2,2,Hibernating,0.998
15336,2011-04-28 18:13:00,2010-12-04 19:27:00,3,317.53,Portugal,226,144,105.84,0.0,1,1,2,2,Hibernating,0.998
15337,2011-06-10 10:16:00,2011-06-10 10:16:00,1,167.63,Netherlands,183,0,167.63,0.0,1,2,1,1,Hibernating,0.832
15338,2011-06-02 19:51:00,2011-01-15 16:23:00,4,326.51,United Kingdom,191,138,81.63,0.0,1,2,2,2,Hibernating,0.998
15339,2011-08-17 18:04:00,2011-08-17 18:04:00,1,61.31,Ireland,115,0,61.31,0.0,1,3,1,1,Regular,0.832
15340,2011-05-11 19:33:00,2011-05-11 19:33:00,1,267.32,Belgium,213,0,267.32,0.1429,1,2,1,2,Hibernating,0.696
15341,2011-05-16 07:41:00,2011-01-17 09:14:00,4,580.72,United Kingdom,208,118,145.18,0.0,1,2,2,2,Hibernating,0.998
15342,2011-05-19 09:47:00,2010-12-01 11:02:00,3,337.45,United Kingdom,205,168,112.48,0.0,1,2,2,2,Hibernating,0.998
15343,2011-05-04 15:47:00,2011-05-04 15:47:00,1,62.45,United Kingdom,220,0,62.45,0.0,1,2,1,1,Hibernating,0.832
15344,2011-02-24 07:01:00,2010-12-14 18:45:00,4,489.52,Spain,289,71,122.38,0.1562,1,1,2,2,Hibernating,0.998
15345,2011-04-02 14:46:00,2011-02-15 09:38:00,3,516.02,United Kingdom,252,46,172.01,0.1724,1,1,2,2,Hibernating,0.93
15346,2011-08-14 17:15:00,2011-04-18 07:35:00,5,842.92,United Kingdom,118,118,168.58,0.0,1,3,3,3,Regular,0.998
15347,2011-03-01 18:55:00,2011-01-15 18:01:00,5,404.76,United Kingdom,284,45,80.95,0.0,1,1,3,2,Regular,0.998
15348,2011-02-12 16:02:00,2010-12-02 18:10:00,4,370.38,United Kingdom,301,71,92.6,0.0,1,1,2,2,Hibernating,0.998
15349,2011-08-25 15:31:00,2011-02-14 08:10:00,2,229.62,United Kingdom,107,192,114.81,0.0,1,3,2,1,Regular,0.998
15350,2011-02-26 14:24:00,2011-02-26 14:24:00,1,200.19,United Kingdom,287,0,200.19,0.0588,1,1,1,1,Hibernating,0.832
15351,2011-08-11 15:13:00,2011-04-09 13:11:00,5,690.86,United Kingdom,121,124,138.17,0.0,1,3,3,3,Regular,0.998
15352,2011-07-17 17:20:00,2010-12-17 10:21:00,2,246.99,United Kingdom,146,212,123.5,0.0,1,2,2,2,Hibernating,0.998
15353,2011-04-17 14:48:00,2011-01-20 16:06:00,3,155.77,United Kingdom,237,86,51.92,0.4643,1,1,2,1,Hibernating,0.93
15354,2011-08-05 11:00:00,2011-02-23 18:14:00,4,316.72,United Kingdom,127,162,79.18,0.0,1,3,2,2,Regular,0.998
15355,2011-02-24 07:14:00,2011-01-07 13:51:00,3,392.41,United Kingdom,289,47,130.8,0.0,1,1,2,2,Hibernating,0.998
15356,2011-05-18 16:35:00,2011-01-04 11:51:00,5,356.87,Germany,206,134,71.37,0.0,1,2,3,2,Regular,0.998
15357,2011-07-30 14:07:00,2010-12-27 16:03:00,4,562.28,United Kingdom,133,214,140.57,0.0,1,3,2,2,Regular,0.998
15358,2011-05-09 13:56:00,2011-04-29 17:19:00,2,239.0,United Kingdom,215,9,119.5,0.0,1,2,2,1,Hibernating,0.998
15359,2011-04-29 12:26:00,2011-02-03 12:56:00,4,674.56,United Kingdom,225,84,168.64,0.0,1,1,2,3,Hibernating,0.998
15360,2011-05-01 08:12:00,2011-01-20 10:27:00,4,302.81,United Kingdom,223,100,75.7,0.0,1,2,2,2,Hibernating,0.998
15361,2011-02-27 10:11:00,2011-01-03 08:08:00,3,267.68,United Kingdom,286,55,89.23,0.0,1,1,2,2,Hibernating,0.998
15362,2011-04-19 11:11:00,2011-04-19 11:11:00,1,38.87,Ireland,235,0,38.87,0.0,1,1,1,1,Hibernating,0.832
15363,2011-03-20 11:38:00,2010-12-07 07:36:00,5,363.34,United Kingdom,265,103,72.67,0.0,1,1,3,2,Regular,0.998
15364,2011-04-19 07:29:00,2011-02-19 14:07:00,2,475.75,United Kingdom,235,58,237.88,0.0,1,1,2,2,Hibernating,0.998
15365,2011-08-29 14:30:00,2011-02-22 10:34:00,2,318.2,United Kingdom,103,188,159.1,0.0,1,3,2,2,Regular,0.998
15366,2011-03-21 14:01:00,2011-03-21 14:01:00,1,154.68,France,264,0,154.68,0.0,1,1,1,1,Hibernating,0.832
15367,2011-08-04 12:50:00,2011-05-11 17:20:00,3,242.49,Spain,128,84,80.83,0.0,1,3,2,2,Regular,0.998
15368,2011-05-27 10:33:00,2011-01-04 16:51:00,5,709.96,United Kingdom,197,142,141.99,0.0,1,2,3,3,Regular,0.998
15369,2011-07-30 16:06:00,2011-07-30 16:06:00,1,59.9,United Kingdom,133,0,59.9,0.0,1,3,1,1,Regular,0.832
15370,2011-06-10 07:01:00,2011-02-23 10:29:00,3,559.11,United Kingdom,183,106,186.37,0.3385,1,2,2,2,Hibernating,0.93
15371,2011-08-21 07:30:00,2011-02-17 18:34:00,3,355.92,Ireland,111,184,118.64,0.36,1,3,2,2,Regular,0.93
15372,2011-06-24 11:13:00,2010-12-03 17:38:00,3,356.93,Germany,169,202,118.98,0.0,1,2,2,2,Hibernating,0.998
15373,2011-04-05 18:05:00,2011-02-16 13:00:00,4,583.12,Ireland,249,48,145.78,0.0,1,1,2,2,Hibernating,0.998
15374,2011-03-20 13:24:00,2010-12-12 10:32:00,5,570.59,United Kingdom,265,98,114.12,0.0,1,1,3,2,Regular,0.998
15375,2011-08-16 18:27:00,2011-01-21 19:02:00,2,181.16,United Kingdom,116,206,90.58,0.0,1,3,2,1,Regular,0.998
15376,2011-02-14 13:15:00,2010-12-08 17:13:00,3,551.05,United Kingdom,299,67,183.68,0.0,1,1,2,2,Hibernating,0.998
15377,2011-08-01 14:35:00,2011-03-11 09:51:00,2,354.18,France,131,143,177.09,0.0,1,3,2,2,Regular,0.998
15378,2011-05-14 12:12:00,2011-04-23 17:49:00,3,128.19,United Kingdom,210,20,42.73,0.0,1,2,2,1,Hibernating,0.998
15379,2011-03-15 17:16:00,2010-12-22 14:40:00,4,501.98,United Kingdom,270,83,125.5,0.0,1,1,2,2,Hibernating,0.998
15380,2011-04-07 15:33:00,2011-03-25 14:53:00,2,115.66,United Kingdom,247,13,57.83,0.0,1,1,2,1,Hibernating,0.998
15381,2011-05-09 17:25:00,2011-01-29 17:49:00,4,531.29,United Kingdom,215,99,132.82,0.1525,1,2,2,2,Hibernating,0.998
15382,2011-04-19 09:15:00,2011-02-26 17:13:00,2,379.52,Netherlands,235,51,189.76,0.0,1,1,2,2,Hibernating,0.998
15383,2011-07-10 07:42:00,2011-02-02 12:05:00,2,169.18,United Kingdom,153,157,84.59,0.0,1,2,2,1,Hibernating,0.998
15384,2011-02-19 17:46:00,2011-02-08 07:36:00,3,197.98,United Kingdom,294,11,65.99,0.0,1,1,2,1,Hibernating,0.998
15385,2011-07-31 13:49:00,2010-12-09 08:10:00,5,692.3,United Kingdom,132,234,138.46,0.0,1,3,3,3,Regular,0.967
15386,2011-05-14 13:16:00,2010-12-01 18:30:00,5,673.74,United Kingdom,210,163,134.75,0.0,1,2,3,3,Regular,0.998
15387,2011-08-18 19:36:00,2011-01-08 17:09:00,3,405.87,United Kingdom,114,222,135.29,0.0,1,3,2,2,Regular,0.967
15388,2011-06-07 14:42:00,2010-12-01 14:21:00,5,539.6,United Kingdom,186,188,107.92,0.0,1,2,3,2,Regular,0.998
15389,2011-02-16 11:08:00,2010-12-01 11:12:00,4,827.98,Ireland,297,76,207.0,0.0,1,1,2,3,Hibernating,0.998
15390,2011-03-21 13:34:00,2010-12-04 14:12:00,3,385.17,United Kingdom,264,106,128.39,0.0,1,1,2,2,Hibernating,0.998
15391,2011-03-27 12:33:00,2010-12-26 10:52:00,4,462.61,Belgium,258,91,115.65,0.0,1,1,2,2,Hibernating,0.998
15392,2011-06-19 15:47:00,2011-03-11 17:55:00,4,473.86,United Kingdom,174,99,118.46,0.0,1,2,2,2,Hibernating,0.998
15393,2011-08-29 16:10:00,2011-02-02 08:03:00,3,232.47,United Kingdom,103,208,77.49,0.1143,1,3,2,1,Regular,0.998
15394,2011-07-08 16:41:00,2011-01-02 16:14:00,5,770.22,United Kingdom,155,187,154.04,0.0,1,2,3,3,Regular,0.998
15395,2011-06-09 16:56:00,2010-12-12 11:33:00,2,182.74,United Kingdom,184,179,91.37,0.0,1,2,2,1,Hibernating,0.998
15396,2011-03-21 07:41:00,2010-12-16 16:55:00,5,643.58,United Kingdom,264,94,128.72,0.0,1,1,3,3,Regular,0.998
15397,2011-03-30 11:45:00,2011-01-08 07:48:00,2,95.7,United Kingdom,255,81,47.85,0.0,1,1,2,1,Hibernating,0.998
15398,2011-07-18 11:19:00,2010-12-02 16:06:00,2,276.43,United Kingdom,145,227,138.22,0.0,1,2,2,2,Hibernating,0.967
15399,2011-08-17 18:17:00,2011-01-12 09:36:00,4,219.85,Ireland,115,217,54.96,0.0,1,3,2,1,Regular,0.998
15400,2011-06-17 16:50:00,2011-02-19 17:55:00,2,309.07,United Kingdom,176,117,154.54,0.0,1,2,2,2,Hibernating,0.998
15401,2011-02-19 13:31:00,2011-02-19 13:31:00,1,200.85,United Kingdom,294,0,200.85,0.0,1,1,1,1,Hibernating,0.832
15402,2011-07-12 10:31:00,2011-04-28 18:49:00,2,189.13,United Kingdom,151,74,94.56,0.0,1,2,2,1,Hibernating,0.998
15403,2011-06-10 11:48:00,2011-06-10 11:48:00,1,117.99,France,183,0,117.99,0.0,1,2,1,1,Hibernating,0.832
15404,2011-02-28 07:24:00,2011-02-28 07:24:00,1,48.47,Ireland,285,0,48.47,0.0,1,1,1,1,Hibernating,0.832
15405,2011-07-26 15:39:00,2011-07-23 16:43:00,2,291.98,United Kingdom,137,2,145.99,0.0,1,2,2,2,Hibernating,0.998
15406,2011-04-19 07:12:00,2011-02-14 13:38:00,2,437.42,Spain,235,63,218.71,0.0,1,1,2,2,Hibernating,0.998
15407,2011-08-24 17:30:00,2010-12-26 11:08:00,4,843.29,United Kingdom,108,241,210.82,0.0,1,3,2,3,Regular,0.95
15408,2011-08-11 18:13:00,2010-12-17 13:22:00,4,620.62,United Kingdom,121,237,155.16,0.0,1,3,2,2,Regular,0.95
15409,2011-04-29 14:36:00,2011-01-09 10:58:00,2,344.61,United Kingdom,225,110,172.3,0.0,1,1,2,2,Hibernating,0.998
15410,2011-08-08 18:11:00,2011-02-18 12:41:00,2,139.34,Germany,124,171,69.67,0.0,1,3,2,1,Regular,0.998
15411,2011-06-19 17:52:00,2011-06-19 17:52:00,1,260.67,United Kingdom,174,0,260.67,0.0,1,2,1,2,Hibernating,0.696
15412,2011-06-17 09:39:00,2011-01-28 11:03:00,4,372.89,France,176,139,93.22,0.0,1,2,2,2,Hibernating,0.998
15413,2011-06-24 19:39:00,2011-02-01 17:16:00,5,958.24,United Kingdom,169,143,191.65,0.0,1,2,3,3,Regular,0.998
15414,2011-08-19 11:49:00,2010-12-24 15:27:00,2,166.38,Ireland,113,237,83.19,0.0,1,3,2,1,Regular,0.967
15415,2011-02-26 11:31:00,2011-02-26 11:31:00,1,216.43,Ireland,287,0,216.43,0.0,1,1,1,1,Hibernating,1.0
15416,2011-04-12 17:00:00,2011-01-29 15:53:00,3,411.35,United Kingdom,242,73,137.12,0.0,1,1,2,2,Hibernating,0.998
15417,2011-06-03 08:42:00,2011-02-04 08:55:00,3,338.86,United Kingdom,190,118,112.95,0.2,1,2,2,2,Hibernating,0.93
15418,2011-03-02 15:39:00,2011-01-04 13:37:00,3,342.17,United Kingdom,283,57,114.06,0.0,1,1,2,2,Hibernating,0.998
15419,2011-03-23 11:16:00,2011-01-13 13:54:00,5,499.52,United Kingdom,262,68,99.9,0.0,1,1,3,2,Regular,0.998
15420,2011-02-12 18:59:00,2010-12-01 14:38:00,2,252.05,Portugal,301,73,126.02,0.0,1,1,2,2,Hibernating,0.998
15421,2011-04-26 12:07:00,2010-12-05 13:11:00,3,398.54,United Kingdom,228,141,132.85,0.0,1,1,2,2,Hibernating,0.998
15422,2011-06-09 15:24:00,2011-06-09 15:24:00,1,140.62,United Kingdom,184,0,140.62,0.0,1,2,1,1,Hibernating,0.832
15423,2011-05-16 18:47:00,2011-03-16 10:59:00,4,624.0,United Kingdom,208,61,156.0,0.0,1,2,2,2,Hibernating,0.998
15424,2011-04-04 09:24:00,2011-04-04 09:24:00,1,101.76,United Kingdom,250,0,101.76,0.0,1,1,1,1,Hibernating,0.832
15425,2011-02-17 11:52:00,2010-12-03 09:37:00,5,654.58,United Kingdom,296,76,130.92,0.0,1,1,3,3,Regular,0.998
15426,2011-07-15 09:49:00,2010-12-12 12:05:00,3,456.86,Netherlands,148,214,152.29,0.3019,1,2,2,2,Hibernating,0.93
15427,2011-06-20 19:14:00,2010-12-20 17:38:00,4,528.17,United Kingdom,173,182,132.04,0.0,1,2,2,2,Hibernating,0.998
15428,2011-04-03 14:26:00,2011-04-03 14:26:00,1,96.06,Ireland,251,0,96.06,0.0,1,1,1,1,Hibernating,0.832
15429,2011-03-04 19:56:00,2011-02-27 17:46:00,2,328.2,United Kingdom,280,5,164.1,0.0,1,1,2,2,Hibernating,0.998
15430,2011-08-08 17:46:00,2010-12-20 17:21:00,5,1116.86,United Kingdom,124,231,223.37,0.0,1,3,3,3,Regular,0.95
15431,2011-04-15 17:13:00,2011-04-15 17:13:00,1,298.15,Ireland,239,0,298.15,0.0,1,1,1,2,Hibernating,0.827
15432,2011-06-17 19:07:00,2011-06-17 19:07:00,1,91.89,United Kingdom,176,0,91.89,0.0,1,2,1,1,Hibernating,0.832
15433,2011-07-04 18:28:00,2011-05-23 07:20:00,4,424.7,United Kingdom,159,42,106.18,0.0,1,2,2,2,Hibernating,0.998
15434,2011-04-26 08:17:00,2011-04-26 08:17:00,1,18.63,United Kingdom,228,0,18.63,0.0,1,1,1,1,Hibernating,0.832
15435,2011-02-18 09:54:00,2011-01-05 14:47:00,4,513.0,United Kingdom,295,43,128.25,0.0,1,1,2,2,Hibernating,0.998
15436,2011-03-23 09:50:00,2010-12-30 10:01:00,4,802.22,France,262,82,200.56,0.0,1,1,2,3,Hibernating,0.998
15437,2011-04-19 08:41:00,2011-04-19 08:41:00,1,147.78,United Kingdom,235,0,147.78,0.0,1,1,1,1,Hibernating,0.832
15438,2011-06-04 09:56:00,2011-01-10 18:28:00,2,160.78,United Kingdom,189,144,80.39,0.0,1,2,2,1,Hibernating,0.998
15439,2011-05-22 16:37:00,2010-12-09 13:49:00,4,625.58,United Kingdom,202,164,156.4,0.2,1,2,2,2,Hibernating,0.93
15440,2011-03-08 07:26:00,2010-12-27 14:09:00,5,571.86,France,277,70,114.37,0.0,1,1,3,2,Regular,0.998
15441,2011-08-08 13:38:00,2010-12-31 16:49:00,2,109.5,Germany,124,219,54.75,0.0,1,3,2,1,Regular,0.967
15442,2011-08-19 08:33:00,2011-05-06 08:17:00,3,610.86,United Kingdom,113,105,203.62,0.0,1,3,2,2,Regular,0.998
15443,2011-07-15 18:46:00,2011-03-05 15:36:00,5,683.47,United Kingdom,148,132,136.69,0.0,1,2,3,3,Regular,0.998
15444,2011-08-17 12:33:00,2011-01-11 13:58:00,3,384.51,United Kingdom,115,217,128.17,0.0,1,3,2,2,Regular,0.998
15445,2011-07-29 12:11:00,2010-12-11 08:32:00,4,531.05,United Kingdom,134,230,132.76,0.0,1,3,2,2,Regular,0.967
15446,2011-05-31 16:18:00,2010-12-31 07:25:00,4,641.0,United Kingdom,193,151,160.25,0.0,1,2,2,2,Hibernating,0.998
15447,2011-04-09 15:51:00,2010-12-09 13:12:00,4,490.0,United Kingdom,245,121,122.5,0.0,1,1,2,2,Hibernating,0.998
15448,2011-02-18 15:01:00,2010-12-31 15:55:00,2,253.75,United Kingdom,295,48,126.88,0.0,1,1,2,2,Hibernating,0.998
15449,2011-06-26 09:08:00,2011-01-18 19:42:00,3,513.99,United Kingdom,167,158,171.33,0.0,1,2,2,2,Hibernating,0.998
15450,2011-04-02 18:59:00,2011-01-28 09:34:00,3,327.42,United Kingdom,252,64,109.14,0.2683,1,1,2,2,Hibernating,0.93
15451,2011-08-10 11:43:00,2010-12-11 10:37:00,3,460.42,United Kingdom,122,242,153.47,0.2656,1,3,2,2,Regular,0.95
15452,2011-02-12 08:11:00,2011-02-12 08:11:00,1,7.84,France,301,0,7.84,0.0,1,1,1,1,Hibernating,0.832
15453,2011-06-12 11:37:00,2011-03-09 09:29:00,5,578.53,United Kingdom,181,95,115.71,0.0,1,2,3,2,Regular,0.998
15454,2011-07-15 09:27:00,2011-07-15 09:27:00,1,60.02,United Kingdom,148,0,60.02,0.0,1,2,1,1,Hibernating,0.832
15455,2011-07-16 08:03:00,2010-12-18 09:25:00,4,852.54,United Kingdom,147,209,213.14,0.0,1,2,2,3,Hibernating,0.998
15456,2011-03-23 09:54:00,2010-12-04 10:33:00,4,355.8,United Kingdom,262,108,88.95,0.2115,1,1,2,2,Hibernating,0.93
15457,2011-06-27 13:41:00,2011-05-15 10:10:00,3,353.76,United Kingdom,166,43,117.92,0.0,1,2,2,2,Hibernating,0.998
15458,2011-08-23 11:10:00,2011-08-23 11:10:00,1,133.02,Portugal,109,0,133.02,0.0,1,3,1,1,Regular,0.832
15460,2011-04-01 15:15:00,2010-12-12 13:35:00,4,420.66,Germany,253,110,105.16,0.0,1,1,2,2,Hibernating,0.998
15461,2011-08-30 10:48:00,2011-08-30 10:48:00,1,110.2,United Kingdom,102,0,110.2,0.0,1,3,1,1,Regular,0.832
15462,2011-08-04 11:45:00,2010-12-08 13:33:00,5,708.43,United Kingdom,128,238,141.69,0.0,1,3,3,3,Regular,0.967
15463,2011-08-18 09:05:00,2010-12-17 13:03:00,3,588.2,United Kingdom,114,243,196.07,0.0,1,3,2,2,Regular,0.95
15464,2011-03-24 07:04:00,2011-03-24 07:04:00,1,177.93,Germany,261,0,177.93,0.0,1,1,1,1,Hibernating,0.832
15465,2011-06-29 07:22:00,2011-03-22 15:08:00,4,695.86,Germany,164,98,173.96,0.0,1,2,2,3,Hibernating,0.998
15466,2011-07-11 17:08:00,2011-03-10 10:54:00,3,508.08,United Kingdom,152,123,169.36,0.0,1,2,2,2,Hibernating,0.998
15467,2011-08-09 19:26:00,2011-01-13 11:58:00,4,415.07,France,123,208,103.77,0.0,1,3,2,2,Regular,0.998
15468,2011-06-05 07:31:00,2011-02-04 16:08:00,3,291.82,Germany,188,120,97.27,0.0,1,2,2,2,Hibernating,0.998
15469,2011-06-12 09:27:00,2011-03-05 12:43:00,3,648.99,United Kingdom,181,98,216.33,0.0,1,2,2,3,Hibernating,0.998
15470,2011-06-20 16:28:00,2011-06-20 16:28:00,1,45.29,Germany,173,0,45.29,0.0,1,2,1,1,Hibernating,0.832
15471,2011-08-25 18:12:00,2011-01-08 13:33:00,3,324.78,United Kingdom,107,229,108.26,0.0,1,3,2,2,Regular,0.967
15472,2011-08-22 13:33:00,2010-12-30 11:26:00,4,687.01,United Kingdom,110,235,171.75,0.0,1,3,2,3,Regular,0.95
15473,2011-04-13 09:32:00,2011-02-26 10:12:00,2,360.08,Germany,241,45,180.04,0.0,1,1,2,2,Hibernating,0.998
15474,2011-04-29 08:01:00,2010-12-05 11:39:00,3,547.59,United Kingdom,225,144,182.53,0.1667,1,1,2,2,Hibernating,0.93
15475,2011-02-21 15:59:00,2011-02-07 13:05:00,3,495.62,United Kingdom,292,14,165.21,0.0,1,1,2,2,Hibernating,0.998
15476,2011-06-10 11:46:00,2010-12-26 16:08:00,4,365.5,United Kingdom,183,165,91.38,0.0,1,2,2,2,Hibernating,0.998
15477,2011-05-18 11:46:00,2011-05-18 11:46:00,1,71.15,United Kingdom,206,0,71.15,0.0,1,2,1,1,Hibernating,0.832
15478,2011-08-04 09:40:00,2011-01-08 14:54:00,3,187.09,United Kingdom,128,207,62.36,0.0,1,3,2,1,Regular,0.998
15479,2011-07-23 16:08:00,2011-01-24 10:28:00,2,205.69,United Kingdom,140,180,102.84,0.0,1,2,2,1,Hibernating,0.998
15480,2011-08-08 16:37:00,2011-08-08 16:37:00,1,154.12,United Kingdom,124,0,154.12,0.0,1,3,1,1,Regular,0.832
15481,2011-04-30 10:38:00,2011-02-09 08:44:00,2,347.75,United Kingdom,224,80,173.88,0.3617,1,1,2,2,Hibernating,0.93
15482,2011-08-08 14:36:00,2010-12-08 19:46:00,3,310.57,United Kingdom,124,242,103.52,0.0,1,3,2,2,Regular,0.967
15483,2011-02-28 12:58:00,2011-01-09 17:07:00,3,623.42,United Kingdom,285,49,207.81,0.0,1,1,2,2,Hibernating,0.998
15484,2011-07-21 09:31:00,2011-07-21 09:31:00,1,141.42,United Kingdom,142,0,141.42,0.0,1,2,1,1,Hibernating,0.832
15485,2011-08-06 10:11:00,2011-02-26 10:49:00,2,155.36,United Kingdom,126,160,77.68,0.0,1,3,2,1,Regular,0.998
15486,2011-02-28 17:29:00,2011-02-19 10:47:00,2,220.36,Germany,285,9,110.18,0.0,1,1,2,1,Hibernating,0.998
15487,2011-06-25 13:04:00,2010-12-07 10:11:00,2,259.65,United Kingdom,168,200,129.82,0.0,1,2,2,2,Hibernating,0.998
15488,2011-07-26 12:12:00,2011-07-25 18:00:00,2,104.25,United Kingdom,137,0,52.12,0.0,1,2,2,1,Hibernating,0.998
15489,2011-08-21 18:18:00,2011-03-22 08:45:00,5,1243.09,United Kingdom,111,152,248.62,0.0,1,3,3,3,Regular,0.998
15490,2011-06-08 10:06:00,2010-12-23 16:04:00,3,311.56,Ireland,185,166,103.85,0.0,1,2,2,2,Hibernating,0.998
15491,2011-04-08 11:45:00,2011-01-28 15:19:00,2,359.55,United Kingdom,246,69,179.78,0.0,1,1,2,2,Hibernating,0.998
15492,2011-06-25 13:03:00,2011-03-04 12:15:00,2,375.96,United Kingdom,168,113,187.98,0.0,1,2,2,2,Hibernating,0.998
15493,2011-02-11 16:13:00,2011-02-04 12:37:00,2,393.72,United Kingdom,302,7,196.86,0.1875,1,1,2,2,Hibernating,0.93
15494,2011-05-09 18:58:00,2011-05-09 18:58:00,1,115.78,United Kingdom,215,0,115.78,0.0,1,2,1,1,Hibernating,0.832
15495,2011-07-29 12:38:00,2011-03-12 19:31:00,2,118.54,Ireland,134,138,59.27,0.0,1,3,2,1,Regular,0.998
15496,2011-08-02 19:19:00,2011-01-10 10:38:00,3,496.63,United Kingdom,130,204,165.54,0.0,1,3,2,2,Regular,0.998
15497,2011-05-13 13:45:00,2011-01-04 18:06:00,5,669.68,United Kingdom,211,128,133.94,0.0,1,2,3,3,Regular,0.998
15498,2011-04-11 14:06:00,2010-12-22 11:17:00,3,389.48,United Kingdom,243,110,129.83,0.0,1,1,2,2,Hibernating,0.998
15499,2011-07-27 15:02:00,2010-12-08 10:18:00,2,248.55,United Kingdom,136,231,124.28,0.0,1,3,2,2,Regular,0.967
15500,2011-02-13 13:30:00,2011-02-13 13:30:00,1,109.75,United Kingdom,300,0,109.75,0.0,1,1,1,1,Hibernating,0.832
15501,2011-03-19 12:51:00,2010-12-22 16:29:00,3,283.4,United Kingdom,266,86,94.47,0.0,1,1,2,2,Hibernating,0.998
15502,2011-08-03 07:39:00,2011-08-03 07:39:00,1,183.45,United Kingdom,129,0,183.45,0.0,1,3,1,1,Regular,0.832
15503,2011-02-24 10:54:00,2010-12-20 16:32:00,3,426.87,United Kingdom,289,65,142.29,0.0,1,1,2,2,Hibernating,0.998
15504,2011-05-07 10:07:00,2010-12-02 09:43:00,5,640.75,Ireland,217,156,128.15,0.0,1,2,3,2,Regular,0.998
15505,2011-06-25 15:18:00,2011-01-17 14:47:00,2,280.32,United Kingdom,168,159,140.16,0.0,1,2,2,2,Hibernating,0.998
15506,2011-04-18 19:31:00,2011-02-05 12:16:00,3,585.88,United Kingdom,236,72,195.29,0.0,1,1,2,2,Hibernating,0.998
15507,2011-07-22 10:51:00,2010-12-22 14:40:00,5,395.29,United Kingdom,141,211,79.06,0.0,1,2,3,2,Regular,0.998
15508,2011-03-15 14:16:00,2011-01-09 12:54:00,4,456.82,Spain,270,65,114.2,0.0,1,1,2,2,Hibernating,0.998
15509,2011-06-03 15:49:00,2011-02-11 19:56:00,5,985.46,United Kingdom,190,111,197.09,0.0,1,2,3,3,Regular,0.998
15510,2011-06-05 17:04:00,2011-06-05 17:04:00,1,85.1,Spain,188,0,85.1,0.0,1,2,1,1,Hibernating,0.832
15511,2011-08-05 18:36:00,2011-08-05 18:36:00,1,15.29,United Kingdom,127,0,15.29,0.0,1,3,1,1,Regular,0.832
15512,2011-07-04 07:01:00,2011-07-04 07:01:00,1,200.31,United Kingdom,159,0,200.31,0.0,1,2,1,1,Hibernating,0.832
15513,2011-06-14 12:16:00,2010-12-14 09:53:00,5,704.03,United Kingdom,179,182,140.81,0.0,1,2,3,3,Regular,0.998
15514,2011-06-25 10:51:00,2011-02-11 17:07:00,2,276.88,Germany,168,133,138.44,0.0,1,2,2,2,Hibernating,0.998
15515,2011-07-04 12:53:00,2011-07-04 12:53:00,1,138.91,France,159,0,138.91,0.4231,1,2,1,1,Hibernating,0.832
15516,2011-07-08 19:44:00,2011-07-08 19:44:00,1,222.75,Ireland,155,0,222.75,0.0,1,2,1,1,Hibernating,0.696
15517,2011-05-06 15:11:00,2011-05-06 15:11:00,1,93.59,United Kingdom,218,0,93.59,0.0,1,2,1,1,Hibernating,0.832
15518,2011-05-14 07:45:00,2010-12-20 16:16:00,5,528.17,Germany,210,144,105.63,0.0,1,2,3,2,Regular,0.998
15519,2011-08-04 19:51:00,2010-12-23 09:15:00,2,227.16,United Kingdom,128,224,113.58,0.0,1,3,2,1,Regular,0.967
15520,2011-06-03 16:05:00,2011-03-19 19:34:00,5,552.93,United Kingdom,190,75,110.59,0.0,1,2,3,2,Regular,0.998
15521,2011-06-05 11:20:00,2011-06-05 11:20:00,1,131.89,Ireland,188,0,131.89,0.0,1,2,1,1,Hibernating,0.832
15522,2011-07-03 08:37:00,2010-12-20 09:16:00,4,436.96,Netherlands,160,194,109.24,0.0,1,2,2,2,Hibernating,0.998
15523,2011-04-13 09:01:00,2011-01-30 10:06:00,2,197.24,United Kingdom,241,72,98.62,0.0,1,1,2,1,Hibernating,0.998
15524,2011-03-27 07:08:00,2011-01-15 14:49:00,2,254.42,United Kingdom,258,70,127.21,0.0,1,1,2,2,Hibernating,0.998
15525,2011-08-16 13:47:00,2011-04-03 11:32:00,2,254.32,Ireland,116,135,127.16,0.0,1,3,2,2,Regular,0.998
15526,2011-06-21 10:02:00,2011-06-21 10:02:00,1,72.71,United Kingdom,172,0,72.71,0.0,1,2,1,1,Hibernating,0.832
15527,2011-06-05 16:51:00,2011-06-05 16:51:00,1,50.42,Germany,188,0,50.42,0.0,1,2,1,1,Hibernating,0.832
15528,2011-08-09 11:58:00,2011-03-28 13:27:00,5,874.93,United Kingdom,123,133,174.99,0.0,1,3,3,3,Regular,0.998
15529,2011-07-26 12:23:00,2010-12-03 09:26:00,2,84.83,United Kingdom,137,235,42.42,0.0,1,2,2,1,Hibernating,0.967
15530,2011-04-25 14:01:00,2010-12-29 08:30:00,3,555.09,United Kingdom,229,117,185.03,0.0,1,1,2,2,Hibernating,0.998
15531,2011-08-06 15:14:00,2010-12-20 15:21:00,5,428.85,United Kingdom,126,228,85.77,0.0,1,3,3,2,Regular,0.967
15532,2011-06-18 11:50:00,2011-05-13 13:41:00,2,383.67,United Kingdom,175,35,191.84,0.0,1,2,2,2,Hibernating,0.998
15533,2011-08-29 07:32:00,2010-12-20 17:10:00,2,184.8,United Kingdom,103,251,92.4,0.0,1,3,2,1,Regular,0.4
15534,2011-03-08 14:49:00,2010-12-31 09:37:00,2,327.67,United Kingdom,277,67,163.84,0.0,1,1,2,2,Hibernating,0.998
15535,2011-05-20 09:55:00,2011-04-29 16:36:00,3,306.7,United Kingdom,204,20,102.23,0.0,1,2,2,2,Hibernating,0.998
15536,2011-03-23 09:52:00,2010-12-02 15:42:00,4,337.81,United Kingdom,262,110,84.45,0.0,1,1,2,2,Hibernating,0.998
15537,2011-06-01 11:51:00,2011-02-21 12:16:00,3,386.35,United Kingdom,192,99,128.78,0.0,1,2,2,2,Hibernating,0.998
15538,2011-06-30 10:49:00,2011-01-11 10:44:00,3,445.34,United Kingdom,163,170,148.45,0.0,1,2,2,2,Hibernating,0.998
15539,2011-06-01 07:49:00,2011-06-01 07:49:00,1,140.02,Ireland,192,0,140.02,0.0,1,2,1,1,Hibernating,0.832
15540,2011-03-30 12:33:00,2010-12-02 15:58:00,5,734.68,United Kingdom,255,117,146.94,0.0,1,1,3,3,Regular,0.998
15541,2011-02-16 17:19:00,2010-12-13 08:58:00,5,706.77,United Kingdom,297,65,141.35,0.0,1,1,3,3,Regular,0.998
15542,2011-07-12 10:33:00,2010-12-06 08:20:00,3,513.9,United Kingdom,151,218,171.3,0.0,1,2,2,2,Hibernating,0.95
15543,2011-08-09 13:51:00,2011-08-09 13:51:00,1,46.92,United Kingdom,123,0,46.92,0.0,1,3,1,1,Regular,0.832
15544,2011-04-15 19:13:00,2011-02-13 07:17:00,2,219.02,United Kingdom,239,61,109.51,0.0,1,1,2,1,Hibernating,0.998
15545,2011-06-21 17:42:00,2011-04-15 09:39:00,3,556.78,United Kingdom,172,67,185.59,0.1455,1,2,2,2,Hibernating,0.998
15546,2011-08-28 12:17:00,2010-12-10 14:48:00,5,795.93,Ireland,104,260,159.19,0.0,1,3,3,3,Regular,0.447
15547,2011-03-31 08:41:00,2010-12-07 19:49:00,3,185.09,United Kingdom,254,113,61.7,0.0,1,1,2,1,Hibernating,0.998
15548,2011-07-14 16:52:00,2011-02-05 18:31:00,3,424.92,United Kingdom,149,158,141.64,0.0,1,2,2,2,Hibernating,0.998
15549,2011-07-19 12:37:00,2011-04-27 10:33:00,4,550.59,United Kingdom,144,83,137.65,0.0,1,2,2,2,Hibernating,0.998
15550,2011-07-27 18:17:00,2010-12-18 19:16:00,2,248.86,United Kingdom,136,220,124.43,0.0,1,3,2,2,Regular,0.967
15551,2011-05-18 14:20:00,2010-12-09 10:15:00,5,529.43,United Kingdom,206,160,105.89,0.0,1,2,3,2,Regular,0.998
15552,2011-03-03 16:51:00,2011-03-03 16:51:00,1,158.86,United Kingdom,282,0,158.86,0.0,1,1,1,1,Hibernating,0.832
15553,2011-03-02 07:32:00,2011-01-19 12:03:00,5,767.94,United Kingdom,283,41,153.59,0.0,1,1,3,3,Regular,0.998
15554,2011-02-12 07:51:00,2010-12-27 16:36:00,2,171.07,Portugal,301,46,85.54,0.0,1,1,2,1,Hibernating,0.998
15555,2011-03-20 07:36:00,2010-12-11 13:54:00,3,585.65,United Kingdom,265,98,195.22,0.0,1,1,2,2,Hibernating,0.998
15556,2011-06-28 08:34:00,2011-06-28 08:34:00,1,271.45,United Kingdom,165,0,271.45,0.0,1,2,1,2,Hibernating,0.696
15557,2011-04-13 08:40:00,2011-01-18 09:46:00,3,438.03,Ireland,241,84,146.01,0.0,1,1,2,2,Hibernating,0.998
15559,2011-03-30 13:02:00,2010-12-29 09:33:00,2,203.53,Ireland,255,91,101.76,0.0,1,1,2,1,Hibernating,0.998
15560,2011-04-18 08:31:00,2010-12-24 12:24:00,4,691.94,United Kingdom,236,114,172.98,0.0,1,1,2,3,Hibernating,0.998
15561,2011-03-19 18:28:00,2010-12-17 09:44:00,4,580.0,United Kingdom,266,92,145.0,0.0,1,1,2,2,Hibernating,0.998
15562,2011-03-17 08:52:00,2011-02-14 16:03:00,2,281.48,France,268,30,140.74,0.0,1,1,2,2,Hibernating,0.998
15563,2011-03-04 09:28:00,2011-01-11 09:32:00,4,483.69,United Kingdom,281,51,120.92,0.0,1,1,2,2,Hibernating,0.998
15564,2011-06-07 07:43:00,2011-01-01 17:40:00,4,725.53,United Kingdom,186,156,181.38,0.0,1,2,2,3,Hibernating,0.998
15565,2011-08-29 11:55:00,2011-07-26 07:18:00,3,432.0,United Kingdom,103,34,144.0,0.0,1,3,2,2,Regular,0.998
15566,2011-02-09 09:59:00,2011-01-31 17:29:00,3,487.91,United Kingdom,304,8,162.64,0.2549,1,1,2,2,Hibernating,0.93
15567,2011-07-08 14:39:00,2011-04-30 14:11:00,4,412.16,United Kingdom,155,69,103.04,0.0,1,2,2,2,Hibernating,0.998
15568,2011-07-15 12:49:00,2011-07-15 12:49:00,1,103.37,Spain,148,0,103.37,0.0,1,2,1,1,Hibernating,0.832
15569,2011-08-26 10:57:00,2011-01-12 17:46:00,3,628.73,Belgium,106,225,209.58,0.0,1,3,2,2,Regular,0.95
15570,2011-08-21 18:32:00,2011-04-11 09:54:00,5,785.65,United Kingdom,111,132,157.13,0.0,1,3,3,3,Regular,0.998
15571,2011-07-29 11:02:00,2010-12-18 12:03:00,5,480.55,United Kingdom,134,222,96.11,0.0,1,3,3,2,Regular,0.967
15572,2011-05-14 11:41:00,2011-02-22 13:02:00,3,364.3,United Kingdom,210,80,121.43,0.0,1,2,2,2,Hibernating,0.998
15573,2011-03-01 15:25:00,2011-01-15 13:37:00,2,77.88,France,284,45,38.94,0.0,1,1,2,1,Hibernating,0.998
15574,2011-08-30 08:21:00,2010-12-31 16:44:00,4,604.41,Spain,102,241,151.1,0.0,1,3,2,2,Regular,0.95
15575,2011-03-04 10:22:00,2011-03-04 10:22:00,1,207.85,United Kingdom,281,0,207.85,0.0,1,1,1,1,Hibernating,0.832
15576,2011-05-24 19:47:00,2011-04-17 13:19:00,2,266.1,United Kingdom,200,37,133.05,0.0,1,2,2,2,Hibernating,0.998
15577,2011-06-16 07:08:00,2011-06-16 07:08:00,1,185.38,United Kingdom,177,0,185.38,0.0,1,2,1,1,Hibernating,0.832
15578,2011-07-02 11:15:00,2011-01-05 07:12:00,2,216.0,France,161,178,108.0,0.0,1,2,2,1,Hibernating,0.998
15579,2011-05-02 13:42:00,2010-12-06 12:27:00,5,783.12,United Kingdom,222,147,156.62,0.0,1,2,3,3,Regular,0.998
15580,2011-03-27 09:57:00,2010-12-05 14:43:00,5,918.67,United Kingdom,258,111,183.73,0.0,1,1,3,3,Regular,0.998
15581,2011-03-04 17:25:00,2010-12-18 16:31:00,5,653.06,France,281,76,130.61,0.0,1,1,3,3,Regular,0.998
15582,2011-07-29 08:05:00,2011-04-24 16:18:00,2,326.16,United Kingdom,134,95,163.08,0.0,1,3,2,2,Regular,0.998
15583,2011-03-14 12:10:00,2011-01-12 18:14:00,4,983.45,Germany,271,60,245.86,0.0,1,1,2,3,Hibernating,0.998
15584,2011-04-09 15:58:00,2011-04-09 15:58:00,1,63.38,Germany,245,0,63.38,0.0,1,1,1,1,Hibernating,0.832
15585,2011-02-18 13:52:00,2010-12-08 12:59:00,4,790.81,United Kingdom,295,72,197.7,0.0,1,1,2,3,Hibernating,0.998
15586,2011-06-30 07:01:00,2011-06-05 10:22:00,2,286.59,United Kingdom,163,24,143.29,0.0,1,2,2,2,Hibernating,0.998
15587,2011-07-01 17:05:00,2011-02-14 10:26:00,4,405.4,United Kingdom,162,137,101.35,0.0,1,2,2,2,Hibernating,0.998
15588,2011-05-02 17:40:00,2010-12-11 14:13:00,4,484.48,Spain,222,142,121.12,0.0,1,2,2,2,Hibernating,0.998
15589,2011-04-27 14:15:00,2011-04-06 17:57:00,2,519.2,Spain,227,20,259.6,0.0,1,1,2,2,Hibernating,0.998
15590,2011-05-01 07:54:00,2011-02-01 16:19:00,4,400.46,Belgium,223,88,100.12,0.0,1,2,2,2,Hibernating,0.998
15591,2011-08-07 14:24:00,2011-03-07 07:58:00,4,453.83,United Kingdom,125,153,113.46,0.0,1,3,2,2,Regular,0.998
15592,2011-07-05 10:18:00,2010-12-28 10:35:00,2,377.52,United Kingdom,158,188,188.76,0.0,1,2,2,2,Hibernating,0.998
15593,2011-08-26 15:10:00,2011-01-24 09:15:00,2,229.11,Germany,106,214,114.56,0.0,1,3,2,1,Regular,0.998
15594,2011-08-20 07:29:00,2010-12-02 11:23:00,3,212.32,Netherlands,112,260,70.77,0.0,1,3,2,1,Regular,0.4
15595,2011-04-24 13:38:00,2011-01-17 17:21:00,5,579.76,Germany,230,96,115.95,0.0,1,1,3,2,Regular,0.998
15596,2011-04-10 12:36:00,2010-12-02 18:56:00,4,507.44,Netherlands,244,128,126.86,0.0,1,1,2,2,Hibernating,0.998
15597,2011-08-09 18:59:00,2011-01-04 09:14:00,5,415.91,United Kingdom,123,217,83.18,0.0,1,3,3,2,Regular,0.998
15598,2011-08-14 14:46:00,2011-04-19 15:34:00,3,430.77,United Kingdom,118,116,143.59,0.0,1,3,2,2,Regular,0.998
15599,2011-06-02 14:42:00,2011-06-02 14:42:00,1,210.2,United Kingdom,191,0,210.2,0.0,1,2,1,1,Hibernating,1.0
15600,2011-02-17 16:36:00,2011-01-24 16:59:00,2,300.24,United Kingdom,296,23,150.12,0.0,1,1,2,2,Hibernating,0.998
15601,2011-05-16 15:22:00,2011-05-16 15:22:00,1,137.48,United Kingdom,208,0,137.48,0.0,1,2,1,1,Hibernating,0.832
15602,2011-03-11 07:52:00,2010-12-07 13:25:00,4,675.49,Portugal,274,93,168.87,0.0,1,1,2,3,Hibernating,0.998
15603,2011-05-14 09:30:00,2011-04-05 18:22:00,4,680.68,Ireland,210,38,170.17,0.0,1,2,2,3,Hibernating,0.998
15604,2011-02-18 11:10:00,2010-12-04 07:18:00,5,750.98,Ireland,295,76,150.2,0.0,1,1,3,3,Regular,0.998
15605,2011-03-20 18:13:00,2011-01-30 14:15:00,2,253.19,United Kingdom,265,49,126.6,0.0,1,1,2,2,Hibernating,0.998
15606,2011-04-03 11:11:00,2010-12-02 18:14:00,3,640.87,United Kingdom,251,121,213.62,0.0,1,1,2,2,Hibernating,0.998
15607,2011-07-08 17:34:00,2010-12-26 14:08:00,4,565.74,United Kingdom,155,194,141.44,0.0,1,2,2,2,Hibernating,0.998
15608,2011-03-31 18:24:00,2010-12-28 08:16:00,5,485.55,Ireland,254,93,97.11,0.0,1,1,3,2,Regular,0.998
15609,2011-03-03 07:17:00,2011-02-14 09:27:00,2,329.49,United Kingdom,282,16,164.74,0.1875,1,1,2,2,Hibernating,0.93
15610,2011-02-22 14:09:00,2010-12-08 10:23:00,5,703.38,United Kingdom,291,76,140.68,0.0,1,1,3,3,Regular,0.998
15611,2011-05-23 07:51:00,2010-12-11 13:18:00,2,382.52,United Kingdom,201,162,191.26,0.0,1,2,2,2,Hibernating,0.998
15612,2011-05-14 16:07:00,2010-12-13 07:34:00,5,231.4,Germany,210,152,46.28,0.0,1,2,3,1,Regular,0.998
15613,2011-04-03 17:53:00,2010-12-13 11:01:00,3,544.52,Ireland,251,111,181.51,0.0,1,1,2,2,Hibernating,0.998
15614,2011-04-06 18:35:00,2010-12-10 12:03:00,4,672.99,United Kingdom,248,117,168.25,0.0,1,1,2,3,Hibernating,0.998
15615,2011-03-19 17:58:00,2010-12-06 14:38:00,5,984.45,United Kingdom,266,103,196.89,0.0,1,1,3,3,Regular,0.998
15616,2011-03-15 16:48:00,2010-12-26 15:50:00,4,768.25,United Kingdom,270,79,192.06,0.2184,1,1,2,3,Hibernating,0.93
15617,2011-04-05 16:03:00,2011-01-06 19:22:00,4,857.09,France,249,88,214.27,0.0,1,1,2,3,Hibernating,0.998
15618,2010-12-08 07:40:00,2010-12-08 07:40:00,1,220.3,United Kingdom,367,0,220.3,0.3226,1,1,1,1,Hibernating,1.0
15619,2011-08-27 17:21:00,2010-12-06 19:57:00,3,237.45,United Kingdom,105,263,79.15,0.0,1,3,2,1,Regular,0.1
15620,2011-05-17 16:28:00,2010-12-06 11:49:00,3,345.86,Netherlands,207,162,115.29,0.0,1,2,2,2,Hibernating,0.998
15621,2011-05-06 08:03:00,2010-12-09 17:13:00,3,293.79,United Kingdom,218,147,97.93,0.0,1,2,2,2,Hibernating,0.998
15622,2011-02-25 13:49:00,2010-12-30 15:05:00,4,455.06,United Kingdom,288,56,113.76,0.0952,1,1,2,2,Hibernating,0.998
15623,2011-06-08 17:33:00,2011-03-15 12:12:00,4,484.52,United Kingdom,185,85,121.13,0.0,1,2,2,2,Hibernating,0.998
15624,2011-04-19 07:13:00,2010-12-10 17:45:00,5,730.15,United Kingdom,235,129,146.03,0.0,1,1,3,3,Regular,0.998
15625,2011-05-30 18:25:00,2011-05-30 18:25:00,1,264.17,United Kingdom,194,0,264.17,0.0,1,2,1,2,Hibernating,0.696
15626,2011-08-08 13:33:00,2011-03-11 13:54:00,2,393.11,Ireland,124,149,196.56,0.0,1,3,2,2,Regular,0.998
15627,2011-07-30 11:42:00,2011-05-13 07:42:00,3,524.31,Ireland,133,78,174.77,0.0,1,3,2,2,Regular,0.998
15628,2011-06-28 15:17:00,2011-06-28 15:17:00,1,238.69,United Kingdom,165,0,238.69,0.0,1,2,1,1,Hibernating,0.696
15629,2011-08-18 10:36:00,2011-08-18 10:36:00,1,91.26,Germany,114,0,91.26,0.0,1,3,1,1,Regular,0.832
15630,2011-07-31 19:09:00,2011-02-26 18:17:00,4,684.5,United Kingdom,132,155,171.12,0.0,1,3,2,3,Regular,0.998
15631,2011-08-29 14:44:00,2011-01-09 07:35:00,4,653.45,United Kingdom,103,232,163.36,0.0,1,3,2,3,Regular,0.95
15632,2011-05-11 15:43:00,2011-02-04 18:01:00,2,215.06,Spain,213,95,107.53,0.0,1,2,2,1,Hibernating,0.998
15633,2011-07-20 12:42:00,2010-12-26 11:01:00,3,671.98,United Kingdom,143,206,223.99,0.0,1,2,2,3,Hibernating,0.998
15634,2011-04-18 07:44:00,2011-04-18 07:44:00,1,22.14,United Kingdom,236,0,22.14,0.0,1,1,1,1,Hibernating,0.832
15635,2011-04-26 11:43:00,2011-04-06 13:43:00,3,362.01,United Kingdom,228,19,120.67,0.0,1,1,2,2,Hibernating,0.998
15636,2011-03-11 12:19:00,2010-12-16 19:07:00,3,506.61,United Kingdom,274,84,168.87,0.0,1,1,2,2,Hibernating,0.998
15637,2011-03-25 17:15:00,2011-03-25 17:15:00,1,336.78,United Kingdom,260,0,336.78,0.0,1,1,1,2,Hibernating,0.827
15638,2011-08-29 16:02:00,2011-01-15 07:44:00,5,642.03,United Kingdom,103,226,128.41,0.0,1,3,3,3,Regular,0.967
15639,2011-05-29 14:03:00,2011-02-21 17:11:00,4,605.07,United Kingdom,195,96,151.27,0.0,1,2,2,2,Hibernating,0.998
15640,2011-01-27 17:09:00,2011-01-04 16:48:00,2,164.72,United Kingdom,317,23,82.36,0.4242,1,1,2,1,Hibernating,0.93
15641,2011-05-05 09:18:00,2011-02-05 11:37:00,3,312.36,United Kingdom,219,88,104.12,0.0,1,2,2,2,Hibernating,0.998
15642,2011-06-28 08:22:00,2011-05-19 16:52:00,2,590.16,Ireland,165,39,295.08,0.0,1,2,2,2,Hibernating,0.998
15643,2011-03-17 10:43:00,2010-12-14 14:44:00,3,136.49,United Kingdom,268,92,45.5,0.0,1,1,2,1,Hibernating,0.998
15644,2011-07-24 09:47:00,2011-07-24 09:47:00,1,60.8,Ireland,139,0,60.8,0.0,1,2,1,1,Hibernating,0.832
15645,2011-08-26 07:19:00,2011-03-10 15:06:00,2,223.54,United Kingdom,106,168,111.77,0.0,1,3,2,1,Regular,0.998
15646,2011-05-20 17:53:00,2011-04-17 16:31:00,3,415.23,United Kingdom,204,33,138.41,0.0,1,2,2,2,Hibernating,0.998
15647,2011-07-18 18:36:00,2011-07-06 13:43:00,2,156.67,United Kingdom,145,12,78.33,0.0,1,2,2,1,Hibernating,0.998
15648,2011-01-06 07:52:00,2011-01-06 07:52:00,1,73.47,United Kingdom,338,0,73.47,0.7576,1,1,1,1,Hibernating,0.832
15649,2011-05-27 08:07:00,2010-12-01 09:11:00,5,888.19,Ireland,197,176,177.64,0.0,1,2,3,3,Regular,0.998
15650,2011-07-13 12:59:00,2011-03-10 11:32:00,2,318.48,United Kingdom,150,125,159.24,0.0,1,2,2,2,Hibernating,0.998
15651,2011-04-06 07:24:00,2010-12-06 19:11:00,5,770.12,United Kingdom,248,120,154.02,0.0,1,1,3,3,Regular,0.998
15652,2011-05-23 19:41:00,2011-02-08 14:48:00,3,505.66,United Kingdom,201,104,168.55,0.0,1,2,2,2,Hibernating,0.998
15653,2011-08-12 10:05:00,2010-12-03 15:31:00,3,193.3,United Kingdom,120,251,64.43,0.0,1,3,2,1,Regular,0.4
15654,2011-04-19 18:15:00,2011-01-22 12:19:00,4,391.09,United Kingdom,235,87,97.77,0.0,1,1,2,2,Hibernating,0.998
15655,2011-03-09 07:44:00,2011-01-09 18:51:00,5,553.81,United Kingdom,276,58,110.76,0.0,1,1,3,2,Regular,0.998
15656,2011-06-25 09:46:00,2011-01-16 16:13:00,4,320.75,United Kingdom,168,159,80.19,0.0,1,2,2,2,Hibernating,0.998
15657,2011-06-18 14:34:00,2011-03-30 11:54:00,4,904.1,United Kingdom,175,80,226.02,0.0,1,2,2,3,Hibernating,0.998
15658,2011-07-02 18:02:00,2010-12-17 14:22:00,3,650.03,Ireland,161,197,216.68,0.1818,1,2,2,3,Hibernating,0.93
15659,2011-08-08 11:32:00,2011-08-08 11:32:00,1,282.23,United Kingdom,124,0,282.23,0.0,1,3,1,2,Regular,0.827
15660,2011-07-05 17:50:00,2011-03-02 11:20:00,5,1063.31,United Kingdom,158,125,212.66,0.0,1,2,3,3,Regular,0.998
15661,2011-07-22 10:50:00,2010-12-03 09:47:00,2,370.06,United Kingdom,141,231,185.03,0.0,1,2,2,2,Hibernating,0.95
15662,2011-04-13 16:01:00,2011-04-13 16:01:00,1,102.39,Portugal,241,0,102.39,0.0,1,1,1,1,Hibernating,0.832
15663,2011-08-17 18:25:00,2011-06-11 17:57:00,3,240.58,United Kingdom,115,67,80.19,0.0,1,3,2,1,Regular,0.998
15664,2011-07-09 13:59:00,2011-01-12 10:57:00,4,608.38,United Kingdom,154,178,152.1,0.0196,1,2,2,2,Hibernating,0.998
15665,2011-03-28 18:08:00,2011-02-15 16:34:00,5,575.26,Germany,257,41,115.05,0.0,1,1,3,2,Regular,0.998
15666,2011-07-08 11:07:00,2010-12-03 16:22:00,5,656.9,United Kingdom,155,216,131.38,0.0,1,2,3,3,Regular,0.998
15667,2011-02-14 14:19:00,2011-02-09 18:03:00,2,328.72,United Kingdom,299,4,164.36,0.2162,1,1,2,2,Hibernating,0.93
15668,2011-08-29 09:34:00,2010-12-17 10:49:00,5,494.75,United Kingdom,103,254,98.95,0.0,1,3,3,2,Regular,0.4
15669,2011-08-11 10:56:00,2010-12-04 14:15:00,5,647.34,Spain,121,249,129.47,0.0,1,3,3,3,Regular,0.4
15670,2011-04-19 11:36:00,2011-02-06 13:48:00,2,218.8,France,235,71,109.4,0.0,1,1,2,1,Hibernating,0.998
15671,2011-08-06 12:19:00,2011-05-01 09:12:00,3,627.39,United Kingdom,126,97,209.13,0.0,1,3,2,2,Regular,0.998
15672,2011-07-20 09:57:00,2011-06-12 13:16:00,3,356.86,United Kingdom,143,37,118.95,0.0,1,2,2,2,Hibernating,0.998
15673,2011-05-01 16:27:00,2010-12-29 10:45:00,3,337.41,United Kingdom,223,123,112.47,0.0,1,2,2,2,Hibernating,0.998
15674,2011-07-10 12:18:00,2010-12-24 15:38:00,3,708.66,United Kingdom,153,197,236.22,0.0,1,2,2,3,Hibernating,0.998
15675,2011-02-20 17:40:00,2011-02-20 17:40:00,1,173.06,United Kingdom,293,0,173.06,0.0,1,1,1,1,Hibernating,0.832
15676,2011-06-14 08:12:00,2011-05-04 07:29:00,3,524.06,Ireland,179,41,174.69,0.0,1,2,2,2,Hibernating,0.998
15677,2011-07-08 07:24:00,2011-02-11 16:59:00,2,335.91,France,155,146,167.96,0.0,1,2,2,2,Hibernating,0.998
15678,2011-05-27 14:36:00,2011-03-03 13:10:00,3,392.95,United Kingdom,197,85,130.98,0.0,1,2,2,2,Hibernating,0.998
15679,2011-03-16 16:37:00,2011-03-16 16:37:00,1,43.85,United Kingdom,269,0,43.85,0.0,1,1,1,1,Hibernating,0.832
15680,2011-08-14 12:07:00,2011-02-10 14:01:00,4,453.53,United Kingdom,118,184,113.38,0.0,1,3,2,2,Regular,0.998
15681,2011-08-24 10:32:00,2011-08-24 10:32:00,1,345.31,France,108,0,345.31,0.0,1,3,1,2,Regular,0.827
15682,2011-04-30 14:51:00,2010-12-15 10:48:00,4,348.44,United Kingdom,224,136,87.11,0.0,1,1,2,2,Hibernating,0.998
15683,2011-08-23 10:44:00,2010-12-19 07:48:00,2,279.33,United Kingdom,109,247,139.66,0.5,1,3,2,2,Regular,0.4
15684,2011-02-14 16:17:00,2010-12-03 15:18:00,5,894.26,United Kingdom,299,73,178.85,0.0,1,1,3,3,Regular,0.998
15685,2011-05-17 08:57:00,2011-04-05 19:03:00,2,330.33,United Kingdom,207,41,165.16,0.0,1,2,2,2,Hibernating,0.998
15686,2011-05-27 12:58:00,2010-12-08 07:28:00,3,228.1,United Kingdom,197,170,76.03,0.0,1,2,2,1,Hibernating,0.998
15687,2011-03-18 09:20:00,2010-12-03 10:16:00,5,398.2,United Kingdom,267,104,79.64,0.0,1,1,3,2,Regular,0.998
15688,2011-08-04 08:35:00,2011-01-30 12:52:00,3,479.11,United Kingdom,128,185,159.7,0.0,1,3,2,2,Regular,0.998
15689,2011-05-13 09:19:00,2010-12-11 11:18:00,3,381.38,United Kingdom,211,152,127.13,0.0,1,2,2,2,Hibernating,0.998
15690,2011-05-31 12:16:00,2011-01-23 09:20:00,3,356.49,Germany,193,128,118.83,0.0,1,2,2,2,Hibernating,0.998
15691,2011-03-08 09:20:00,2011-03-08 09:20:00,1,256.77,Ireland,277,0,256.77,0.4643,1,1,1,2,Hibernating,0.696
15692,2011-05-29 15:35:00,2011-03-01 08:01:00,3,335.43,Ireland,195,89,111.81,0.0,1,2,2,2,Hibernating,0.998
15693,2011-04-26 16:36:00,2011-01-23 15:38:00,5,549.06,United Kingdom,228,93,109.81,0.0,1,1,3,2,Regular,0.998
15694,2011-05-07 09:44:00,2010-12-06 12:11:00,5,697.48,United Kingdom,217,151,139.5,0.0,1,2,3,3,Regular,0.998
15695,2011-06-12 11:08:00,2011-06-12 11:08:00,1,67.3,United Kingdom,181,0,67.3,0.0,1,2,1,1,Hibernating,0.832
15696,2011-02-14 07:40:00,2010-12-26 11:26:00,3,368.58,United Kingdom,299,49,122.86,0.0,1,1,2,2,Hibernating,0.998
15697,2011-02-21 15:41:00,2011-01-07 19:44:00,3,75.36,United Kingdom,292,44,25.12,0.7317,1,1,2,1,Hibernating,0.93
15698,2011-02-13 15:02:00,2010-12-02 08:03:00,2,297.65,United Kingdom,300,73,148.82,0.0,1,1,2,2,Hibernating,0.998
15699,2011-05-16 07:56:00,2011-01-24 14:54:00,3,459.03,Portugal,208,111,153.01,0.0,1,2,2,2,Hibernating,0.998
15700,2011-06-09 13:13:00,2011-02-22 12:02:00,2,252.55,Germany,184,107,126.28,0.0,1,2,2,2,Hibernating,0.998
15701,2011-05-16 12:41:00,2011-03-22 17:53:00,3,417.09,Ireland,208,54,139.03,0.0,1,2,2,2,Hibernating,0.998
15702,2011-07-24 07:13:00,2011-04-29 16:44:00,3,348.75,United Kingdom,139,85,116.25,0.0,1,2,2,2,Hibernating,0.998
15703,2011-06-04 08:54:00,2011-03-22 12:45:00,2,222.79,France,189,73,111.4,0.0,1,2,2,1,Hibernating,0.998
15704,2011-06-16 14:07:00,2011-01-04 12:13:00,3,602.82,United Kingdom,177,163,200.94,0.0,1,2,2,2,Hibernating,0.998
15705,2011-05-27 09:28:00,2011-01-13 07:33:00,4,835.13,Spain,197,134,208.78,0.0,1,2,2,3,Hibernating,0.998
15706,2011-05-28 13:38:00,2011-05-28 13:38:00,1,41.1,United Kingdom,196,0,41.1,0.0,1,2,1,1,Hibernating,0.832
15707,2011-04-12 07:37:00,2011-02-22 11:36:00,3,189.35,United Kingdom,242,48,63.12,0.0,1,1,2,1,Hibernating,0.998
15708,2011-05-24 13:43:00,2010-12-29 13:55:00,5,880.91,United Kingdom,200,145,176.18,0.0,1,2,3,3,Regular,0.998
15709,2011-05-25 08:17:00,2011-01-16 18:20:00,2,321.58,United Kingdom,199,128,160.79,0.0,1,2,2,2,Hibernating,0.998
15710,2011-07-09 10:44:00,2011-02-14 15:38:00,2,538.52,United Kingdom,154,144,269.26,0.0,1,2,2,2,Hibernating,0.998
15711,2011-07-12 15:33:00,2011-03-10 09:05:00,3,610.5,United Kingdom,151,124,203.5,0.0,1,2,2,2,Hibernating,0.998
15712,2011-07-30 14:34:00,2011-05-06 14:08:00,4,953.59,United Kingdom,133,85,238.4,0.0,1,3,2,3,Regular,0.998
15713,2011-07-31 08:31:00,2010-12-25 12:34:00,2,270.22,United Kingdom,132,217,135.11,0.0,1,3,2,2,Regular,0.998
15714,2011-03-09 12:53:00,2011-01-14 15:32:00,3,469.97,United Kingdom,276,53,156.66,0.0,1,1,2,2,Hibernating,0.998
15715,2011-06-24 12:28:00,2010-12-08 08:45:00,4,637.55,United Kingdom,169,198,159.39,0.0,1,2,2,2,Hibernating,0.998
15716,2011-04-18 09:25:00,2011-01-04 14:42:00,4,607.9,Germany,236,103,151.98,0.0,1,1,2,2,Hibernating,0.998
15717,2011-06-23 11:22:00,2011-06-23 11:22:00,1,5.12,United Kingdom,170,0,5.12,0.0,1,2,1,1,Hibernating,0.832
15718,2011-06-07 14:18:00,2010-12-03 08:06:00,3,474.48,France,186,186,158.16,0.0,1,2,2,2,Hibernating,0.998
15719,2011-06-26 08:26:00,2011-01-19 17:29:00,4,438.74,United Kingdom,167,157,109.68,0.0,1,2,2,2,Hibernating,0.998
15720,2011-05-05 11:59:00,2010-12-26 08:28:00,4,591.09,United Kingdom,219,130,147.77,0.0,1,2,2,2,Hibernating,0.998
15721,2011-07-25 15:57:00,2011-01-02 08:42:00,2,239.79,United Kingdom,138,204,119.9,0.0,1,2,2,1,Hibernating,0.998
15722,2011-07-30 15:00:00,2011-05-23 14:57:00,2,503.51,Germany,133,68,251.76,0.0,1,3,2,2,Regular,0.998
15723,2011-07-25 10:49:00,2011-01-26 16:18:00,3,356.89,United Kingdom,138,179,118.96,0.0,1,2,2,2,Hibernating,0.998
15724,2011-04-09 07:53:00,2011-03-31 17:50:00,3,548.44,United Kingdom,245,8,182.81,0.0,1,1,2,2,Hibernating,0.998
15725,2011-02-19 07:38:00,2010-12-28 10:06:00,5,516.39,United Kingdom,294,52,103.28,0.0,1,1,3,2,Regular,0.998
15726,2011-07-12 11:46:00,2011-02-11 19:09:00,5,531.05,United Kingdom,151,150,106.21,0.0,1,2,3,2,Regular,0.998
15727,2011-05-11 09:04:00,2011-03-01 10:27:00,2,172.95,United Kingdom,213,70,86.48,0.0,1,2,2,1,Hibernating,0.998
15728,2011-07-25 09:55:00,2011-07-25 09:55:00,1,137.5,United Kingdom,138,0,137.5,0.0,1,2,1,1,Hibernating,0.832
15729,2011-08-25 17:44:00,2011-01-14 10:48:00,3,629.74,United Kingdom,107,223,209.91,0.0,1,3,2,2,Regular,0.95
15730,2011-08-25 10:13:00,2011-05-28 16:38:00,3,518.27,United Kingdom,107,88,172.76,0.0,1,3,2,2,Regular,0.998
15731,2011-04-26 17:46:00,2011-01-07 16:38:00,4,737.02,United Kingdom,228,109,184.26,0.0,1,1,2,3,Hibernating,0.998
15732,2011-07-23 14:33:00,2011-07-23 14:33:00,1,66.91,United Kingdom,140,0,66.91,0.0,1,2,1,1,Hibernating,0.832
15733,2011-05-09 19:49:00,2010-12-25 19:18:00,3,198.75,Germany,215,135,66.25,0.0,1,2,2,1,Hibernating,0.998
15734,2011-07-17 19:29:00,2010-12-20 14:27:00,4,428.77,Ireland,146,209,107.19,0.0,1,2,2,2,Hibernating,0.998
15735,2011-06-19 09:20:00,2011-02-14 18:40:00,4,798.75,Ireland,174,124,199.69,0.0,1,2,2,3,Hibernating,0.998
15736,2011-03-26 15:29:00,2010-12-03 11:06:00,3,565.86,United Kingdom,259,113,188.62,0.0,1,1,2,2,Hibernating,0.998
15737,2011-07-07 11:12:00,2011-02-26 19:17:00,3,303.1,United Kingdom,156,130,101.03,0.0,1,2,2,2,Hibernating,0.998
15738,2011-05-05 16:05:00,2010-12-07 18:17:00,2,194.49,Ireland,219,148,97.24,0.0,1,2,2,1,Hibernating,0.998
15739,2011-03-02 10:19:00,2010-12-12 17:52:00,4,460.28,Germany,283,79,115.07,0.0,1,1,2,2,Hibernating,0.998
15740,2011-05-16 10:28:00,2011-01-22 18:58:00,3,611.27,Germany,208,113,203.76,0.0,1,2,2,2,Hibernating,0.998
15741,2011-08-03 19:56:00,2011-01-30 17:05:00,3,437.65,Netherlands,128,185,145.88,0.0,1,3,2,2,Regular,0.998
15742,2011-03-26 07:13:00,2010-12-28 14:37:00,3,295.0,United Kingdom,259,87,98.33,0.0,1,1,2,2,Hibernating,0.998
15743,2011-03-29 09:31:00,2011-03-16 16:59:00,5,452.42,France,256,12,90.48,0.0,1,1,3,2,Regular,0.998
15744,2011-03-18 13:53:00,2011-01-11 11:43:00,4,466.47,United Kingdom,267,66,116.62,0.0,1,1,2,2,Hibernating,0.998
15745,2011-06-21 18:19:00,2011-03-23 07:27:00,2,208.77,United Kingdom,172,90,104.38,0.0,1,2,2,1,Hibernating,0.998
15746,2011-08-23 10:21:00,2011-02-18 14:07:00,3,505.54,United Kingdom,109,185,168.51,0.0,1,3,2,2,Regular,0.998
15747,2011-02-08 14:30:00,2011-02-08 14:30:00,1,123.51,United Kingdom,305,0,123.51,0.6061,1,1,1,1,Hibernating,0.832
15748,2011-04-26 10:00:00,2010-12-11 18:56:00,3,485.58,Netherlands,228,135,161.86,0.0,1,1,2,2,Hibernating,0.998
15749,2011-03-18 18:01:00,2011-02-09 07:41:00,2,415.06,France,267,37,207.53,0.3043,1,1,2,2,Hibernating,0.93
15750,2011-07-25 19:42:00,2011-02-28 18:38:00,3,325.15,Ireland,138,147,108.38,0.1316,1,2,2,2,Hibernating,0.998
15751,2011-05-14 09:15:00,2011-01-17 18:35:00,4,401.41,United Kingdom,210,116,100.35,0.0,1,2,2,2,Hibernating,0.998
15752,2011-06-15 10:05:00,2010-12-12 19:36:00,5,540.64,United Kingdom,178,184,108.13,0.0,1,2,3,2,Regular,0.998
15753,2011-03-10 07:12:00,2010-12-01 18:40:00,4,570.7,United Kingdom,275,98,142.68,0.0,1,1,2,2,Hibernating,0.998
15754,2011-08-13 09:58:00,2011-02-11 17:25:00,5,815.66,United Kingdom,119,182,163.13,0.0,1,3,3,3,Regular,0.998
15755,2011-03-22 09:20:00,2010-12-15 10:51:00,3,317.36,Ireland,263,96,105.79,0.0,1,1,2,2,Hibernating,0.998
15756,2011-06-01 09:10:00,2010-12-03 12:52:00,4,285.92,United Kingdom,192,179,71.48,0.0,1,2,2,2,Hibernating,0.998
15757,2011-02-13 15:40:00,2011-02-02 09:34:00,2,400.41,France,300,11,200.2,0.0,1,1,2,2,Hibernating,0.998
15758,2011-06-09 14:42:00,2011-06-09 14:42:00,1,162.58,United Kingdom,184,0,162.58,0.0,1,2,1,1,Hibernating,0.832
15759,2011-06-19 08:58:00,2011-06-19 08:58:00,1,166.62,United Kingdom,174,0,166.62,0.0,1,2,1,1,Hibernating,0.832
15760,2011-04-16 11:32:00,2010-12-14 17:25:00,4,327.95,United Kingdom,238,122,81.99,0.3333,1,1,2,2,Hibernating,0.93
15761,2011-04-28 15:33:00,2010-12-03 13:41:00,4,650.01,United Kingdom,226,146,162.5,0.0,1,1,2,3,Hibernating,0.998
15762,2011-07-29 15:21:00,2010-12-15 12:43:00,5,446.33,Portugal,134,226,89.27,0.0,1,3,3,2,Regular,0.967
15763,2011-04-02 16:30:00,2011-02-08 17:12:00,5,508.45,Ireland,252,52,101.69,0.0,1,1,3,2,Regular,0.998
15764,2011-03-21 19:51:00,2011-01-01 08:22:00,5,813.57,Ireland,264,79,162.71,0.0,1,1,3,3,Regular,0.998
15765,2011-05-04 12:25:00,2011-02-07 08:36:00,2,176.62,United Kingdom,220,86,88.31,0.0,1,2,2,1,Hibernating,0.998
15766,2011-02-26 13:04:00,2010-12-19 11:31:00,2,88.83,Germany,287,69,44.42,0.0,1,1,2,1,Hibernating,0.998
15767,2011-04-07 09:36:00,2011-01-23 08:42:00,5,873.23,United Kingdom,247,74,174.65,0.0,1,1,3,3,Regular,0.998
15768,2011-06-06 19:26:00,2011-06-06 19:26:00,1,236.8,United Kingdom,187,0,236.8,0.0,1,2,1,1,Hibernating,0.696
15769,2011-05-19 14:17:00,2011-02-07 15:15:00,4,625.94,United Kingdom,205,100,156.49,0.0,1,2,2,2,Hibernating,0.998
15770,2011-08-21 11:42:00,2010-12-22 16:37:00,3,596.97,Ireland,111,241,198.99,0.3294,1,3,2,2,Regular,0.95
15771,2011-07-23 15:29:00,2011-01-13 19:38:00,4,760.58,United Kingdom,140,190,190.14,0.0,1,2,2,3,Hibernating,0.998
15772,2011-02-13 18:19:00,2010-12-08 16:32:00,2,264.78,United Kingdom,300,67,132.39,0.0,1,1,2,2,Hibernating,0.998
15773,2011-07-21 16:42:00,2011-07-21 16:42:00,1,130.06,Ireland,142,0,130.06,0.0,1,2,1,1,Hibernating,0.832
15774,2011-06-08 08:40:00,2011-06-08 08:40:00,1,13.59,United Kingdom,185,0,13.59,0.0,1,2,1,1,Hibernating,0.832
15775,2011-02-18 07:43:00,2011-01-31 13:07:00,4,706.25,United Kingdom,295,17,176.56,0.0,1,1,2,3,Hibernating,0.998
15776,2011-04-13 18:36:00,2011-04-13 18:36:00,1,147.8,United Kingdom,241,0,147.8,0.0,1,1,1,1,Hibernating,0.832
15777,2011-06-13 13:15:00,2011-03-08 12:41:00,4,592.01,United Kingdom,180,97,148.0,0.0,1,2,2,2,Hibernating,0.998
15778,2011-05-10 11:01:00,2010-12-07 07:50:00,5,490.19,Belgium,214,154,98.04,0.0,1,2,3,2,Regular,0.998
15779,2011-07-06 10:53:00,2010-12-10 15:12:00,5,562.22,United Kingdom,157,207,112.44,0.0,1,2,3,2,Regular,0.998
15780,2011-08-13 12:33:00,2011-08-13 12:33:00,1,26.38,United Kingdom,119,0,26.38,0.0,1,3,1,1,Regular,0.832
15781,2011-08-29 08:18:00,2011-02-26 19:00:00,4,544.13,United Kingdom,103,183,136.03,0.0,1,3,2,2,Regular,0.998
15782,2011-02-08 09:03:00,2011-02-08 09:03:00,1,102.81,United Kingdom,305,0,102.81,0.5,1,1,1,1,Hibernating,0.832
15783,2011-03-13 16:05:00,2011-03-13 16:05:00,1,130.9,United Kingdom,272,0,130.9,0.0,1,1,1,1,Hibernating,0.832
15784,2011-02-21 19:37:00,2011-02-21 19:37:00,1,365.31,United Kingdom,292,0,365.31,0.0,1,1,1,2,Hibernating,0.827
15785,2011-04-07 07:16:00,2011-01-21 11:45:00,2,392.49,United Kingdom,247,75,196.24,0.0,1,1,2,2,Hibernating,0.998
15786,2011-03-16 17:30:00,2011-02-07 12:41:00,3,340.2,United Kingdom,269,37,113.4,0.0,1,1,2,2,Hibernating,0.998
15787,2011-07-31 09:09:00,2011-01-11 17:16:00,3,410.33,United Kingdom,132,200,136.78,0.0,1,3,2,2,Regular,0.998
15788,2011-04-19 07:52:00,2011-04-19 07:52:00,1,236.83,Germany,235,0,236.83,0.0,1,1,1,1,Hibernating,0.696
15789,2011-04-11 18:16:00,2011-04-11 18:16:00,1,246.13,United Kingdom,243,0,246.13,0.4706,1,1,1,2,Hibernating,0.696
15790,2011-08-04 13:34:00,2010-12-11 14:50:00,5,774.76,United Kingdom,128,235,154.95,0.0,1,3,3,3,Regular,0.95
15791,2011-12-01 19:54:00,2011-12-01 19:54:00,1,111.61,Germany,9,0,111.61,0.0,0,5,1,1,New / Low Engagement,0.832
15793,2011-04-15 13:45:00,2011-04-15 13:45:00,1,160.32,France,239,0,160.32,0.0,1,1,1,1,Hibernating,0.832
15794,2011-09-26 08:57:00,2011-09-26 08:57:00,1,221.21,Portugal,75,0,221.21,0.0,0,3,1,1,Regular,0.696
15795,2011-01-22 16:25:00,2011-01-22 16:25:00,1,134.2,Ireland,322,0,134.2,0.0,1,1,1,1,Hibernating,0.832
15796,2011-08-24 12:36:00,2011-08-24 12:36:00,1,248.63,United Kingdom,108,0,248.63,0.0,1,3,1,2,Regular,0.696
15797,2010-12-06 09:25:00,2010-12-06 09:25:00,1,279.28,United Kingdom,369,0,279.28,0.0,1,1,1,2,Hibernating,0.827
15798,2010-12-14 12:14:00,2010-12-14 12:14:00,1,164.43,Netherlands,361,0,164.43,0.0,1,1,1,1,Hibernating,0.832
15799,2011-03-01 16:40:00,2011-03-01 16:40:00,1,289.98,United Kingdom,284,0,289.98,0.0,1,1,1,2,Hibernating,0.827
15800,2011-08-05 08:06:00,2011-08-05 08:06:00,1,108.66,United Kingdom,127,0,108.66,0.0,1,3,1,1,Regular,0.832
15801,2010-12-03 12:08:00,2010-12-03 12:08:00,1,187.08,United Kingdom,372,0,187.08,0.0,1,1,1,1,Hibernating,0.832
15802,2011-01-15 13:42:00,2011-01-15 13:42:00,1,341.5,United Kingdom,329,0,341.5,0.0,1,1,1,2,Hibernating,0.827
15803,2010-12-25 14:30:00,2010-12-25 14:30:00,1,298.76,United Kingdom,350,0,298.76,0.0,1,1,1,2,Hibernating,0.827
15804,2011-09-27 14:13:00,2011-09-27 14:13:00,1,18.01,United Kingdom,74,0,18.01,0.0,0,3,1,1,Regular,0.832
15805,2011-03-29 18:50:00,2011-03-29 18:50:00,1,134.42,Germany,256,0,134.42,0.0,1,1,1,1,Hibernating,0.832
15806,2011-05-31 09:23:00,2011-05-31 09:23:00,1,103.73,United Kingdom,193,0,103.73,0.0,1,2,1,1,Hibernating,0.832
15807,2011-03-03 16:38:00,2011-03-03 16:38:00,1,52.71,Ireland,282,0,52.71,0.0,1,1,1,1,Hibernating,0.832
15808,2011-10-29 15:20:00,2011-10-29 15:20:00,1,174.92,United Kingdom,42,0,174.92,0.0,0,3,1,1,Regular,0.832
15809,2011-04-24 15:49:00,2011-04-24 15:49:00,1,259.96,United Kingdom,230,0,259.96,0.0,1,1,1,2,Hibernating,0.696
15810,2011-10-16 10:39:00,2011-10-16 10:39:00,1,420.87,United Kingdom,55,0,420.87,0.0,0,3,1,2,Regular,0.827
15811,2011-02-15 08:46:00,2011-02-15 08:46:00,1,166.93,United Kingdom,298,0,166.93,0.0,1,1,1,1,Hibernating,0.832
15812,2011-09-07 19:47:00,2011-09-07 19:47:00,1,225.45,Germany,94,0,225.45,0.0,1,3,1,1,Regular,0.696
15813,2011-03-08 10:56:00,2011-03-08 10:56:00,1,56.22,United Kingdom,277,0,56.22,0.0,1,1,1,1,Hibernating,0.832
15814,2011-08-23 15:01:00,2011-08-23 15:01:00,1,296.93,United Kingdom,109,0,296.93,0.0,1,3,1,2,Regular,0.827
15815,2011-04-20 16:44:00,2011-04-20 16:44:00,1,224.49,United Kingdom,234,0,224.49,0.0,1,1,1,1,Hibernating,0.696
15816,2011-03-30 07:24:00,2011-03-30 07:24:00,1,210.9,United Kingdom,255,0,210.9,0.0,1,1,1,1,Hibernating,1.0
15817,2011-01-24 13:08:00,2011-01-24 13:08:00,1,82.93,United Kingdom,320,0,82.93,0.0,1,1,1,1,Hibernating,0.832
15818,2010-12-04 15:50:00,2010-12-04 15:50:00,1,157.48,Ireland,371,0,157.48,0.0,1,1,1,1,Hibernating,0.832
15820,2011-01-24 14:25:00,2011-01-24 14:25:00,1,234.19,United Kingdom,320,0,234.19,0.0,1,1,1,1,Hibernating,0.696
15822,2011-07-02 09:23:00,2011-07-02 09:23:00,1,208.2,United Kingdom,161,0,208.2,0.0,1,2,1,1,Hibernating,0.832
15823,2011-10-25 12:32:00,2011-10-25 12:32:00,1,250.35,Germany,46,0,250.35,0.0,0,3,1,2,Regular,0.696
15824,2011-01-03 14:42:00,2011-01-03 14:42:00,1,151.25,United Kingdom,341,0,151.25,0.0,1,1,1,1,Hibernating,0.832
15825,2011-07-18 19:40:00,2011-07-18 19:40:00,1,134.21,United Kingdom,145,0,134.21,0.0,1,2,1,1,Hibernating,0.832
15826,2011-01-06 16:23:00,2011-01-06 16:23:00,1,306.31,United Kingdom,338,0,306.31,0.0,1,1,1,2,Hibernating,0.827
15828,2011-01-07 09:38:00,2011-01-07 09:38:00,1,21.72,United Kingdom,337,0,21.72,0.0,1,1,1,1,Hibernating,0.832
15829,2011-04-30 08:03:00,2011-04-30 08:03:00,1,208.03,Ireland,224,0,208.03,0.0,1,1,1,1,Hibernating,0.832
15830,2010-12-06 14:56:00,2010-12-06 14:56:00,1,212.47,United Kingdom,369,0,212.47,0.0,1,1,1,1,Hibernating,1.0
15831,2011-01-26 19:35:00,2011-01-26 19:35:00,1,143.31,United Kingdom,318,0,143.31,0.0,1,1,1,1,Hibernating,0.832
15832,2011-06-24 11:40:00,2011-06-24 11:40:00,1,220.74,United Kingdom,169,0,220.74,0.0,1,2,1,1,Hibernating,1.0
15833,2011-11-17 15:30:00,2011-11-17 15:30:00,1,299.54,United Kingdom,23,0,299.54,0.0,0,4,1,2,New / Low Engagement,0.827
15834,2011-09-25 09:18:00,2011-09-25 09:18:00,1,110.24,United Kingdom,76,0,110.24,0.0,0,3,1,1,Regular,0.832
15835,2011-11-14 08:04:00,2011-11-14 08:04:00,1,101.3,United Kingdom,26,0,101.3,0.0,0,4,1,1,New / Low Engagement,0.832
15836,2011-07-16 15:58:00,2011-07-16 15:58:00,1,102.47,Ireland,147,0,102.47,0.0,1,2,1,1,Hibernating,0.832
15837,2011-07-18 17:06:00,2011-07-18 17:06:00,1,107.41,United Kingdom,145,0,107.41,0.0,1,2,1,1,Hibernating,0.832
15838,2011-10-09 19:46:00,2011-10-09 19:46:00,1,46.83,United Kingdom,62,0,46.83,0.0,0,3,1,1,Regular,0.832
15839,2011-03-16 11:16:00,2011-03-16 11:16:00,1,101.77,United Kingdom,269,0,101.77,0.0,1,1,1,1,Hibernating,0.832
15840,2011-11-25 13:34:00,2011-11-25 13:34:00,1,336.06,United Kingdom,15,0,336.06,0.0,0,5,1,2,New / Low Engagement,0.827
15841,2011-02-05 13:31:00,2011-02-05 13:31:00,1,255.49,France,308,0,255.49,0.0,1,1,1,2,Hibernating,0.696
15842,2011-08-02 12:55:00,2011-08-02 12:55:00,1,22.71,United Kingdom,130,0,22.71,0.0,1,3,1,1,Regular,0.832
15843,2011-10-15 14:39:00,2011-10-15 14:39:00,1,271.76,France,56,0,271.76,0.0,0,3,1,2,Regular,0.696
15844,2011-05-04 11:37:00,2011-05-04 11:37:00,1,226.9,Netherlands,220,0,226.9,0.0,1,2,1,1,Hibernating,0.696
15845,2011-01-25 16:31:00,2011-01-25 16:31:00,1,249.39,Ireland,319,0,249.39,0.0,1,1,1,2,Hibernating,0.696
15846,2011-06-07 17:59:00,2011-06-07 17:59:00,1,148.76,United Kingdom,186,0,148.76,0.0,1,2,1,1,Hibernating,0.832
15847,2011-05-12 18:02:00,2011-05-12 18:02:00,1,76.34,United Kingdom,212,0,76.34,0.0,1,2,1,1,Hibernating,0.832
15848,2011-10-30 07:38:00,2011-10-30 07:38:00,1,315.11,United Kingdom,41,0,315.11,0.0,0,3,1,2,Regular,0.827
15849,2011-07-09 11:30:00,2011-07-09 11:30:00,1,328.75,United Kingdom,154,0,328.75,0.0,1,2,1,2,Hibernating,0.827
15850,2011-07-30 11:54:00,2011-07-30 11:54:00,1,119.53,Netherlands,133,0,119.53,0.0,1,3,1,1,Regular,0.832
15851,2011-07-27 13:54:00,2011-07-27 13:54:00,1,333.43,United Kingdom,136,0,333.43,0.0,1,3,1,2,Regular,0.827
15852,2011-03-24 17:50:00,2011-03-24 17:50:00,1,161.32,United Kingdom,261,0,161.32,0.0,1,1,1,1,Hibernating,0.832
15853,2011-05-11 14:02:00,2011-05-11 14:02:00,1,144.73,United Kingdom,213,0,144.73,0.0,1,2,1,1,Hibernating,0.832
15854,2011-05-22 18:23:00,2011-05-22 18:23:00,1,86.53,United Kingdom,202,0,86.53,0.0,1,2,1,1,Hibernating,0.832
15855,2011-08-17 12:25:00,2011-08-17 12:25:00,1,311.91,United Kingdom,115,0,311.91,0.0,1,3,1,2,Regular,0.827
15856,2011-10-13 16:05:00,2011-10-13 16:05:00,1,263.94,United Kingdom,58,0,263.94,0.0,0,3,1,2,Regular,0.696
15857,2011-10-14 16:42:00,2011-10-14 16:42:00,1,576.23,United Kingdom,57,0,576.23,0.0,0,3,1,2,Regular,0.827
15858,2011-05-16 16:35:00,2011-05-16 16:35:00,1,67.95,United Kingdom,208,0,67.95,0.0,1,2,1,1,Hibernating,0.832
15859,2011-10-09 19:51:00,2011-10-09 19:51:00,1,104.05,United Kingdom,62,0,104.05,0.0,0,3,1,1,Regular,0.832
15860,2011-01-19 13:44:00,2011-01-19 13:44:00,1,408.63,United Kingdom,325,0,408.63,0.0,1,1,1,2,Hibernating,0.827
15861,2011-08-07 08:06:00,2011-08-07 08:06:00,1,276.06,United Kingdom,125,0,276.06,0.0,1,3,1,2,Regular,0.827
15862,2011-03-27 19:49:00,2011-03-27 19:49:00,1,238.61,United Kingdom,258,0,238.61,0.0,1,1,1,1,Hibernating,0.696
15863,2011-02-08 17:31:00,2011-02-08 17:31:00,1,220.74,Ireland,305,0,220.74,0.0,1,1,1,1,Hibernating,1.0
15864,2011-11-03 10:40:00,2011-11-03 10:40:00,1,36.12,United Kingdom,37,0,36.12,0.0,0,3,1,1,Regular,0.832
15865,2011-05-14 18:25:00,2011-05-14 18:25:00,1,150.04,United Kingdom,210,0,150.04,0.0,1,2,1,1,Hibernating,0.832
15866,2011-01-18 15:20:00,2011-01-18 15:20:00,1,328.34,United Kingdom,326,0,328.34,0.0,1,1,1,2,Hibernating,0.827
15867,2010-12-22 18:33:00,2010-12-22 18:33:00,1,156.22,United Kingdom,353,0,156.22,0.0,1,1,1,1,Hibernating,0.832
15868,2011-12-01 16:59:00,2011-12-01 16:59:00,1,33.35,United Kingdom,9,0,33.35,0.0,0,5,1,1,New / Low Engagement,0.832
15869,2011-01-11 15:15:00,2011-01-11 15:15:00,1,291.87,United Kingdom,333,0,291.87,0.0,1,1,1,2,Hibernating,0.827
15870,2011-08-15 17:41:00,2011-08-15 17:41:00,1,235.66,United Kingdom,117,0,235.66,0.0,1,3,1,1,Regular,0.696
15871,2011-01-03 14:38:00,2011-01-03 14:38:00,1,73.5,Germany,341,0,73.5,0.0,1,1,1,1,Hibernating,0.832
15872,2011-01-02 07:38:00,2011-01-02 07:38:00,1,18.6,United Kingdom,342,0,18.6,0.0,1,1,1,1,Hibernating,0.832
15873,2011-08-25 07:24:00,2011-08-25 07:24:00,1,380.34,United Kingdom,107,0,380.34,0.0,1,3,1,2,Regular,0.827
15874,2011-05-21 11:36:00,2011-05-21 11:36:00,1,210.38,United Kingdom,203,0,210.38,0.0,1,2,1,1,Hibernating,1.0
15875,2011-02-21 17:10:00,2011-02-21 17:10:00,1,85.88,United Kingdom,292,0,85.88,0.0,1,1,1,1,Hibernating,0.832
15876,2011-04-03 08:56:00,2011-04-03 08:56:00,1,193.16,Ireland,251,0,193.16,0.0,1,1,1,1,Hibernating,0.832
15877,2011-11-27 11:29:00,2011-11-27 11:29:00,1,145.08,United Kingdom,13,0,145.08,0.0,0,5,1,1,New / Low Engagement,0.832
15878,2011-04-28 11:39:00,2011-04-28 11:39:00,1,55.95,United Kingdom,226,0,55.95,0.0,1,1,1,1,Hibernating,0.832
15879,2011-09-14 08:46:00,2011-09-14 08:46:00,1,62.13,United Kingdom,87,0,62.13,0.0,0,3,1,1,Regular,0.832
15880,2011-11-11 12:58:00,2011-11-11 12:58:00,1,209.38,United Kingdom,29,0,209.38,0.0,0,4,1,1,New / Low Engagement,0.832
15881,2011-02-28 10:35:00,2011-02-28 10:35:00,1,342.66,United Kingdom,285,0,342.66,0.0,1,1,1,2,Hibernating,0.827
15882,2011-07-01 14:59:00,2011-07-01 14:59:00,1,238.34,United Kingdom,162,0,238.34,0.0,1,2,1,1,Hibernating,0.696
15883,2011-09-27 11:43:00,2011-09-27 11:43:00,1,263.45,United Kingdom,74,0,263.45,0.0,0,3,1,2,Regular,0.696
15884,2011-03-08 07:02:00,2011-03-08 07:02:00,1,443.07,United Kingdom,277,0,443.07,0.0,1,1,1,2,Hibernating,0.827
15885,2011-05-15 07:35:00,2011-05-15 07:35:00,1,346.34,United Kingdom,209,0,346.34,0.0,1,2,1,2,Hibernating,0.827
15886,2011-03-01 12:05:00,2011-03-01 12:05:00,1,66.14,United Kingdom,284,0,66.14,0.0,1,1,1,1,Hibernating,0.832
15887,2011-09-21 12:41:00,2011-09-21 12:41:00,1,256.42,France,80,0,256.42,0.0,0,3,1,2,Regular,0.696
15888,2011-02-11 19:51:00,2011-02-11 19:51:00,1,143.63,United Kingdom,302,0,143.63,0.0,1,1,1,1,Hibernating,0.832
15889,2011-08-16 15:23:00,2011-08-16 15:23:00,1,104.7,United Kingdom,116,0,104.7,0.0,1,3,1,1,Regular,0.832
15890,2011-11-23 07:02:00,2011-11-23 07:02:00,1,79.27,United Kingdom,17,0,79.27,0.0,0,4,1,1,New / Low Engagement,0.832
15891,2011-08-31 14:26:00,2011-08-31 14:26:00,1,306.09,United Kingdom,101,0,306.09,0.0,1,3,1,2,Regular,0.827
15892,2011-12-02 19:22:00,2011-12-02 19:22:00,1,252.78,Netherlands,8,0,252.78,0.0,0,5,1,2,New / Low Engagement,0.696
15893,2011-07-30 11:20:00,2011-07-30 11:20:00,1,169.86,United Kingdom,133,0,169.86,0.0,1,3,1,1,Regular,0.832
15894,2011-03-07 10:48:00,2011-03-07 10:48:00,1,359.44,United Kingdom,278,0,359.44,0.0,1,1,1,2,Hibernating,0.827
15895,2010-12-26 13:39:00,2010-12-26 13:39:00,1,122.32,United Kingdom,349,0,122.32,0.0,1,1,1,1,Hibernating,0.832
15896,2011-03-24 17:50:00,2011-03-24 17:50:00,1,509.61,United Kingdom,261,0,509.61,0.0,1,1,1,2,Hibernating,0.827
15897,2011-08-24 19:12:00,2011-08-24 19:12:00,1,339.38,United Kingdom,108,0,339.38,0.0,1,3,1,2,Regular,0.827
15898,2011-04-22 19:31:00,2011-04-22 19:31:00,1,139.39,United Kingdom,232,0,139.39,0.0,1,1,1,1,Hibernating,0.832
15899,2011-02-06 15:51:00,2011-02-06 15:51:00,1,5.52,Ireland,307,0,5.52,0.0,1,1,1,1,Hibernating,0.832
15900,2011-06-10 14:36:00,2011-06-10 14:36:00,1,112.07,United Kingdom,183,0,112.07,0.0,1,2,1,1,Hibernating,0.832
15901,2011-09-28 18:27:00,2011-09-28 18:27:00,1,124.62,United Kingdom,73,0,124.62,0.0,0,3,1,1,Regular,0.832
15902,2011-04-23 19:40:00,2011-04-23 19:40:00,1,91.92,United Kingdom,231,0,91.92,0.0,1,1,1,1,Hibernating,0.832
15903,2011-10-22 13:21:00,2011-10-22 13:21:00,1,124.29,United Kingdom,49,0,124.29,0.0,0,3,1,1,Regular,0.832
15904,2011-11-04 13:15:00,2011-11-04 13:15:00,1,176.8,United Kingdom,36,0,176.8,0.0,0,3,1,1,Regular,0.832
15905,2011-10-07 08:45:00,2011-10-07 08:45:00,1,171.03,United Kingdom,64,0,171.03,0.0,0,3,1,1,Regular,0.832
15906,2011-10-17 11:16:00,2011-10-17 11:16:00,1,221.53,United Kingdom,54,0,221.53,0.0,0,3,1,1,Regular,0.696
15907,2011-08-02 13:18:00,2011-08-02 13:18:00,1,93.14,Netherlands,130,0,93.14,0.0,1,3,1,1,Regular,0.832
15908,2011-11-30 12:39:00,2011-11-30 12:39:00,1,318.81,United Kingdom,10,0,318.81,0.0,0,5,1,2,New / Low Engagement,0.827
15909,2011-03-04 13:45:00,2011-03-04 13:45:00,1,161.3,United Kingdom,281,0,161.3,0.0,1,1,1,1,Hibernating,0.832
15910,2011-11-12 09:49:00,2011-11-12 09:49:00,1,54.71,Germany,28,0,54.71,0.0,0,4,1,1,New / Low Engagement,0.832
15911,2011-09-29 12:18:00,2011-09-29 12:18:00,1,156.28,Ireland,72,0,156.28,0.0,0,3,1,1,Regular,0.832
15912,2011-03-09 11:57:00,2011-03-09 11:57:00,1,294.73,United Kingdom,276,0,294.73,0.0,1,1,1,2,Hibernating,0.827
15913,2011-09-19 17:47:00,2011-09-19 17:47:00,1,121.37,United Kingdom,82,0,121.37,0.0,0,3,1,1,Regular,0.832
15914,2011-09-18 17:49:00,2011-09-18 17:49:00,1,136.28,United Kingdom,83,0,136.28,0.0,0,3,1,1,Regular,0.832
15915,2011-04-26 15:36:00,2011-04-26 15:36:00,1,172.66,United Kingdom,228,0,172.66,0.0,1,1,1,1,Hibernating,0.832
15916,2011-04-21 11:40:00,2011-04-21 11:40:00,1,207.68,United Kingdom,233,0,207.68,0.0,1,1,1,1,Hibernating,0.832
15917,2011-11-29 08:22:00,2011-11-29 08:22:00,1,129.69,United Kingdom,11,0,129.69,0.0,0,5,1,1,New / Low Engagement,0.832
15918,2011-03-15 17:19:00,2011-03-15 17:19:00,1,353.1,United Kingdom,270,0,353.1,0.0,1,1,1,2,Hibernating,0.827
15919,2011-09-15 13:05:00,2011-09-15 13:05:00,1,259.03,France,86,0,259.03,0.0,0,3,1,2,Regular,0.696
15920,2011-03-05 14:40:00,2011-03-05 14:40:00,1,3.6,United Kingdom,280,0,3.6,0.0,1,1,1,1,Hibernating,0.832
15921,2011-08-27 15:22:00,2011-08-27 15:22:00,1,207.79,Netherlands,105,0,207.79,0.0,1,3,1,1,Regular,0.832
15922,2010-12-08 15:48:00,2010-12-08 15:48:00,1,99.54,United Kingdom,367,0,99.54,0.0,1,1,1,1,Hibernating,0.832
15923,2011-03-11 19:45:00,2011-03-11 19:45:00,1,164.97,Ireland,274,0,164.97,0.0,1,1,1,1,Hibernating,0.832
15924,2011-08-06 13:17:00,2011-08-06 13:17:00,1,207.3,United Kingdom,126,0,207.3,0.0,1,3,1,1,Regular,0.832
15925,2010-12-17 09:30:00,2010-12-17 09:30:00,1,408.18,Ireland,358,0,408.18,0.0,1,1,1,2,Hibernating,0.827
15926,2010-12-22 07:56:00,2010-12-22 07:56:00,1,296.84,United Kingdom,353,0,296.84,0.0,1,1,1,2,Hibernating,0.827
15927,2011-09-11 16:20:00,2011-09-11 16:20:00,1,102.18,United Kingdom,90,0,102.18,0.0,0,3,1,1,Regular,0.832
15928,2011-04-23 12:50:00,2011-04-23 12:50:00,1,252.34,United Kingdom,231,0,252.34,0.0,1,1,1,2,Hibernating,0.696
15929,2011-03-25 19:51:00,2011-03-25 19:51:00,1,245.37,United Kingdom,260,0,245.37,0.0,1,1,1,2,Hibernating,0.696
15930,2011-03-22 12:53:00,2011-03-22 12:53:00,1,104.35,Ireland,263,0,104.35,0.0,1,1,1,1,Hibernating,0.832
15931,2011-06-07 12:47:00,2011-06-07 12:47:00,1,58.2,United Kingdom,186,0,58.2,0.0,1,2,1,1,Hibernating,0.832
15932,2010-12-07 15:09:00,2010-12-07 15:09:00,1,176.8,United Kingdom,368,0,176.8,0.0,1,1,1,1,Hibernating,0.832
15933,2011-01-23 09:23:00,2011-01-23 09:23:00,1,122.78,United Kingdom,321,0,122.78,0.0,1,1,1,1,Hibernating,0.832
15934,2011-07-30 12:59:00,2011-07-30 12:59:00,1,27.37,Belgium,133,0,27.37,0.0,1,3,1,1,Regular,0.832
15935,2011-11-01 10:40:00,2011-11-01 10:40:00,1,251.62,United Kingdom,39,0,251.62,0.0,0,3,1,2,Regular,0.696
15936,2011-11-13 18:11:00,2011-11-13 18:11:00,1,190.89,France,27,0,190.89,0.0,0,4,1,1,New / Low Engagement,0.832
15937,2011-10-24 12:17:00,2011-10-24 12:17:00,1,347.62,United Kingdom,47,0,347.62,0.0,0,3,1,2,Regular,0.827
15938,2011-05-22 18:44:00,2011-05-22 18:44:00,1,367.88,United Kingdom,202,0,367.88,0.0,1,2,1,2,Hibernating,0.827
15939,2011-11-18 11:06:00,2011-11-18 11:06:00,1,119.68,United Kingdom,22,0,119.68,0.0,0,4,1,1,New / Low Engagement,0.832
15940,2011-03-20 12:27:00,2011-03-20 12:27:00,1,320.7,United Kingdom,265,0,320.7,0.0,1,1,1,2,Hibernating,0.827
15941,2010-12-01 15:37:00,2010-12-01 15:37:00,1,94.98,Spain,374,0,94.98,0.0,1,1,1,1,Hibernating,0.832
15942,2011-06-07 09:58:00,2011-06-07 09:58:00,1,185.94,Portugal,186,0,185.94,0.0,1,2,1,1,Hibernating,0.832
15943,2011-03-01 11:36:00,2011-03-01 11:36:00,1,115.68,Belgium,284,0,115.68,0.0,1,1,1,1,Hibernating,0.832
15944,2011-04-02 09:00:00,2011-04-02 09:00:00,1,507.0,United Kingdom,252,0,507.0,0.0,1,1,1,2,Hibernating,0.827
15945,2011-07-02 13:23:00,2011-07-02 13:23:00,1,312.55,United Kingdom,161,0,312.55,0.0,1,2,1,2,Hibernating,0.827
15946,2010-12-31 11:58:00,2010-12-31 11:58:00,1,98.73,France,344,0,98.73,0.0,1,1,1,1,Hibernating,0.832
15947,2011-02-23 17:45:00,2011-02-23 17:45:00,1,28.4,Netherlands,290,0,28.4,0.0,1,1,1,1,Hibernating,0.832
15948,2011-11-07 17:09:00,2011-11-07 17:09:00,1,245.0,Ireland,33,0,245.0,0.0,0,3,1,2,Regular,0.696
15949,2011-01-08 12:29:00,2011-01-08 12:29:00,1,199.55,United Kingdom,336,0,199.55,0.0,1,1,1,1,Hibernating,0.832
15950,2011-07-29 12:34:00,2011-07-29 12:34:00,1,129.16,United Kingdom,134,0,129.16,0.0,1,3,1,1,Regular,0.832
15951,2011-03-14 17:16:00,2011-03-14 17:16:00,1,128.64,United Kingdom,271,0,128.64,0.0,1,1,1,1,Hibernating,0.832
15952,2011-11-26 10:17:00,2011-11-26 10:17:00,1,236.06,United Kingdom,14,0,236.06,0.0,0,5,1,1,New / Low Engagement,0.696
15953,2011-07-22 12:28:00,2011-07-22 12:28:00,1,318.37,Netherlands,141,0,318.37,0.0,1,2,1,2,Hibernating,0.827
15954,2011-10-08 07:28:00,2011-10-08 07:28:00,1,235.65,United Kingdom,63,0,235.65,0.0,0,3,1,1,Regular,0.696
15955,2010-12-22 18:24:00,2010-12-22 18:24:00,1,24.01,France,353,0,24.01,0.0,1,1,1,1,Hibernating,0.832
15956,2011-09-06 12:21:00,2011-09-06 12:21:00,1,130.9,United Kingdom,95,0,130.9,0.0,1,3,1,1,Regular,0.832
15957,2011-06-27 15:58:00,2011-06-27 15:58:00,1,300.97,Portugal,166,0,300.97,0.0,1,2,1,2,Hibernating,0.827
15958,2010-12-29 12:39:00,2010-12-29 12:39:00,1,234.15,United Kingdom,346,0,234.15,0.0,1,1,1,1,Hibernating,0.696
15959,2011-03-12 14:20:00,2011-03-12 14:20:00,1,119.94,United Kingdom,273,0,119.94,0.0,1,1,1,1,Hibernating,0.832
15960,2011-06-07 16:45:00,2011-06-07 16:45:00,1,298.39,United Kingdom,186,0,298.39,0.0,1,2,1,2,Hibernating,0.827
15961,2011-09-04 10:40:00,2011-09-04 10:40:00,1,364.8,France,97,0,364.8,0.0,1,3,1,2,Regular,0.827
15962,2011-08-15 16:58:00,2011-08-15 16:58:00,1,89.8,United Kingdom,117,0,89.8,0.0,1,3,1,1,Regular,0.832
15963,2011-08-13 13:22:00,2011-08-13 13:22:00,1,159.91,United Kingdom,119,0,159.91,0.0,1,3,1,1,Regular,0.832
15964,2011-11-15 07:29:00,2011-11-15 07:29:00,1,308.53,Ireland,25,0,308.53,0.0,0,4,1,2,New / Low Engagement,0.827
15965,2011-09-20 13:59:00,2011-09-20 13:59:00,1,266.18,United Kingdom,81,0,266.18,0.0,0,3,1,2,Regular,0.696
15966,2011-10-17 19:17:00,2011-10-17 19:17:00,1,70.38,United Kingdom,54,0,70.38,0.0,0,3,1,1,Regular,0.832
15967,2011-04-02 18:13:00,2011-04-02 18:13:00,1,9.99,Belgium,252,0,9.99,0.0,1,1,1,1,Hibernating,0.832
15968,2011-01-27 09:16:00,2011-01-27 09:16:00,1,300.14,United Kingdom,317,0,300.14,0.0,1,1,1,2,Hibernating,0.827
15969,2011-07-10 16:19:00,2011-07-10 16:19:00,1,92.1,United Kingdom,153,0,92.1,0.0,1,2,1,1,Hibernating,0.832
15970,2011-04-04 14:01:00,2011-04-04 14:01:00,1,239.9,United Kingdom,250,0,239.9,0.0,1,1,1,1,Hibernating,0.696
15971,2011-03-27 13:53:00,2011-03-27 13:53:00,1,143.33,Netherlands,258,0,143.33,0.0,1,1,1,1,Hibernating,0.832
15972,2011-11-29 08:39:00,2011-11-29 08:39:00,1,150.81,United Kingdom,11,0,150.81,0.0,0,5,1,1,New / Low Engagement,0.832
15973,2011-09-08 18:27:00,2011-09-08 18:27:00,1,83.05,United Kingdom,93,0,83.05,0.0,1,3,1,1,Regular,0.832
15974,2011-08-22 19:26:00,2011-08-22 19:26:00,1,38.66,United Kingdom,110,0,38.66,0.0,1,3,1,1,Regular,0.832
15975,2011-04-09 10:22:00,2011-04-09 10:22:00,1,134.76,United Kingdom,245,0,134.76,0.0,1,1,1,1,Hibernating,0.832
15976,2011-02-01 07:54:00,2011-02-01 07:54:00,1,153.64,United Kingdom,312,0,153.64,0.0,1,1,1,1,Hibernating,0.832
15977,2011-10-17 15:28:00,2011-10-17 15:28:00,1,200.95,Netherlands,54,0,200.95,0.0,0,3,1,1,Regular,0.832
15978,2011-02-28 16:17:00,2011-02-28 16:17:00,1,159.63,United Kingdom,285,0,159.63,0.0,1,1,1,1,Hibernating,0.832
15979,2011-12-07 19:49:00,2011-12-07 19:49:00,1,153.08,United Kingdom,3,0,153.08,0.0,0,5,1,1,New / Low Engagement,0.832
15980,2010-12-28 09:22:00,2010-12-28 09:22:00,1,32.34,United Kingdom,347,0,32.34,0.0,1,1,1,1,Hibernating,0.832
15981,2011-04-27 17:42:00,2011-04-27 17:42:00,1,117.78,United Kingdom,227,0,117.78,0.0,1,1,1,1,Hibernating,0.832
15983,2011-01-02 08:30:00,2011-01-02 08:30:00,1,250.9,Portugal,342,0,250.9,0.0,1,1,1,2,Hibernating,0.696
15984,2011-05-16 11:22:00,2011-05-16 11:22:00,1,121.1,Germany,208,0,121.1,0.0,1,2,1,1,Hibernating,0.832
15985,2011-04-10 18:09:00,2011-04-10 18:09:00,1,39.2,Germany,244,0,39.2,0.0,1,1,1,1,Hibernating,0.832
15986,2011-06-06 08:30:00,2011-06-06 08:30:00,1,251.22,United Kingdom,187,0,251.22,0.0,1,2,1,2,Hibernating,0.696
15987,2011-12-08 08:21:00,2011-12-08 08:21:00,1,256.51,United Kingdom,2,0,256.51,0.0,0,5,1,2,New / Low Engagement,0.696
15988,2011-08-06 12:25:00,2011-08-06 12:25:00,1,120.05,United Kingdom,126,0,120.05,0.0,1,3,1,1,Regular,0.832
15989,2011-01-09 11:48:00,2011-01-09 11:48:00,1,330.07,United Kingdom,335,0,330.07,0.0,1,1,1,2,Hibernating,0.827
15990,2011-05-13 15:23:00,2011-05-13 15:23:00,1,196.51,United Kingdom,211,0,196.51,0.0,1,2,1,1,Hibernating,0.832
15991,2011-05-20 12:02:00,2011-05-20 12:02:00,1,452.45,France,204,0,452.45,0.0,1,2,1,2,Hibernating,0.827
15992,2011-07-08 14:44:00,2011-07-08 14:44:00,1,172.56,France,155,0,172.56,0.0,1,2,1,1,Hibernating,0.832
15993,2011-04-28 16:20:00,2011-04-28 16:20:00,1,347.48,France,226,0,347.48,0.0,1,1,1,2,Hibernating,0.827
15994,2011-05-14 12:57:00,2011-05-14 12:57:00,1,272.07,United Kingdom,210,0,272.07,0.0,1,2,1,2,Hibernating,0.696
15995,2011-08-06 12:15:00,2011-08-06 12:15:00,1,84.34,United Kingdom,126,0,84.34,0.0,1,3,1,1,Regular,0.832
15996,2011-06-14 11:20:00,2011-06-14 11:20:00,1,170.16,United Kingdom,179,0,170.16,0.0,1,2,1,1,Hibernating,0.832
15997,2011-02-18 18:20:00,2011-02-18 18:20:00,1,73.05,France,295,0,73.05,0.0,1,1,1,1,Hibernating,0.832
15998,2011-09-10 10:06:00,2011-09-10 10:06:00,1,72.52,Netherlands,91,0,72.52,0.0,1,3,1,1,Regular,0.832
15999,2010-12-03 08:14:00,2010-12-03 08:14:00,1,257.43,France,372,0,257.43,0.0,1,1,1,2,Hibernating,0.696
16000,2011-01-08 16:58:00,2011-01-08 16:58:00,1,60.76,United Kingdom,336,0,60.76,0.0,1,1,1,1,Hibernating,0.832
16001,2011-09-04 09:04:00,2011-09-04 09:04:00,1,314.86,United Kingdom,97,0,314.86,0.0,1,3,1,2,Regular,0.827
16002,2011-07-30 18:28:00,2011-07-30 18:28:00,1,128.14,United Kingdom,133,0,128.14,0.0,1,3,1,1,Regular,0.832
16003,2011-01-12 17:32:00,2011-01-12 17:32:00,1,512.99,United Kingdom,332,0,512.99,0.0,1,1,1,2,Hibernating,0.827
16004,2011-06-16 10:58:00,2011-06-16 10:58:00,1,74.21,Germany,177,0,74.21,0.0,1,2,1,1,Hibernating,0.832
16005,2011-05-02 15:01:00,2011-05-02 15:01:00,1,42.22,United Kingdom,222,0,42.22,0.0,1,2,1,1,Hibernating,0.832
16006,2011-03-02 10:10:00,2011-03-02 10:10:00,1,229.54,United Kingdom,283,0,229.54,0.0,1,1,1,1,Hibernating,0.696
16007,2011-07-29 16:09:00,2011-07-29 16:09:00,1,15.89,United Kingdom,134,0,15.89,0.0,1,3,1,1,Regular,0.832
16008,2010-12-06 09:43:00,2010-12-06 09:43:00,1,360.4,United Kingdom,369,0,360.4,0.0,1,1,1,2,Hibernating,0.827
16009,2011-07-23 11:11:00,2011-07-23 11:11:00,1,294.51,United Kingdom,140,0,294.51,0.0,1,2,1,2,Hibernating,0.827
16010,2010-12-03 07:11:00,2010-12-03 07:11:00,1,145.18,Ireland,372,0,145.18,0.0,1,1,1,1,Hibernating,0.832
16011,2011-06-22 19:13:00,2011-06-22 19:13:00,1,185.86,Spain,171,0,185.86,0.0,1,2,1,1,Hibernating,0.832
16012,2011-12-08 08:07:00,2011-12-08 08:07:00,1,280.38,United Kingdom,2,0,280.38,0.0,0,5,1,2,New / Low Engagement,0.827
16013,2011-03-14 16:07:00,2011-03-14 16:07:00,1,174.79,Netherlands,271,0,174.79,0.0,1,1,1,1,Hibernating,0.832
16014,2011-02-28 13:02:00,2011-02-28 13:02:00,1,46.32,France,285,0,46.32,0.0,1,1,1,1,Hibernating,0.832
16015,2011-09-15 12:59:00,2011-09-15 12:59:00,1,291.55,United Kingdom,86,0,291.55,0.0,0,3,1,2,Regular,0.827
16016,2011-05-31 19:47:00,2011-05-31 19:47:00,1,181.31,United Kingdom,193,0,181.31,0.0,1,2,1,1,Hibernating,0.832
16017,2011-10-21 12:08:00,2011-10-21 12:08:00,1,265.99,United Kingdom,50,0,265.99,0.0,0,3,1,2,Regular,0.696
16018,2011-02-17 07:41:00,2011-02-17 07:41:00,1,155.02,Ireland,296,0,155.02,0.0,1,1,1,1,Hibernating,0.832
16019,2011-07-12 15:50:00,2011-07-12 15:50:00,1,74.66,United Kingdom,151,0,74.66,0.0,1,2,1,1,Hibernating,0.832
16020,2011-09-06 09:01:00,2011-09-06 09:01:00,1,220.63,United Kingdom,95,0,220.63,0.0,1,3,1,1,Regular,1.0
16021,2011-07-23 18:45:00,2011-07-23 18:45:00,1,103.46,United Kingdom,140,0,103.46,0.0,1,2,1,1,Hibernating,0.832
16022,2011-01-02 12:48:00,2011-01-02 12:48:00,1,231.66,Belgium,342,0,231.66,0.0,1,1,1,1,Hibernating,0.696
16023,2011-08-30 17:47:00,2011-08-30 17:47:00,1,194.32,United Kingdom,102,0,194.32,0.0,1,3,1,1,Regular,0.832
16024,2011-01-20 17:21:00,2011-01-20 17:21:00,1,84.06,United Kingdom,324,0,84.06,0.0,1,1,1,1,Hibernating,0.832
16025,2010-12-14 11:24:00,2010-12-14 11:24:00,1,8.4,United Kingdom,361,0,8.4,0.0,1,1,1,1,Hibernating,0.832
16026,2011-06-01 12:28:00,2011-06-01 12:28:00,1,162.26,Spain,192,0,162.26,0.0,1,2,1,1,Hibernating,0.832
16027,2011-07-31 12:28:00,2011-07-31 12:28:00,1,34.79,United Kingdom,132,0,34.79,0.0,1,3,1,1,Regular,0.832
16028,2011-07-19 15:01:00,2011-07-19 15:01:00,1,146.55,Ireland,144,0,146.55,0.0,1,2,1,1,Hibernating,0.832
16030,2011-06-25 15:50:00,2011-06-25 15:50:00,1,25.02,Germany,168,0,25.02,0.0,1,2,1,1,Hibernating,0.832
16031,2010-12-21 07:13:00,2010-12-21 07:13:00,1,230.23,Germany,354,0,230.23,0.0,1,1,1,1,Hibernating,0.696
16032,2011-08-14 13:54:00,2011-08-14 13:54:00,1,164.58,United Kingdom,118,0,164.58,0.0,1,3,1,1,Regular,0.832
16033,2011-03-05 08:06:00,2011-03-05 08:06:00,1,110.71,Ireland,280,0,110.71,0.0,1,1,1,1,Hibernating,0.832
16034,2011-01-17 15:55:00,2011-01-17 15:55:00,1,172.6,United Kingdom,327,0,172.6,0.0,1,1,1,1,Hibernating,0.832
16035,2010-12-28 11:35:00,2010-12-28 11:35:00,1,158.34,Ireland,347,0,158.34,0.0,1,1,1,1,Hibernating,0.832
16036,2010-12-08 12:30:00,2010-12-08 12:30:00,1,193.85,United Kingdom,367,0,193.85,0.0,1,1,1,1,Hibernating,0.832
16037,2011-06-14 16:32:00,2011-06-14 16:32:00,1,75.87,Netherlands,179,0,75.87,0.0,1,2,1,1,Hibernating,0.832
16038,2011-09-04 10:58:00,2011-09-04 10:58:00,1,263.92,United Kingdom,97,0,263.92,0.0,1,3,1,2,Regular,0.696
16039,2011-02-16 19:03:00,2011-02-16 19:03:00,1,297.67,United Kingdom,297,0,297.67,0.0,1,1,1,2,Hibernating,0.827
16040,2011-11-13 12:44:00,2011-11-13 12:44:00,1,140.55,United Kingdom,27,0,140.55,0.0,0,4,1,1,New / Low Engagement,0.832
16041,2011-10-28 15:45:00,2011-10-28 15:45:00,1,168.56,France,43,0,168.56,0.0,0,3,1,1,Regular,0.832
16042,2011-04-11 09:31:00,2011-04-11 09:31:00,1,100.49,France,243,0,100.49,0.0,1,1,1,1,Hibernating,0.832
16043,2011-02-22 07:16:00,2011-02-22 07:16:00,1,172.32,Ireland,291,0,172.32,0.0,1,1,1,1,Hibernating,0.832
16044,2011-05-17 08:35:00,2011-05-17 08:35:00,1,210.88,United Kingdom,207,0,210.88,0.0,1,2,1,1,Hibernating,1.0
16045,2011-03-24 07:16:00,2011-03-24 07:16:00,1,123.74,United Kingdom,261,0,123.74,0.0,1,1,1,1,Hibernating,0.832
16046,2010-12-16 16:42:00,2010-12-16 16:42:00,1,223.86,United Kingdom,359,0,223.86,0.0,1,1,1,1,Hibernating,0.696
16047,2011-09-27 12:50:00,2011-09-27 12:50:00,1,90.81,Belgium,74,0,90.81,0.0,0,3,1,1,Regular,0.832
16048,2011-02-10 08:38:00,2011-02-10 08:38:00,1,45.25,Portugal,303,0,45.25,0.0,1,1,1,1,Hibernating,0.832
16049,2011-06-23 15:14:00,2011-06-23 15:14:00,1,10.39,Germany,170,0,10.39,0.0,1,2,1,1,Hibernating,0.832
16050,2011-11-06 08:52:00,2011-11-06 08:52:00,1,227.32,United Kingdom,34,0,227.32,0.0,0,3,1,1,Regular,0.696
16051,2010-12-16 15:03:00,2010-12-16 15:03:00,1,17.6,United Kingdom,359,0,17.6,0.0,1,1,1,1,Hibernating,0.832
16052,2011-05-15 15:48:00,2011-05-15 15:48:00,1,63.47,Ireland,209,0,63.47,0.0,1,2,1,1,Hibernating,0.832
16053,2011-01-07 18:14:00,2011-01-07 18:14:00,1,25.7,Ireland,337,0,25.7,0.0,1,1,1,1,Hibernating,0.832
16054,2011-08-19 18:20:00,2011-08-19 18:20:00,1,111.82,France,113,0,111.82,0.0,1,3,1,1,Regular,0.832
16055,2011-04-18 12:30:00,2011-04-18 12:30:00,1,218.66,United Kingdom,236,0,218.66,0.0,1,1,1,1,Hibernating,1.0
16056,2011-08-06 10:56:00,2011-08-06 10:56:00,1,731.76,United Kingdom,126,0,731.76,0.0,1,3,1,3,Regular,0.827
16058,2011-03-19 10:38:00,2011-03-19 10:38:00,1,197.45,United Kingdom,266,0,197.45,0.0,1,1,1,1,Hibernating,0.832
16059,2011-02-15 17:21:00,2011-02-15 17:21:00,1,222.68,United Kingdom,298,0,222.68,0.0,1,1,1,1,Hibernating,0.696
16060,2011-09-08 15:07:00,2011-09-08 15:07:00,1,24.0,United Kingdom,93,0,24.0,0.0,1,3,1,1,Regular,0.832
16061,2011-05-28 15:58:00,2011-05-28 15:58:00,1,36.15,United Kingdom,196,0,36.15,0.0,1,2,1,1,Hibernating,0.832
16062,2010-12-31 14:15:00,2010-12-31 14:15:00,1,340.75,Portugal,344,0,340.75,0.0,1,1,1,2,Hibernating,0.827
16063,2011-02-18 11:46:00,2011-02-18 11:46:00,1,129.45,United Kingdom,295,0,129.45,0.0,1,1,1,1,Hibernating,0.832
16064,2011-06-02 18:39:00,2011-06-02 18:39:00,1,373.44,Spain,191,0,373.44,0.0,1,2,1,2,Hibernating,0.827
16065,2011-08-20 15:22:00,2011-08-20 15:22:00,1,136.04,United Kingdom,112,0,136.04,0.0,1,3,1,1,Regular,0.832
16066,2011-05-08 19:16:00,2011-05-08 19:16:00,1,25.32,United Kingdom,216,0,25.32,0.0,1,2,1,1,Hibernating,0.832
16067,2011-02-14 19:46:00,2011-02-14 19:46:00,1,138.62,France,299,0,138.62,0.0,1,1,1,1,Hibernating,0.832
16068,2011-07-12 11:58:00,2011-07-12 11:58:00,1,114.12,Spain,151,0,114.12,0.0,1,2,1,1,Hibernating,0.832
16069,2011-04-15 08:26:00,2011-04-15 08:26:00,1,18.29,United Kingdom,239,0,18.29,0.0,1,1,1,1,Hibernating,0.832
16070,2011-05-10 09:11:00,2011-05-10 09:11:00,1,160.57,Spain,214,0,160.57,0.0,1,2,1,1,Hibernating,0.832
16071,2011-11-24 19:29:00,2011-11-24 19:29:00,1,90.31,Germany,16,0,90.31,0.0,0,5,1,1,New / Low Engagement,0.832
16072,2011-09-08 18:50:00,2011-09-08 18:50:00,1,184.15,United Kingdom,93,0,184.15,0.0,1,3,1,1,Regular,0.832
16073,2011-06-18 17:44:00,2011-06-18 17:44:00,1,396.12,United Kingdom,175,0,396.12,0.0,1,2,1,2,Hibernating,0.827
16075,2011-10-24 14:14:00,2011-10-24 14:14:00,1,6.85,United Kingdom,47,0,6.85,0.0,0,3,1,1,Regular,0.832
16076,2011-04-03 16:03:00,2011-04-03 16:03:00,1,23.11,United Kingdom,251,0,23.11,0.0,1,1,1,1,Hibernating,0.832
16077,2011-09-03 17:12:00,2011-09-03 17:12:00,1,8.16,United Kingdom,98,0,8.16,0.0,1,3,1,1,Regular,0.832
16078,2011-09-04 07:45:00,2011-09-04 07:45:00,1,196.54,United Kingdom,97,0,196.54,0.0,1,3,1,1,Regular,0.832
16079,2011-02-03 15:34:00,2011-02-03 15:34:00,1,243.76,United Kingdom,310,0,243.76,0.0,1,1,1,2,Hibernating,0.696
16080,2011-05-27 09:20:00,2011-05-27 09:20:00,1,141.81,France,197,0,141.81,0.0,1,2,1,1,Hibernating,0.832
16081,2011-09-13 13:14:00,2011-09-13 13:14:00,1,246.6,United Kingdom,88,0,246.6,0.0,0,3,1,2,Regular,0.696
16082,2011-01-11 10:14:00,2011-01-11 10:14:00,1,216.41,Spain,333,0,216.41,0.0,1,1,1,1,Hibernating,1.0
16083,2011-03-22 07:38:00,2011-03-22 07:38:00,1,108.23,France,263,0,108.23,0.0,1,1,1,1,Hibernating,0.832
16084,2011-03-01 18:18:00,2011-03-01 18:18:00,1,211.3,Germany,284,0,211.3,0.0,1,1,1,1,Hibernating,1.0
16085,2011-10-20 19:03:00,2011-10-20 19:03:00,1,95.42,Germany,51,0,95.42,0.0,0,3,1,1,Regular,0.832
16086,2011-06-03 18:00:00,2011-06-03 18:00:00,1,136.55,United Kingdom,190,0,136.55,0.0,1,2,1,1,Hibernating,0.832
16087,2011-07-17 07:20:00,2011-07-17 07:20:00,1,116.59,United Kingdom,146,0,116.59,0.0,1,2,1,1,Hibernating,0.832
16088,2011-02-10 09:26:00,2011-02-10 09:26:00,1,132.62,United Kingdom,303,0,132.62,0.0,1,1,1,1,Hibernating,0.832
16089,2011-09-21 19:26:00,2011-09-21 19:26:00,1,250.67,France,80,0,250.67,0.0,0,3,1,2,Regular,0.696
16091,2011-08-03 15:37:00,2011-08-03 15:37:00,1,217.67,United Kingdom,129,0,217.67,0.0,1,3,1,1,Regular,1.0
16092,2011-09-08 08:01:00,2011-09-08 08:01:00,1,180.27,United Kingdom,93,0,180.27,0.0,1,3,1,1,Regular,0.832
16093,2011-11-09 12:42:00,2011-11-09 12:42:00,1,312.53,France,31,0,312.53,0.0,0,4,1,2,New / Low Engagement,0.827
16094,2011-04-11 11:27:00,2011-04-11 11:27:00,1,83.37,United Kingdom,243,0,83.37,0.0,1,1,1,1,Hibernating,0.832
16095,2011-01-24 08:23:00,2011-01-24 08:23:00,1,82.35,Portugal,320,0,82.35,0.0,1,1,1,1,Hibernating,0.832
16096,2011-04-15 16:33:00,2011-04-15 16:33:00,1,307.01,United Kingdom,239,0,307.01,0.0,1,1,1,2,Hibernating,0.827
16097,2011-06-08 12:57:00,2011-06-08 12:57:00,1,389.73,United Kingdom,185,0,389.73,0.0,1,2,1,2,Hibernating,0.827
16098,2011-07-27 16:12:00,2011-07-27 16:12:00,1,214.94,Belgium,136,0,214.94,0.0,1,3,1,1,Regular,1.0
16099,2011-04-07 08:01:00,2011-04-07 08:01:00,1,165.4,United Kingdom,247,0,165.4,0.0,1,1,1,1,Hibernating,0.832
16100,2011-07-09 07:37:00,2011-07-09 07:37:00,1,1.97,United Kingdom,154,0,1.97,0.0,1,2,1,1,Hibernating,0.832
16101,2011-09-16 16:24:00,2011-09-16 16:24:00,1,321.09,France,85,0,321.09,0.0,0,3,1,2,Regular,0.827
16102,2011-05-16 13:43:00,2011-05-16 13:43:00,1,211.07,Ireland,208,0,211.07,0.0,1,2,1,1,Hibernating,1.0
16103,2011-04-23 16:28:00,2011-04-23 16:28:00,1,79.42,United Kingdom,231,0,79.42,0.0,1,1,1,1,Hibernating,0.832
16104,2011-07-10 19:00:00,2011-07-10 19:00:00,1,171.04,United Kingdom,153,0,171.04,0.0,1,2,1,1,Hibernating,0.832
16105,2011-12-03 15:11:00,2011-12-03 15:11:00,1,6.72,United Kingdom,7,0,6.72,0.0,0,5,1,1,New / Low Engagement,0.832
16106,2011-04-26 13:27:00,2011-04-26 13:27:00,1,82.29,United Kingdom,228,0,82.29,0.0,1,1,1,1,Hibernating,0.832
16107,2011-07-01 07:18:00,2011-07-01 07:18:00,1,9.48,Portugal,162,0,9.48,0.0,1,2,1,1,Hibernating,0.832
16108,2011-05-16 12:36:00,2011-05-16 12:36:00,1,210.53,Germany,208,0,210.53,0.0,1,2,1,1,Hibernating,1.0
16109,2011-10-30 15:55:00,2011-10-30 15:55:00,1,167.56,United Kingdom,41,0,167.56,0.0,0,3,1,1,Regular,0.832
16110,2011-07-30 09:29:00,2011-07-30 09:29:00,1,195.17,United Kingdom,133,0,195.17,0.0,1,3,1,1,Regular,0.832
16111,2011-09-26 08:47:00,2011-09-26 08:47:00,1,331.83,United Kingdom,75,0,331.83,0.0,0,3,1,2,Regular,0.827
16112,2011-04-24 13:39:00,2011-04-24 13:39:00,1,13.63,United Kingdom,230,0,13.63,0.0,1,1,1,1,Hibernating,0.832
16114,2011-01-31 11:39:00,2011-01-31 11:39:00,1,345.05,United Kingdom,313,0,345.05,0.0,1,1,1,2,Hibernating,0.827
16115,2011-10-09 08:00:00,2011-10-09 08:00:00,1,124.24,United Kingdom,62,0,124.24,0.0,0,3,1,1,Regular,0.832
16116,2011-04-03 12:33:00,2011-04-03 12:33:00,1,157.54,United Kingdom,251,0,157.54,0.0,1,1,1,1,Hibernating,0.832
16117,2011-12-07 16:39:00,2011-12-07 16:39:00,1,353.22,United Kingdom,3,0,353.22,0.0,0,5,1,2,New / Low Engagement,0.827
16118,2011-05-23 13:59:00,2011-05-23 13:59:00,1,335.76,United Kingdom,201,0,335.76,0.0,1,2,1,2,Hibernating,0.827
16119,2011-07-04 13:28:00,2011-07-04 13:28:00,1,200.96,United Kingdom,159,0,200.96,0.0,1,2,1,1,Hibernating,0.832
16120,2011-09-20 17:51:00,2011-09-20 17:51:00,1,66.34,Germany,81,0,66.34,0.0,0,3,1,1,Regular,0.832
16121,2010-12-24 11:45:00,2010-12-24 11:45:00,1,234.27,United Kingdom,351,0,234.27,0.0,1,1,1,1,Hibernating,0.696
16122,2011-01-11 12:24:00,2011-01-11 12:24:00,1,202.51,United Kingdom,333,0,202.51,0.0,1,1,1,1,Hibernating,0.832
16123,2011-12-05 15:01:00,2011-12-05 15:01:00,1,388.33,United Kingdom,5,0,388.33,0.0,0,5,1,2,New / Low Engagement,0.827
16124,2011-11-03 12:18:00,2011-11-03 12:18:00,1,11.55,France,37,0,11.55,0.0,0,3,1,1,Regular,0.832
16125,2011-07-23 14:58:00,2011-07-23 14:58:00,1,118.87,Netherlands,140,0,118.87,0.0,1,2,1,1,Hibernating,0.832
16126,2011-03-18 07:28:00,2011-03-18 07:28:00,1,258.43,United Kingdom,267,0,258.43,0.0,1,1,1,2,Hibernating,0.696
16127,2011-06-08 07:24:00,2011-06-08 07:24:00,1,252.17,France,185,0,252.17,0.0,1,2,1,2,Hibernating,0.696
16128,2011-06-04 14:24:00,2011-06-04 14:24:00,1,74.61,United Kingdom,189,0,74.61,0.0,1,2,1,1,Hibernating,0.832
16129,2011-08-06 14:45:00,2011-08-06 14:45:00,1,30.1,United Kingdom,126,0,30.1,0.0,1,3,1,1,Regular,0.832
16130,2011-11-12 08:45:00,2011-11-12 08:45:00,1,233.55,Netherlands,28,0,233.55,0.0,0,4,1,1,New / Low Engagement,0.696
16131,2011-07-17 14:11:00,2011-07-17 14:11:00,1,209.65,United Kingdom,146,0,209.65,0.0,1,2,1,1,Hibernating,1.0
16132,2010-12-30 17:47:00,2010-12-30 17:47:00,1,166.8,United Kingdom,345,0,166.8,0.0,1,1,1,1,Hibernating,0.832
16133,2011-04-09 13:43:00,2011-04-09 13:43:00,1,104.74,United Kingdom,245,0,104.74,0.0,1,1,1,1,Hibernating,0.832
16134,2011-07-28 16:38:00,2011-07-28 16:38:00,1,316.21,France,135,0,316.21,0.0,1,3,1,2,Regular,0.827
16135,2011-01-01 12:27:00,2011-01-01 12:27:00,1,211.02,United Kingdom,343,0,211.02,0.0,1,1,1,1,Hibernating,1.0
16136,2011-05-21 14:44:00,2011-05-21 14:44:00,1,37.5,United Kingdom,203,0,37.5,0.0,1,2,1,1,Hibernating,0.832
16137,2011-01-13 13:36:00,2011-01-13 13:36:00,1,488.35,Germany,331,0,488.35,0.0,1,1,1,2,Hibernating,0.827
16138,2011-09-05 08:52:00,2011-09-05 08:52:00,1,161.62,United Kingdom,96,0,161.62,0.0,1,3,1,1,Regular,0.832
16139,2011-05-08 10:29:00,2011-05-08 10:29:00,1,0.88,France,216,0,0.88,0.0,1,2,1,1,Hibernating,0.832
16140,2011-04-02 19:29:00,2011-04-02 19:29:00,1,51.36,United Kingdom,252,0,51.36,0.0,1,1,1,1,Hibernating,0.832
16141,2011-10-09 17:04:00,2011-10-09 17:04:00,1,162.49,United Kingdom,62,0,162.49,0.0,0,3,1,1,Regular,0.832
16142,2011-05-18 18:27:00,2011-05-18 18:27:00,1,67.15,Netherlands,206,0,67.15,0.0,1,2,1,1,Hibernating,0.832
16143,2011-11-04 12:02:00,2011-11-04 12:02:00,1,80.81,United Kingdom,36,0,80.81,0.0,0,3,1,1,Regular,0.832
16144,2011-09-27 09:30:00,2011-09-27 09:30:00,1,235.42,Ireland,74,0,235.42,0.0,0,3,1,1,Regular,0.696
16145,2011-06-19 13:38:00,2011-06-19 13:38:00,1,90.65,Ireland,174,0,90.65,0.0,1,2,1,1,Hibernating,0.832
16146,2011-07-24 08:28:00,2011-07-24 08:28:00,1,79.79,United Kingdom,139,0,79.79,0.0,1,2,1,1,Hibernating,0.832
16147,2011-09-25 13:22:00,2011-09-25 13:22:00,1,258.96,United Kingdom,76,0,258.96,0.0,0,3,1,2,Regular,0.696
16148,2011-06-10 17:09:00,2011-06-10 17:09:00,1,400.74,Germany,183,0,400.74,0.0,1,2,1,2,Hibernating,0.827
16149,2011-05-05 16:49:00,2011-05-05 16:49:00,1,292.02,United Kingdom,219,0,292.02,0.0,1,2,1,2,Hibernating,0.827
16150,2011-02-02 14:37:00,2011-02-02 14:37:00,1,199.18,Ireland,311,0,199.18,0.0,1,1,1,1,Hibernating,0.832
16151,2011-05-01 17:37:00,2011-05-01 17:37:00,1,142.92,United Kingdom,223,0,142.92,0.0,1,2,1,1,Hibernating,0.832
16152,2011-04-06 17:33:00,2011-04-06 17:33:00,1,135.67,Belgium,248,0,135.67,0.0,1,1,1,1,Hibernating,0.832
16153,2011-11-28 07:14:00,2011-11-28 07:14:00,1,304.68,United Kingdom,12,0,304.68,0.0,0,5,1,2,New / Low Engagement,0.827
16154,2011-02-27 11:16:00,2011-02-27 11:16:00,1,119.96,France,286,0,119.96,0.0,1,1,1,1,Hibernating,0.832
16155,2011-07-19 15:40:00,2011-07-19 15:40:00,1,193.82,France,144,0,193.82,0.0,1,2,1,1,Hibernating,0.832
16156,2011-07-17 07:53:00,2011-07-17 07:53:00,1,36.69,United Kingdom,146,0,36.69,0.0,1,2,1,1,Hibernating,0.832
16157,2011-08-31 16:05:00,2011-08-31 16:05:00,1,160.88,Ireland,101,0,160.88,0.0,1,3,1,1,Regular,0.832
16158,2011-02-06 14:58:00,2011-02-06 14:58:00,1,151.82,United Kingdom,307,0,151.82,0.0,1,1,1,1,Hibernating,0.832
16159,2011-11-03 09:31:00,2011-11-03 09:31:00,1,78.69,Portugal,37,0,78.69,0.0,0,3,1,1,Regular,0.832
16160,2011-05-30 11:10:00,2011-05-30 11:10:00,1,236.78,United Kingdom,194,0,236.78,0.0,1,2,1,1,Hibernating,0.696
16161,2011-02-07 13:00:00,2011-02-07 13:00:00,1,206.29,United Kingdom,306,0,206.29,0.0,1,1,1,1,Hibernating,0.832
16162,2011-05-12 12:05:00,2011-05-12 12:05:00,1,189.15,United Kingdom,212,0,189.15,0.0,1,2,1,1,Hibernating,0.832
16163,2011-10-07 15:36:00,2011-10-07 15:36:00,1,72.21,France,64,0,72.21,0.0,0,3,1,1,Regular,0.832
16164,2011-10-24 18:43:00,2011-10-24 18:43:00,1,99.82,United Kingdom,47,0,99.82,0.0,0,3,1,1,Regular,0.832
16165,2011-05-24 14:02:00,2011-05-24 14:02:00,1,174.67,United Kingdom,200,0,174.67,0.0,1,2,1,1,Hibernating,0.832
16166,2011-06-06 14:31:00,2011-06-06 14:31:00,1,123.29,United Kingdom,187,0,123.29,0.0,1,2,1,1,Hibernating,0.832
16167,2010-12-22 09:10:00,2010-12-22 09:10:00,1,132.3,United Kingdom,353,0,132.3,0.0,1,1,1,1,Hibernating,0.832
16168,2011-06-18 14:10:00,2011-06-18 14:10:00,1,52.8,United Kingdom,175,0,52.8,0.0,1,2,1,1,Hibernating,0.832
16169,2011-02-12 18:22:00,2011-02-12 18:22:00,1,259.98,United Kingdom,301,0,259.98,0.0,1,1,1,2,Hibernating,0.696
16170,2011-11-14 19:38:00,2011-11-14 19:38:00,1,62.68,United Kingdom,26,0,62.68,0.0,0,4,1,1,New / Low Engagement,0.832
16171,2011-07-28 09:00:00,2011-07-28 09:00:00,1,22.22,United Kingdom,135,0,22.22,0.0,1,3,1,1,Regular,0.832
16172,2011-02-11 09:20:00,2011-02-11 09:20:00,1,210.07,United Kingdom,302,0,210.07,0.0,1,1,1,1,Hibernating,1.0
16173,2011-08-21 08:49:00,2011-08-21 08:49:00,1,360.5,United Kingdom,111,0,360.5,0.0,1,3,1,2,Regular,0.827
16174,2011-08-09 14:06:00,2011-08-09 14:06:00,1,180.15,United Kingdom,123,0,180.15,0.0,1,3,1,1,Regular,0.832
16175,2011-06-22 09:32:00,2011-06-22 09:32:00,1,38.98,France,171,0,38.98,0.0,1,2,1,1,Hibernating,0.832
16176,2011-03-10 07:16:00,2011-03-10 07:16:00,1,186.87,United Kingdom,275,0,186.87,0.0,1,1,1,1,Hibernating,0.832
16177,2011-09-30 15:01:00,2011-09-30 15:01:00,1,8.96,United Kingdom,71,0,8.96,0.0,0,3,1,1,Regular,0.832
16178,2011-04-20 16:16:00,2011-04-20 16:16:00,1,284.01,United Kingdom,234,0,284.01,0.0,1,1,1,2,Hibernating,0.827
16179,2011-09-05 15:37:00,2011-09-05 15:37:00,1,175.08,United Kingdom,96,0,175.08,0.0,1,3,1,1,Regular,0.832
16180,2011-02-19 10:51:00,2011-02-19 10:51:00,1,279.65,United Kingdom,294,0,279.65,0.0,1,1,1,2,Hibernating,0.827
16181,2010-12-23 13:32:00,2010-12-23 13:32:00,1,191.62,United Kingdom,352,0,191.62,0.0,1,1,1,1,Hibernating,0.832
16182,2011-09-26 18:35:00,2011-09-26 18:35:00,1,291.72,United Kingdom,75,0,291.72,0.0,0,3,1,2,Regular,0.827
16183,2011-10-04 10:01:00,2011-10-04 10:01:00,1,75.23,Ireland,67,0,75.23,0.0,0,3,1,1,Regular,0.832
16184,2011-08-06 19:21:00,2011-08-06 19:21:00,1,3.19,United Kingdom,126,0,3.19,0.0,1,3,1,1,Regular,0.832
16186,2011-08-14 15:40:00,2011-08-14 15:40:00,1,118.9,United Kingdom,118,0,118.9,0.0,1,3,1,1,Regular,0.832
16187,2011-11-02 18:41:00,2011-11-02 18:41:00,1,106.49,Ireland,38,0,106.49,0.0,0,3,1,1,Regular,0.832
16188,2011-05-12 07:39:00,2011-05-12 07:39:00,1,89.23,United Kingdom,212,0,89.23,0.0,1,2,1,1,Hibernating,0.832
16189,2010-12-12 10:45:00,2010-12-12 10:45:00,1,286.09,United Kingdom,363,0,286.09,0.0,1,1,1,2,Hibernating,0.827
16190,2011-05-10 14:41:00,2011-05-10 14:41:00,1,79.29,United Kingdom,214,0,79.29,0.0,1,2,1,1,Hibernating,0.832
16191,2011-05-17 14:32:00,2011-05-17 14:32:00,1,167.38,United Kingdom,207,0,167.38,0.0,1,2,1,1,Hibernating,0.832
16192,2011-02-25 18:15:00,2011-02-25 18:15:00,1,141.81,Belgium,288,0,141.81,0.0,1,1,1,1,Hibernating,0.832
16193,2011-07-20 19:37:00,2011-07-20 19:37:00,1,93.21,United Kingdom,143,0,93.21,0.0,1,2,1,1,Hibernating,0.832
16194,2011-03-28 19:31:00,2011-03-28 19:31:00,1,274.17,United Kingdom,257,0,274.17,0.0,1,1,1,2,Hibernating,0.827
16195,2011-05-03 18:33:00,2011-05-03 18:33:00,1,173.03,Spain,221,0,173.03,0.0,1,2,1,1,Hibernating,0.832
16196,2011-07-06 09:20:00,2011-07-06 09:20:00,1,243.24,Netherlands,157,0,243.24,0.0,1,2,1,2,Hibernating,0.696
16197,2010-12-24 13:23:00,2010-12-24 13:23:00,1,92.04,United Kingdom,351,0,92.04,0.0,1,1,1,1,Hibernating,0.832
16198,2011-07-06 13:10:00,2011-07-06 13:10:00,1,211.59,Spain,157,0,211.59,0.0,1,2,1,1,Hibernating,1.0
16199,2011-02-11 08:52:00,2011-02-11 08:52:00,1,260.54,Ireland,302,0,260.54,0.0,1,1,1,2,Hibernating,0.696
16200,2010-12-09 16:15:00,2010-12-09 16:15:00,1,335.35,United Kingdom,366,0,335.35,0.0,1,1,1,2,Hibernating,0.827
16201,2011-10-01 19:56:00,2011-10-01 19:56:00,1,241.77,United Kingdom,69,0,241.77,0.0,0,3,1,1,Regular,0.696
16202,2011-07-08 19:52:00,2011-07-08 19:52:00,1,175.35,Germany,155,0,175.35,0.0,1,2,1,1,Hibernating,0.832
16203,2010-12-11 15:05:00,2010-12-11 15:05:00,1,129.46,United Kingdom,364,0,129.46,0.0,1,1,1,1,Hibernating,0.832
16204,2011-03-04 12:44:00,2011-03-04 12:44:00,1,141.96,United Kingdom,281,0,141.96,0.0,1,1,1,1,Hibernating,0.832
16205,2011-09-02 18:38:00,2011-09-02 18:38:00,1,141.49,United Kingdom,99,0,141.49,0.0,1,3,1,1,Regular,0.832
16206,2011-03-20 19:23:00,2011-03-20 19:23:00,1,237.84,United Kingdom,265,0,237.84,0.0,1,1,1,1,Hibernating,0.696
16207,2011-02-15 17:21:00,2011-02-15 17:21:00,1,121.6,United Kingdom,298,0,121.6,0.0,1,1,1,1,Hibernating,0.832
16208,2011-02-16 18:47:00,2011-02-16 18:47:00,1,84.46,United Kingdom,297,0,84.46,0.0,1,1,1,1,Hibernating,0.832
16209,2011-07-13 19:31:00,2011-07-13 19:31:00,1,244.49,United Kingdom,150,0,244.49,0.0,1,2,1,2,Hibernating,0.696
16210,2011-02-02 08:45:00,2011-02-02 08:45:00,1,180.4,United Kingdom,311,0,180.4,0.0,1,1,1,1,Hibernating,0.832
16211,2011-02-15 09:38:00,2011-02-15 09:38:00,1,14.55,United Kingdom,298,0,14.55,0.0,1,1,1,1,Hibernating,0.832
16212,2011-03-01 08:38:00,2011-03-01 08:38:00,1,172.7,Germany,284,0,172.7,0.0,1,1,1,1,Hibernating,0.832
16213,2011-05-25 07:31:00,2011-05-25 07:31:00,1,85.76,United Kingdom,199,0,85.76,0.0,1,2,1,1,Hibernating,0.832
16214,2010-12-06 17:51:00,2010-12-06 17:51:00,1,387.53,Germany,369,0,387.53,0.0,1,1,1,2,Hibernating,0.827
16215,2011-09-06 16:14:00,2011-09-06 16:14:00,1,162.49,Germany,95,0,162.49,0.0,1,3,1,1,Regular,0.832
16216,2011-07-06 14:28:00,2011-07-06 14:28:00,1,178.99,Spain,157,0,178.99,0.0,1,2,1,1,Hibernating,0.832
16217,2011-11-15 11:03:00,2011-11-15 11:03:00,1,373.98,Germany,25,0,373.98,0.0,0,4,1,2,New / Low Engagement,0.827
16218,2011-10-30 19:02:00,2011-10-30 19:02:00,1,248.82,France,41,0,248.82,0.0,0,3,1,2,Regular,0.696
16219,2011-03-29 12:13:00,2011-03-29 12:13:00,1,356.31,United Kingdom,256,0,356.31,0.0,1,1,1,2,Hibernating,0.827
16220,2011-10-30 13:33:00,2011-10-30 13:33:00,1,135.06,Germany,41,0,135.06,0.0,0,3,1,1,Regular,0.832
16221,2011-03-08 17:39:00,2011-03-08 17:39:00,1,327.9,United Kingdom,277,0,327.9,0.0,1,1,1,2,Hibernating,0.827
16222,2011-04-13 13:10:00,2011-04-13 13:10:00,1,174.38,United Kingdom,241,0,174.38,0.0,1,1,1,1,Hibernating,0.832
16223,2011-04-02 17:26:00,2011-04-02 17:26:00,1,95.74,United Kingdom,252,0,95.74,0.0,1,1,1,1,Hibernating,0.832
16224,2011-05-14 08:57:00,2011-05-14 08:57:00,1,356.47,Spain,210,0,356.47,0.0,1,2,1,2,Hibernating,0.827
16225,2011-09-18 08:33:00,2011-09-18 08:33:00,1,312.56,United Kingdom,83,0,312.56,0.0,0,3,1,2,Regular,0.827
16226,2011-11-11 08:54:00,2011-11-11 08:54:00,1,83.79,United Kingdom,29,0,83.79,0.0,0,4,1,1,New / Low Engagement,0.832
16227,2011-08-10 12:50:00,2011-08-10 12:50:00,1,233.92,Portugal,122,0,233.92,0.0,1,3,1,1,Regular,0.696
16228,2010-12-27 14:43:00,2010-12-27 14:43:00,1,190.26,United Kingdom,348,0,190.26,0.0,1,1,1,1,Hibernating,0.832
16229,2011-10-31 12:06:00,2011-10-31 12:06:00,1,89.98,United Kingdom,40,0,89.98,0.0,0,3,1,1,Regular,0.832
16230,2011-01-17 15:49:00,2011-01-17 15:49:00,1,159.34,United Kingdom,327,0,159.34,0.0,1,1,1,1,Hibernating,0.832
16231,2011-11-14 18:19:00,2011-11-14 18:19:00,1,44.36,United Kingdom,26,0,44.36,0.0,0,4,1,1,New / Low Engagement,0.832
16232,2011-07-27 17:48:00,2011-07-27 17:48:00,1,219.42,United Kingdom,136,0,219.42,0.0,1,3,1,1,Regular,1.0
16233,2011-04-15 13:48:00,2011-04-15 13:48:00,1,202.14,Germany,239,0,202.14,0.0,1,1,1,1,Hibernating,0.832
16234,2011-07-14 12:38:00,2011-07-14 12:38:00,1,213.44,United Kingdom,149,0,213.44,0.0,1,2,1,1,Hibernating,1.0
16235,2011-01-03 10:40:00,2011-01-03 10:40:00,1,27.2,France,341,0,27.2,0.0,1,1,1,1,Hibernating,0.832
16236,2011-07-16 18:34:00,2011-07-16 18:34:00,1,239.25,United Kingdom,147,0,239.25,0.0,1,2,1,1,Hibernating,0.696
16237,2011-11-27 12:21:00,2011-11-27 12:21:00,1,185.68,United Kingdom,13,0,185.68,0.0,0,5,1,1,New / Low Engagement,0.832
16238,2011-02-21 16:33:00,2011-02-21 16:33:00,1,191.16,Netherlands,292,0,191.16,0.0,1,1,1,1,Hibernating,0.832
16239,2011-09-14 10:25:00,2011-09-14 10:25:00,1,39.68,United Kingdom,87,0,39.68,0.0,0,3,1,1,Regular,0.832
16240,2011-09-26 07:16:00,2011-09-26 07:16:00,1,43.8,Spain,75,0,43.8,0.0,0,3,1,1,Regular,0.832
16241,2011-06-23 12:01:00,2011-06-23 12:01:00,1,133.78,Germany,170,0,133.78,0.0,1,2,1,1,Hibernating,0.832
16242,2011-05-10 18:19:00,2011-05-10 18:19:00,1,140.64,United Kingdom,214,0,140.64,0.0,1,2,1,1,Hibernating,0.832
16243,2011-07-25 12:50:00,2011-07-25 12:50:00,1,65.72,United Kingdom,138,0,65.72,0.0,1,2,1,1,Hibernating,0.832
16244,2011-10-23 13:35:00,2011-10-23 13:35:00,1,49.2,United Kingdom,48,0,49.2,0.0,0,3,1,1,Regular,0.832
16245,2011-01-10 11:31:00,2011-01-10 11:31:00,1,176.77,Germany,334,0,176.77,0.0,1,1,1,1,Hibernating,0.832
16246,2011-11-23 17:07:00,2011-11-23 17:07:00,1,193.32,United Kingdom,17,0,193.32,0.0,0,4,1,1,New / Low Engagement,0.832
16247,2011-02-21 11:52:00,2011-02-21 11:52:00,1,208.08,United Kingdom,292,0,208.08,0.0,1,1,1,1,Hibernating,0.832
16248,2011-05-12 14:12:00,2011-05-12 14:12:00,1,207.15,United Kingdom,212,0,207.15,0.0,1,2,1,1,Hibernating,0.832
16249,2011-02-27 08:12:00,2011-02-27 08:12:00,1,250.28,United Kingdom,286,0,250.28,0.0,1,1,1,2,Hibernating,0.696
16250,2011-10-15 08:35:00,2011-10-15 08:35:00,1,188.9,United Kingdom,56,0,188.9,0.0,0,3,1,1,Regular,0.832
16251,2011-09-25 11:03:00,2011-09-25 11:03:00,1,207.19,Ireland,76,0,207.19,0.0,0,3,1,1,Regular,0.832
16252,2011-03-25 14:53:00,2011-03-25 14:53:00,1,176.62,United Kingdom,260,0,176.62,0.0,1,1,1,1,Hibernating,0.832
16253,2011-11-04 11:26:00,2011-11-04 11:26:00,1,81.02,United Kingdom,36,0,81.02,0.0,0,3,1,1,Regular,0.832
16254,2011-07-21 19:53:00,2011-07-21 19:53:00,1,265.64,United Kingdom,142,0,265.64,0.0,1,2,1,2,Hibernating,0.696
16255,2010-12-27 17:03:00,2010-12-27 17:03:00,1,274.22,United Kingdom,348,0,274.22,0.0,1,1,1,2,Hibernating,0.827
16256,2011-08-13 08:49:00,2011-08-13 08:49:00,1,101.81,United Kingdom,119,0,101.81,0.0,1,3,1,1,Regular,0.832
16257,2011-01-14 17:29:00,2011-01-14 17:29:00,1,314.43,United Kingdom,330,0,314.43,0.0,1,1,1,2,Hibernating,0.827
16258,2011-01-08 07:53:00,2011-01-08 07:53:00,1,161.5,Ireland,336,0,161.5,0.0,1,1,1,1,Hibernating,0.832
16259,2011-06-06 09:08:00,2011-06-06 09:08:00,1,73.02,Germany,187,0,73.02,0.0,1,2,1,1,Hibernating,0.832
16260,2011-11-09 09:09:00,2011-11-09 09:09:00,1,66.17,Netherlands,31,0,66.17,0.0,0,4,1,1,New / Low Engagement,0.832
16261,2011-04-03 18:45:00,2011-04-03 18:45:00,1,153.95,United Kingdom,251,0,153.95,0.0,1,1,1,1,Hibernating,0.832
16262,2011-08-28 14:33:00,2011-08-28 14:33:00,1,4.5,United Kingdom,104,0,4.5,0.0,1,3,1,1,Regular,0.832
16263,2011-04-30 14:50:00,2011-04-30 14:50:00,1,94.55,United Kingdom,224,0,94.55,0.0,1,1,1,1,Hibernating,0.832
16264,2011-01-21 17:58:00,2011-01-21 17:58:00,1,150.05,United Kingdom,323,0,150.05,0.0,1,1,1,1,Hibernating,0.832
16265,2011-06-07 11:56:00,2011-06-07 11:56:00,1,173.97,United Kingdom,186,0,173.97,0.0,1,2,1,1,Hibernating,0.832
16266,2011-11-21 17:26:00,2011-11-21 17:26:00,1,168.26,United Kingdom,19,0,168.26,0.0,0,4,1,1,New / Low Engagement,0.832
16267,2011-02-28 08:09:00,2011-02-28 08:09:00,1,371.68,Spain,285,0,371.68,0.0,1,1,1,2,Hibernating,0.827
16268,2011-01-02 07:46:00,2011-01-02 07:46:00,1,66.44,United Kingdom,342,0,66.44,0.0,1,1,1,1,Hibernating,0.832
16269,2011-09-26 16:40:00,2011-09-26 16:40:00,1,199.96,United Kingdom,75,0,199.96,0.0,0,3,1,1,Regular,0.832
16270,2011-04-18 14:26:00,2011-04-18 14:26:00,1,136.64,Ireland,236,0,136.64,0.0,1,1,1,1,Hibernating,0.832
16271,2011-04-03 07:58:00,2011-04-03 07:58:00,1,186.11,Ireland,251,0,186.11,0.0,1,1,1,1,Hibernating,0.832
16272,2011-06-28 15:27:00,2011-06-28 15:27:00,1,207.37,Germany,165,0,207.37,0.0,1,2,1,1,Hibernating,0.832
16273,2011-09-04 11:25:00,2011-09-04 11:25:00,1,134.16,United Kingdom,97,0,134.16,0.0,1,3,1,1,Regular,0.832
16275,2011-03-17 10:35:00,2011-03-17 10:35:00,1,220.28,France,268,0,220.28,0.0,1,1,1,1,Hibernating,1.0
16276,2011-05-10 07:58:00,2011-05-10 07:58:00,1,204.85,United Kingdom,214,0,204.85,0.0,1,2,1,1,Hibernating,0.832
16277,2011-07-10 13:03:00,2011-07-10 13:03:00,1,144.63,United Kingdom,153,0,144.63,0.0,1,2,1,1,Hibernating,0.832
16278,2011-04-10 16:58:00,2011-04-10 16:58:00,1,322.71,United Kingdom,244,0,322.71,0.0,1,1,1,2,Hibernating,0.827
16279,2011-09-09 11:32:00,2011-09-09 11:32:00,1,5.91,United Kingdom,92,0,5.91,0.0,1,3,1,1,Regular,0.832
16280,2011-03-11 13:36:00,2011-03-11 13:36:00,1,266.87,Germany,274,0,266.87,0.0,1,1,1,2,Hibernating,0.696
16281,2010-12-25 08:13:00,2010-12-25 08:13:00,1,172.43,United Kingdom,350,0,172.43,0.0,1,1,1,1,Hibernating,0.832
16282,2011-03-19 10:42:00,2011-03-19 10:42:00,1,256.3,United Kingdom,266,0,256.3,0.0,1,1,1,2,Hibernating,0.696
16283,2011-06-20 09:15:00,2011-06-20 09:15:00,1,47.06,United Kingdom,173,0,47.06,0.0,1,2,1,1,Hibernating,0.832
16284,2011-04-27 16:59:00,2011-04-27 16:59:00,1,40.53,United Kingdom,227,0,40.53,0.0,1,1,1,1,Hibernating,0.832
16285,2011-11-06 07:01:00,2011-11-06 07:01:00,1,186.04,United Kingdom,34,0,186.04,0.0,0,3,1,1,Regular,0.832
16286,2011-01-09 08:20:00,2011-01-09 08:20:00,1,70.42,United Kingdom,335,0,70.42,0.0,1,1,1,1,Hibernating,0.832
16287,2010-12-22 15:59:00,2010-12-22 15:59:00,1,128.27,United Kingdom,353,0,128.27,0.0,1,1,1,1,Hibernating,0.832
16288,2011-09-18 11:08:00,2011-09-18 11:08:00,1,66.62,Netherlands,83,0,66.62,0.0,0,3,1,1,Regular,0.832
16289,2011-11-03 13:26:00,2011-11-03 13:26:00,1,255.12,United Kingdom,37,0,255.12,0.0,0,3,1,2,Regular,0.696
16290,2011-02-14 18:14:00,2011-02-14 18:14:00,1,286.02,United Kingdom,299,0,286.02,0.0,1,1,1,2,Hibernating,0.827
16291,2011-11-03 19:43:00,2011-11-03 19:43:00,1,133.01,United Kingdom,37,0,133.01,0.0,0,3,1,1,Regular,0.832
16292,2011-08-28 07:54:00,2011-08-28 07:54:00,1,24.28,Germany,104,0,24.28,0.0,1,3,1,1,Regular,0.832
16293,2011-11-21 12:25:00,2011-11-21 12:25:00,1,273.28,United Kingdom,19,0,273.28,0.0,0,4,1,2,New / Low Engagement,0.696
16294,2011-10-02 08:59:00,2011-10-02 08:59:00,1,17.94,United Kingdom,69,0,17.94,0.0,0,3,1,1,Regular,0.832
16295,2011-08-31 15:29:00,2011-08-31 15:29:00,1,248.09,United Kingdom,101,0,248.09,0.0,1,3,1,2,Regular,0.696
16296,2011-09-14 11:26:00,2011-09-14 11:26:00,1,126.59,United Kingdom,87,0,126.59,0.0,0,3,1,1,Regular,0.832
16297,2011-12-08 15:27:00,2011-12-08 15:27:00,1,270.58,United Kingdom,2,0,270.58,0.0,0,5,1,2,New / Low Engagement,0.696
16298,2011-01-10 13:47:00,2011-01-10 13:47:00,1,358.86,France,334,0,358.86,0.0,1,1,1,2,Hibernating,0.827
16299,2011-08-18 07:34:00,2011-08-18 07:34:00,1,84.29,United Kingdom,114,0,84.29,0.0,1,3,1,1,Regular,0.832
16300,2011-06-02 16:28:00,2011-06-02 16:28:00,1,272.49,United Kingdom,191,0,272.49,0.0,1,2,1,2,Hibernating,0.696
16301,2011-04-07 07:52:00,2011-04-07 07:52:00,1,126.67,Netherlands,247,0,126.67,0.0,1,1,1,1,Hibernating,0.832
16302,2011-10-06 13:48:00,2011-10-06 13:48:00,1,180.62,United Kingdom,65,0,180.62,0.0,0,3,1,1,Regular,0.832
16303,2011-04-07 17:36:00,2011-04-07 17:36:00,1,164.55,United Kingdom,247,0,164.55,0.0,1,1,1,1,Hibernating,0.832
16304,2010-12-03 18:42:00,2010-12-03 18:42:00,1,36.73,United Kingdom,372,0,36.73,0.0,1,1,1,1,Hibernating,0.832
16305,2011-02-20 10:00:00,2011-02-20 10:00:00,1,163.39,United Kingdom,293,0,163.39,0.0,1,1,1,1,Hibernating,0.832
16306,2011-01-25 16:32:00,2011-01-25 16:32:00,1,307.34,United Kingdom,319,0,307.34,0.0,1,1,1,2,Hibernating,0.827
16307,2011-04-30 18:26:00,2011-04-30 18:26:00,1,330.75,France,224,0,330.75,0.0,1,1,1,2,Hibernating,0.827
16308,2011-09-14 14:45:00,2011-09-14 14:45:00,1,150.86,United Kingdom,87,0,150.86,0.0,0,3,1,1,Regular,0.832
16310,2011-03-09 15:51:00,2011-03-09 15:51:00,1,323.69,United Kingdom,276,0,323.69,0.0,1,1,1,2,Hibernating,0.827
16311,2011-06-19 14:14:00,2011-06-19 14:14:00,1,11.93,United Kingdom,174,0,11.93,0.0,1,2,1,1,Hibernating,0.832
16312,2011-07-10 17:44:00,2011-07-10 17:44:00,1,305.98,United Kingdom,153,0,305.98,0.0,1,2,1,2,Hibernating,0.827
16313,2011-11-02 09:42:00,2011-11-02 09:42:00,1,41.91,United Kingdom,38,0,41.91,0.0,0,3,1,1,Regular,0.832
16314,2010-12-08 17:19:00,2010-12-08 17:19:00,1,256.41,United Kingdom,367,0,256.41,0.0,1,1,1,2,Hibernating,0.696
16315,2011-09-04 13:20:00,2011-09-04 13:20:00,1,318.96,Ireland,97,0,318.96,0.0,1,3,1,2,Regular,0.827
16316,2011-08-28 09:59:00,2011-08-28 09:59:00,1,301.73,France,104,0,301.73,0.0,1,3,1,2,Regular,0.827
16317,2011-06-09 16:41:00,2011-06-09 16:41:00,1,187.25,United Kingdom,184,0,187.25,0.0,1,2,1,1,Hibernating,0.832
16318,2011-10-14 12:07:00,2011-10-14 12:07:00,1,352.48,Ireland,57,0,352.48,0.0,0,3,1,2,Regular,0.827
16319,2011-11-14 17:48:00,2011-11-14 17:48:00,1,4.97,United Kingdom,26,0,4.97,0.0,0,4,1,1,New / Low Engagement,0.832
16320,2011-06-09 15:51:00,2011-06-09 15:51:00,1,160.48,United Kingdom,184,0,160.48,0.0,1,2,1,1,Hibernating,0.832
16321,2011-10-18 09:27:00,2011-10-18 09:27:00,1,172.19,United Kingdom,53,0,172.19,0.0,0,3,1,1,Regular,0.832
16322,2011-05-23 15:11:00,2011-05-23 15:11:00,1,101.31,United Kingdom,201,0,101.31,0.0,1,2,1,1,Hibernating,0.832
16323,2011-02-18 15:49:00,2011-02-18 15:49:00,1,338.97,United Kingdom,295,0,338.97,0.0,1,1,1,2,Hibernating,0.827
16324,2011-06-04 08:00:00,2011-06-04 08:00:00,1,136.39,United Kingdom,189,0,136.39,0.0,1,2,1,1,Hibernating,0.832
16325,2011-03-24 08:39:00,2011-03-24 08:39:00,1,302.61,United Kingdom,261,0,302.61,0.0,1,1,1,2,Hibernating,0.827
16326,2011-08-06 07:14:00,2011-08-06 07:14:00,1,573.4,United Kingdom,126,0,573.4,0.0,1,3,1,2,Regular,0.827
16327,2011-10-10 14:13:00,2011-10-10 14:13:00,1,113.32,United Kingdom,61,0,113.32,0.0,0,3,1,1,Regular,0.832
16328,2011-09-24 15:28:00,2011-09-24 15:28:00,1,253.34,Germany,77,0,253.34,0.0,0,3,1,2,Regular,0.696
16329,2011-11-28 11:49:00,2011-11-28 11:49:00,1,138.09,United Kingdom,12,0,138.09,0.0,0,5,1,1,New / Low Engagement,0.832
16330,2011-06-12 11:35:00,2011-06-12 11:35:00,1,186.11,United Kingdom,181,0,186.11,0.0,1,2,1,1,Hibernating,0.832
16331,2010-12-08 13:36:00,2010-12-08 13:36:00,1,220.45,Ireland,367,0,220.45,0.0,1,1,1,1,Hibernating,1.0
16332,2011-06-14 07:43:00,2011-06-14 07:43:00,1,110.91,Germany,179,0,110.91,0.0,1,2,1,1,Hibernating,0.832
16333,2011-09-06 14:42:00,2011-09-06 14:42:00,1,41.52,United Kingdom,95,0,41.52,0.0,1,3,1,1,Regular,0.832
16334,2011-05-14 16:54:00,2011-05-14 16:54:00,1,111.86,United Kingdom,210,0,111.86,0.0,1,2,1,1,Hibernating,0.832
16335,2011-04-05 11:53:00,2011-04-05 11:53:00,1,168.86,Netherlands,249,0,168.86,0.0,1,1,1,1,Hibernating,0.832
16336,2011-06-04 17:41:00,2011-06-04 17:41:00,1,140.54,France,189,0,140.54,0.0,1,2,1,1,Hibernating,0.832
16337,2011-04-28 07:19:00,2011-04-28 07:19:00,1,173.12,United Kingdom,226,0,173.12,0.0,1,1,1,1,Hibernating,0.832
16338,2010-12-06 17:59:00,2010-12-06 17:59:00,1,295.53,Ireland,369,0,295.53,0.0,1,1,1,2,Hibernating,0.827
16339,2011-05-01 14:03:00,2011-05-01 14:03:00,1,264.33,France,223,0,264.33,0.0,1,2,1,2,Hibernating,0.696
16340,2011-09-29 13:01:00,2011-09-29 13:01:00,1,66.37,United Kingdom,72,0,66.37,0.0,0,3,1,1,Regular,0.832
16341,2011-07-19 15:00:00,2011-07-19 15:00:00,1,343.55,Ireland,144,0,343.55,0.0,1,2,1,2,Hibernating,0.827
16342,2011-03-24 18:03:00,2011-03-24 18:03:00,1,424.18,Ireland,261,0,424.18,0.0,1,1,1,2,Hibernating,0.827
16343,2011-10-09 12:29:00,2011-10-09 12:29:00,1,323.83,United Kingdom,62,0,323.83,0.0,0,3,1,2,Regular,0.827
16344,2011-04-22 19:50:00,2011-04-22 19:50:00,1,121.93,United Kingdom,232,0,121.93,0.0,1,1,1,1,Hibernating,0.832
16345,2011-03-24 07:08:00,2011-03-24 07:08:00,1,17.6,United Kingdom,261,0,17.6,0.0,1,1,1,1,Hibernating,0.832
16346,2011-06-14 07:23:00,2011-06-14 07:23:00,1,117.86,France,179,0,117.86,0.0,1,2,1,1,Hibernating,0.832
16347,2011-07-28 13:04:00,2011-07-28 13:04:00,1,326.93,Germany,135,0,326.93,0.0,1,3,1,2,Regular,0.827
16349,2011-02-10 08:32:00,2011-02-10 08:32:00,1,209.14,United Kingdom,303,0,209.14,0.0,1,1,1,1,Hibernating,0.832
16350,2011-02-15 11:08:00,2011-02-15 11:08:00,1,148.01,United Kingdom,298,0,148.01,0.0,1,1,1,1,Hibernating,0.832
16351,2011-09-06 18:00:00,2011-09-06 18:00:00,1,23.73,United Kingdom,95,0,23.73,0.0,1,3,1,1,Regular,0.832
16352,2011-10-02 12:11:00,2011-10-02 12:11:00,1,181.14,Germany,69,0,181.14,0.0,0,3,1,1,Regular,0.832
16353,2011-04-04 12:19:00,2011-04-04 12:19:00,1,222.68,United Kingdom,250,0,222.68,0.0,1,1,1,1,Hibernating,0.696
16354,2011-01-20 15:53:00,2011-01-20 15:53:00,1,205.63,United Kingdom,324,0,205.63,0.0,1,1,1,1,Hibernating,0.832
16355,2011-08-05 07:38:00,2011-08-05 07:38:00,1,244.62,United Kingdom,127,0,244.62,0.0,1,3,1,2,Regular,0.696
16356,2011-09-26 17:43:00,2011-09-26 17:43:00,1,235.53,France,75,0,235.53,0.0,0,3,1,1,Regular,0.696
16357,2011-04-30 07:48:00,2011-04-30 07:48:00,1,103.87,Spain,224,0,103.87,0.0,1,1,1,1,Hibernating,0.832
16358,2011-10-22 16:59:00,2011-10-22 16:59:00,1,204.27,United Kingdom,49,0,204.27,0.0,0,3,1,1,Regular,0.832
16359,2011-08-18 13:29:00,2011-08-18 13:29:00,1,234.84,France,114,0,234.84,0.0,1,3,1,1,Regular,0.696
16360,2011-01-11 10:46:00,2011-01-11 10:46:00,1,174.18,United Kingdom,333,0,174.18,0.0,1,1,1,1,Hibernating,0.832
16361,2011-02-06 10:52:00,2011-02-06 10:52:00,1,51.78,United Kingdom,307,0,51.78,0.0,1,1,1,1,Hibernating,0.832
16362,2011-02-24 12:25:00,2011-02-24 12:25:00,1,114.6,France,289,0,114.6,0.0,1,1,1,1,Hibernating,0.832
16363,2011-01-29 13:52:00,2011-01-29 13:52:00,1,266.34,Ireland,315,0,266.34,0.0,1,1,1,2,Hibernating,0.696
16364,2011-11-11 17:09:00,2011-11-11 17:09:00,1,157.75,United Kingdom,29,0,157.75,0.0,0,4,1,1,New / Low Engagement,0.832
16365,2011-04-13 19:12:00,2011-04-13 19:12:00,1,319.17,Ireland,241,0,319.17,0.0,1,1,1,2,Hibernating,0.827
16366,2010-12-06 16:50:00,2010-12-06 16:50:00,1,21.59,Ireland,369,0,21.59,0.0,1,1,1,1,Hibernating,0.832
16368,2011-04-17 18:39:00,2011-04-17 18:39:00,1,50.12,United Kingdom,237,0,50.12,0.0,1,1,1,1,Hibernating,0.832
16369,2011-05-01 07:29:00,2011-05-01 07:29:00,1,203.72,United Kingdom,223,0,203.72,0.0,1,2,1,1,Hibernating,0.832
16370,2011-06-26 12:39:00,2011-06-26 12:39:00,1,161.84,United Kingdom,167,0,161.84,0.0,1,2,1,1,Hibernating,0.832
16371,2011-07-18 07:26:00,2011-07-18 07:26:00,1,198.77,Ireland,145,0,198.77,0.0,1,2,1,1,Hibernating,0.832
16372,2011-07-02 12:08:00,2011-07-02 12:08:00,1,129.05,United Kingdom,161,0,129.05,0.0,1,2,1,1,Hibernating,0.832
16373,2011-04-15 18:39:00,2011-04-15 18:39:00,1,335.76,United Kingdom,239,0,335.76,0.0,1,1,1,2,Hibernating,0.827
16374,2011-07-03 17:23:00,2011-07-03 17:23:00,1,38.08,United Kingdom,160,0,38.08,0.0,1,2,1,1,Hibernating,0.832
16375,2011-01-01 16:08:00,2011-01-01 16:08:00,1,160.3,United Kingdom,343,0,160.3,0.0,1,1,1,1,Hibernating,0.832
16376,2011-08-04 19:52:00,2011-08-04 19:52:00,1,194.35,United Kingdom,128,0,194.35,0.0,1,3,1,1,Regular,0.832
16377,2011-09-09 15:16:00,2011-09-09 15:16:00,1,262.93,United Kingdom,92,0,262.93,0.0,1,3,1,2,Regular,0.696
16378,2011-10-19 19:33:00,2011-10-19 19:33:00,1,334.31,United Kingdom,52,0,334.31,0.0,0,3,1,2,Regular,0.827
16379,2011-04-25 16:25:00,2011-04-25 16:25:00,1,203.44,Ireland,229,0,203.44,0.0,1,1,1,1,Hibernating,0.832
16380,2010-12-24 17:29:00,2010-12-24 17:29:00,1,243.72,Spain,351,0,243.72,0.0,1,1,1,2,Hibernating,0.696
16381,2011-03-27 08:28:00,2011-03-27 08:28:00,1,37.34,United Kingdom,258,0,37.34,0.0,1,1,1,1,Hibernating,0.832
16382,2011-11-07 08:52:00,2011-11-07 08:52:00,1,134.71,United Kingdom,33,0,134.71,0.0,0,3,1,1,Regular,0.832
16383,2011-05-16 13:38:00,2011-05-16 13:38:00,1,138.6,United Kingdom,208,0,138.6,0.0,1,2,1,1,Hibernating,0.832
16384,2011-01-17 07:42:00,2011-01-17 07:42:00,1,164.97,Germany,327,0,164.97,0.0,1,1,1,1,Hibernating,0.832
16385,2011-04-11 17:22:00,2011-04-11 17:22:00,1,168.72,United Kingdom,243,0,168.72,0.0,1,1,1,1,Hibernating,0.832
16386,2011-07-24 07:33:00,2011-07-24 07:33:00,1,258.0,United Kingdom,139,0,258.0,0.0,1,2,1,2,Hibernating,0.696
16387,2011-07-02 15:41:00,2011-07-02 15:41:00,1,80.5,United Kingdom,161,0,80.5,0.0,1,2,1,1,Hibernating,0.832
16388,2011-04-26 12:23:00,2011-04-26 12:23:00,1,143.54,France,228,0,143.54,0.0,1,1,1,1,Hibernating,0.832
16389,2011-11-24 13:39:00,2011-11-24 13:39:00,1,468.64,United Kingdom,16,0,468.64,0.0,0,5,1,2,New / Low Engagement,0.827
16390,2011-08-30 08:28:00,2011-08-30 08:28:00,1,174.23,Netherlands,102,0,174.23,0.0,1,3,1,1,Regular,0.832
16391,2011-11-23 08:59:00,2011-11-23 08:59:00,1,270.19,United Kingdom,17,0,270.19,0.0,0,4,1,2,New / Low Engagement,0.696
16392,2011-04-16 19:53:00,2011-04-16 19:53:00,1,265.71,United Kingdom,238,0,265.71,0.0,1,1,1,2,Hibernating,0.696
16393,2011-08-31 07:25:00,2011-08-31 07:25:00,1,282.8,Ireland,101,0,282.8,0.0,1,3,1,2,Regular,0.827
16394,2011-12-06 10:01:00,2011-12-06 10:01:00,1,339.13,United Kingdom,4,0,339.13,0.0,0,5,1,2,New / Low Engagement,0.827
16395,2011-09-18 16:23:00,2011-09-18 16:23:00,1,319.07,United Kingdom,83,0,319.07,0.0,0,3,1,2,Regular,0.827
16396,2011-03-27 16:04:00,2011-03-27 16:04:00,1,209.52,United Kingdom,258,0,209.52,0.0,1,1,1,1,Hibernating,1.0
16397,2011-02-22 12:22:00,2011-02-22 12:22:00,1,39.63,Ireland,291,0,39.63,0.0,1,1,1,1,Hibernating,0.832
16398,2011-05-17 13:08:00,2011-05-17 13:08:00,1,253.87,France,207,0,253.87,0.0,1,2,1,2,Hibernating,0.696
16399,2011-06-20 18:28:00,2011-06-20 18:28:00,1,291.49,United Kingdom,173,0,291.49,0.0,1,2,1,2,Hibernating,0.827
16400,2010-12-08 13:00:00,2010-12-08 13:00:00,1,152.08,Spain,367,0,152.08,0.0,1,1,1,1,Hibernating,0.832
16401,2011-10-25 17:44:00,2011-10-25 17:44:00,1,185.18,United Kingdom,46,0,185.18,0.0,0,3,1,1,Regular,0.832
16402,2011-04-06 07:19:00,2011-04-06 07:19:00,1,74.82,Ireland,248,0,74.82,0.0,1,1,1,1,Hibernating,0.832
16403,2011-02-27 19:46:00,2011-02-27 19:46:00,1,257.13,Ireland,286,0,257.13,0.0,1,1,1,2,Hibernating,0.696
16404,2011-01-31 17:12:00,2011-01-31 17:12:00,1,410.49,United Kingdom,313,0,410.49,0.0,1,1,1,2,Hibernating,0.827
16405,2011-12-02 16:03:00,2011-12-02 16:03:00,1,300.75,United Kingdom,8,0,300.75,0.0,0,5,1,2,New / Low Engagement,0.827
16406,2011-01-24 08:39:00,2011-01-24 08:39:00,1,194.57,France,320,0,194.57,0.0,1,1,1,1,Hibernating,0.832
16407,2011-06-28 17:46:00,2011-06-28 17:46:00,1,84.92,United Kingdom,165,0,84.92,0.0,1,2,1,1,Hibernating,0.832
16408,2011-03-07 15:17:00,2011-03-07 15:17:00,1,190.35,United Kingdom,278,0,190.35,0.0,1,1,1,1,Hibernating,0.832
16409,2011-05-30 08:46:00,2011-05-30 08:46:00,1,12.15,United Kingdom,194,0,12.15,0.0,1,2,1,1,Hibernating,0.832
16410,2011-02-08 07:13:00,2011-02-08 07:13:00,1,273.99,United Kingdom,305,0,273.99,0.0,1,1,1,2,Hibernating,0.827
16411,2011-07-01 19:12:00,2011-07-01 19:12:00,1,126.91,Ireland,162,0,126.91,0.0,1,2,1,1,Hibernating,0.832
16412,2011-10-29 15:34:00,2011-10-29 15:34:00,1,203.69,United Kingdom,42,0,203.69,0.0,0,3,1,1,Regular,0.832
16413,2011-11-04 12:44:00,2011-11-04 12:44:00,1,186.82,Netherlands,36,0,186.82,0.0,0,3,1,1,Regular,0.832
16414,2011-08-06 15:54:00,2011-08-06 15:54:00,1,12.39,Belgium,126,0,12.39,0.0,1,3,1,1,Regular,0.832
16415,2011-12-03 18:21:00,2011-12-03 18:21:00,1,31.73,United Kingdom,7,0,31.73,0.0,0,5,1,1,New / Low Engagement,0.832
16416,2011-06-29 19:40:00,2011-06-29 19:40:00,1,52.04,Germany,164,0,52.04,0.0,1,2,1,1,Hibernating,0.832
16417,2011-05-29 11:14:00,2011-05-29 11:14:00,1,153.7,Netherlands,195,0,153.7,0.0,1,2,1,1,Hibernating,0.832
16418,2011-10-13 08:31:00,2011-10-13 08:31:00,1,3.9,United Kingdom,58,0,3.9,0.0,0,3,1,1,Regular,0.832
16419,2011-06-06 11:33:00,2011-06-06 11:33:00,1,279.31,United Kingdom,187,0,279.31,0.0,1,2,1,2,Hibernating,0.827
16420,2011-06-28 11:26:00,2011-06-28 11:26:00,1,393.17,United Kingdom,165,0,393.17,0.0,1,2,1,2,Hibernating,0.827
16421,2010-12-19 18:32:00,2010-12-19 18:32:00,1,165.52,France,356,0,165.52,0.0,1,1,1,1,Hibernating,0.832
16422,2011-05-31 18:55:00,2011-05-31 18:55:00,1,171.75,United Kingdom,193,0,171.75,0.0,1,2,1,1,Hibernating,0.832
16423,2010-12-19 19:39:00,2010-12-19 19:39:00,1,319.51,United Kingdom,356,0,319.51,0.0,1,1,1,2,Hibernating,0.827
16424,2011-03-27 14:53:00,2011-03-27 14:53:00,1,129.61,United Kingdom,258,0,129.61,0.0,1,1,1,1,Hibernating,0.832
16425,2011-10-04 07:25:00,2011-10-04 07:25:00,1,132.49,United Kingdom,67,0,132.49,0.0,0,3,1,1,Regular,0.832
16426,2011-09-10 13:41:00,2011-09-10 13:41:00,1,275.63,Ireland,91,0,275.63,0.0,1,3,1,2,Regular,0.827
16428,2011-04-06 09:04:00,2011-04-06 09:04:00,1,244.77,Portugal,248,0,244.77,0.0,1,1,1,2,Hibernating,0.696
16429,2011-10-23 14:13:00,2011-10-23 14:13:00,1,149.92,United Kingdom,48,0,149.92,0.0,0,3,1,1,Regular,0.832
16430,2011-11-26 15:25:00,2011-11-26 15:25:00,1,55.26,United Kingdom,14,0,55.26,0.0,0,5,1,1,New / Low Engagement,0.832
16431,2011-03-01 10:04:00,2011-03-01 10:04:00,1,51.84,United Kingdom,284,0,51.84,0.0,1,1,1,1,Hibernating,0.832
16432,2010-12-16 10:50:00,2010-12-16 10:50:00,1,222.45,Portugal,359,0,222.45,0.0,1,1,1,1,Hibernating,0.696
16433,2011-03-08 08:00:00,2011-03-08 08:00:00,1,36.59,Germany,277,0,36.59,0.0,1,1,1,1,Hibernating,0.832
16434,2011-03-26 13:58:00,2011-03-26 13:58:00,1,56.41,United Kingdom,259,0,56.41,0.0,1,1,1,1,Hibernating,0.832
16435,2011-05-04 19:34:00,2011-05-04 19:34:00,1,111.97,United Kingdom,220,0,111.97,0.0,1,2,1,1,Hibernating,0.832
16436,2011-01-21 12:25:00,2011-01-21 12:25:00,1,121.19,United Kingdom,323,0,121.19,0.0,1,1,1,1,Hibernating,0.832
16437,2011-07-26 11:59:00,2011-07-26 11:59:00,1,181.94,United Kingdom,137,0,181.94,0.0,1,2,1,1,Hibernating,0.832
16438,2011-08-02 19:08:00,2011-08-02 19:08:00,1,139.59,United Kingdom,130,0,139.59,0.0,1,3,1,1,Regular,0.832
16439,2011-11-04 16:41:00,2011-11-04 16:41:00,1,173.26,United Kingdom,36,0,173.26,0.0,0,3,1,1,Regular,0.832
16440,2011-02-21 10:14:00,2011-02-21 10:14:00,1,27.6,United Kingdom,292,0,27.6,0.0,1,1,1,1,Hibernating,0.832
16441,2011-07-19 13:34:00,2011-07-19 13:34:00,1,309.58,France,144,0,309.58,0.0,1,2,1,2,Hibernating,0.827
16442,2011-06-22 10:14:00,2011-06-22 10:14:00,1,465.05,Ireland,171,0,465.05,0.0,1,2,1,2,Hibernating,0.827
16443,2011-01-12 12:09:00,2011-01-12 12:09:00,1,270.89,United Kingdom,332,0,270.89,0.0,1,1,1,2,Hibernating,0.696
16444,2011-05-10 11:33:00,2011-05-10 11:33:00,1,144.56,United Kingdom,214,0,144.56,0.0,1,2,1,1,Hibernating,0.832
16445,2011-09-21 17:47:00,2011-09-21 17:47:00,1,87.31,United Kingdom,80,0,87.31,0.0,0,3,1,1,Regular,0.832
16446,2011-11-05 09:10:00,2011-11-05 09:10:00,1,107.75,United Kingdom,35,0,107.75,0.0,0,3,1,1,Regular,0.832
16447,2011-05-06 09:51:00,2011-05-06 09:51:00,1,70.76,Netherlands,218,0,70.76,0.0,1,2,1,1,Hibernating,0.832
16448,2011-07-03 11:52:00,2011-07-03 11:52:00,1,127.14,United Kingdom,160,0,127.14,0.0,1,2,2,1,Hibernating,0.832
16449,2011-06-04 07:55:00,2011-06-04 07:55:00,1,250.46,United Kingdom,189,0,250.46,0.0,1,2,2,2,Hibernating,0.696
16450,2011-09-01 07:29:00,2011-09-01 07:29:00,1,298.56,United Kingdom,100,0,298.56,0.0,1,3,2,2,Regular,0.827
16451,2011-02-15 12:59:00,2011-02-15 12:59:00,1,132.72,Germany,298,0,132.72,0.0,1,1,2,1,Hibernating,0.832
16452,2011-12-02 09:22:00,2011-12-02 09:22:00,1,32.22,United Kingdom,8,0,32.22,0.0,0,5,2,1,New / Low Engagement,0.832
16453,2011-08-21 16:58:00,2011-08-21 16:58:00,1,275.92,Ireland,111,0,275.92,0.0,1,3,2,2,Regular,0.827
16454,2011-05-11 11:50:00,2011-05-11 11:50:00,1,84.09,United Kingdom,213,0,84.09,0.0,1,2,2,1,Hibernating,0.832
16455,2011-07-14 14:57:00,2011-07-14 14:57:00,1,227.32,Spain,149,0,227.32,0.0,1,2,2,1,Hibernating,0.696
16456,2011-03-02 19:36:00,2011-03-02 19:36:00,1,208.9,United Kingdom,283,0,208.9,0.0,1,1,2,1,Hibernating,0.832
16457,2011-05-21 15:32:00,2011-05-21 15:32:00,1,335.51,United Kingdom,203,0,335.51,0.0,1,2,2,2,Hibernating,0.827
16458,2011-07-07 07:26:00,2011-07-07 07:26:00,1,191.56,United Kingdom,156,0,191.56,0.0,1,2,2,1,Hibernating,0.832
16459,2011-10-25 14:24:00,2011-10-25 14:24:00,1,126.27,Spain,46,0,126.27,0.0,0,3,2,1,Regular,0.832
16460,2011-10-18 11:40:00,2011-10-18 11:40:00,1,316.45,United Kingdom,53,0,316.45,0.0,0,3,2,2,Regular,0.827
16461,2011-11-13 11:13:00,2011-11-13 11:13:00,1,284.25,Belgium,27,0,284.25,0.0,0,4,2,2,New / Low Engagement,0.827
16462,2011-02-23 08:27:00,2011-02-23 08:27:00,1,146.9,Spain,290,0,146.9,0.0,1,1,2,1,Hibernating,0.832
16463,2011-01-29 17:44:00,2011-01-29 17:44:00,1,18.42,France,315,0,18.42,0.0,1,1,2,1,Hibernating,0.832
16464,2010-12-16 09:50:00,2010-12-16 09:50:00,1,509.38,United Kingdom,359,0,509.38,0.0,1,1,2,2,Hibernating,0.827
16465,2011-01-21 13:26:00,2011-01-21 13:26:00,1,48.8,United Kingdom,323,0,48.8,0.0,1,1,2,1,Hibernating,0.832
16466,2010-12-01 14:41:00,2010-12-01 14:41:00,1,32.75,United Kingdom,374,0,32.75,0.0,1,1,2,1,Hibernating,0.832
16467,2011-08-29 14:00:00,2011-08-29 14:00:00,1,95.54,United Kingdom,103,0,95.54,0.0,1,3,2,1,Regular,0.832
16468,2011-09-22 13:55:00,2011-09-22 13:55:00,1,238.37,United Kingdom,79,0,238.37,0.0,0,3,2,1,Regular,0.696
16469,2011-04-07 16:31:00,2011-04-07 16:31:00,1,131.7,United Kingdom,247,0,131.7,0.0,1,1,2,1,Hibernating,0.832
16470,2011-08-15 07:11:00,2011-08-15 07:11:00,1,126.91,Spain,117,0,126.91,0.0,1,3,2,1,Regular,0.832
16471,2011-11-22 15:27:00,2011-11-22 15:27:00,1,251.39,United Kingdom,18,0,251.39,0.0,0,4,2,2,New / Low Engagement,0.696
16472,2011-07-08 18:53:00,2011-07-08 18:53:00,1,227.41,United Kingdom,155,0,227.41,0.0,1,2,2,1,Hibernating,0.696
16473,2011-05-09 13:47:00,2011-05-09 13:47:00,1,159.12,Netherlands,215,0,159.12,0.0,1,2,2,1,Hibernating,0.832
16474,2011-10-13 18:09:00,2011-10-13 18:09:00,1,386.09,United Kingdom,58,0,386.09,0.0,0,3,2,2,Regular,0.827
16475,2011-07-01 12:18:00,2011-07-01 12:18:00,1,215.42,United Kingdom,162,0,215.42,0.0,1,2,2,1,Hibernating,1.0
16476,2011-06-03 14:21:00,2011-06-03 14:21:00,1,85.88,Ireland,190,0,85.88,0.0,1,2,2,1,Hibernating,0.832
16477,2011-11-29 17:38:00,2011-11-29 17:38:00,1,177.52,United Kingdom,11,0,177.52,0.0,0,5,2,1,New / Low Engagement,0.832
16478,2011-08-30 10:20:00,2011-08-30 10:20:00,1,84.3,United Kingdom,102,0,84.3,0.0,1,3,2,1,Regular,0.832
16479,2011-10-19 07:24:00,2011-10-19 07:24:00,1,345.5,United Kingdom,52,0,345.5,0.0,0,3,2,2,Regular,0.827
16480,2011-01-07 13:32:00,2011-01-07 13:32:00,1,108.76,Ireland,337,0,108.76,0.0,1,1,2,1,Hibernating,0.832
16481,2011-04-12 14:49:00,2011-04-12 14:49:00,1,157.44,United Kingdom,242,0,157.44,0.0,1,1,2,1,Hibernating,0.832
16482,2011-08-19 14:27:00,2011-08-19 14:27:00,1,89.35,Ireland,113,0,89.35,0.0,1,3,2,1,Regular,0.832
16483,2010-12-29 13:07:00,2010-12-29 13:07:00,1,177.29,United Kingdom,346,0,177.29,0.0,1,1,2,1,Hibernating,0.832
16484,2011-01-27 09:00:00,2011-01-27 09:00:00,1,172.08,United Kingdom,317,0,172.08,0.0,1,1,2,1,Hibernating,0.832
16485,2011-06-12 10:49:00,2011-06-12 10:49:00,1,214.84,France,181,0,214.84,0.0,1,2,2,1,Hibernating,1.0
16486,2011-06-14 17:31:00,2011-06-14 17:31:00,1,161.85,United Kingdom,179,0,161.85,0.0,1,2,2,1,Hibernating,0.832
16487,2011-07-04 12:34:00,2011-07-04 12:34:00,1,137.51,United Kingdom,159,0,137.51,0.0,1,2,2,1,Hibernating,0.832
16488,2011-03-12 10:19:00,2011-03-12 10:19:00,1,282.65,United Kingdom,273,0,282.65,0.0,1,1,2,2,Hibernating,0.827
16489,2011-11-26 08:45:00,2011-11-26 08:45:00,1,301.17,United Kingdom,14,0,301.17,0.0,0,5,2,2,New / Low Engagement,0.827
16490,2011-09-03 13:29:00,2011-09-03 13:29:00,1,383.62,France,98,0,383.62,0.0,1,3,2,2,Regular,0.827
16491,2010-12-03 15:47:00,2010-12-03 15:47:00,1,479.98,United Kingdom,372,0,479.98,0.0,1,1,2,2,Hibernating,0.827
16492,2011-05-12 18:07:00,2011-05-12 18:07:00,1,214.04,United Kingdom,212,0,214.04,0.0,1,2,2,1,Hibernating,1.0
16493,2011-07-06 07:31:00,2011-07-06 07:31:00,1,115.31,Ireland,157,0,115.31,0.0,1,2,2,1,Hibernating,0.832
16494,2010-12-20 10:11:00,2010-12-20 10:11:00,1,245.63,United Kingdom,355,0,245.63,0.0,1,1,2,2,Hibernating,0.696
16495,2011-05-08 17:28:00,2011-05-08 17:28:00,1,267.8,United Kingdom,216,0,267.8,0.0,1,2,2,2,Hibernating,0.696
16496,2011-11-07 07:29:00,2011-11-07 07:29:00,1,39.41,United Kingdom,33,0,39.41,0.0,0,3,2,1,Regular,0.832
16497,2011-11-06 19:39:00,2011-11-06 19:39:00,1,333.33,United Kingdom,34,0,333.33,0.0,0,3,2,2,Regular,0.827
16498,2011-08-08 10:34:00,2011-08-08 10:34:00,1,25.98,United Kingdom,124,0,25.98,0.0,1,3,2,1,Regular,0.832
16499,2011-09-23 07:13:00,2011-09-23 07:13:00,1,101.55,United Kingdom,78,0,101.55,0.0,0,3,2,1,Regular,0.832
16500,2011-04-29 07:46:00,2011-04-29 07:46:00,1,185.58,United Kingdom,225,0,185.58,0.0,1,1,2,1,Hibernating,0.832
16501,2011-11-13 11:56:00,2011-11-13 11:56:00,1,102.65,United Kingdom,27,0,102.65,0.0,0,4,2,1,New / Low Engagement,0.832
16502,2011-06-16 18:03:00,2011-06-16 18:03:00,1,96.26,United Kingdom,177,0,96.26,0.0,1,2,2,1,Hibernating,0.832
16503,2011-03-08 14:44:00,2011-03-08 14:44:00,1,154.7,Ireland,277,0,154.7,0.0,1,1,2,1,Hibernating,0.832
16504,2010-12-01 10:39:00,2010-12-01 10:39:00,1,116.78,United Kingdom,374,0,116.78,0.0,1,1,2,1,Hibernating,0.832
16505,2011-08-04 12:38:00,2011-08-04 12:38:00,1,49.34,France,128,0,49.34,0.0,1,3,2,1,Regular,0.832
16506,2011-04-28 12:41:00,2011-04-28 12:41:00,1,31.36,France,226,0,31.36,0.0,1,1,2,1,Hibernating,0.832
16507,2011-11-19 10:23:00,2011-11-19 10:23:00,1,204.21,United Kingdom,21,0,204.21,0.0,0,4,2,1,New / Low Engagement,0.832
16508,2011-04-15 10:29:00,2011-04-15 10:29:00,1,176.92,United Kingdom,239,0,176.92,0.0,1,1,2,1,Hibernating,0.832
16509,2011-07-05 09:42:00,2011-07-05 09:42:00,1,218.22,Ireland,158,0,218.22,0.0,1,2,2,1,Hibernating,1.0
16510,2011-12-01 18:00:00,2011-12-01 18:00:00,1,187.33,United Kingdom,9,0,187.33,0.0,0,5,2,1,New / Low Engagement,0.832
16511,2011-08-04 15:39:00,2011-08-04 15:39:00,1,249.56,United Kingdom,128,0,249.56,0.0,1,3,2,2,Regular,0.696
16512,2011-07-15 17:45:00,2011-07-15 17:45:00,1,213.02,France,148,0,213.02,0.0,1,2,2,1,Hibernating,1.0
16513,2011-10-14 07:42:00,2011-10-14 07:42:00,1,271.85,Belgium,57,0,271.85,0.0,0,3,2,2,Regular,0.696
16514,2011-08-20 16:48:00,2011-08-20 16:48:00,1,82.68,United Kingdom,112,0,82.68,0.0,1,3,2,1,Regular,0.832
16515,2011-07-21 11:34:00,2011-07-21 11:34:00,1,2.8,United Kingdom,142,0,2.8,0.0,1,2,2,1,Hibernating,0.832
16516,2011-04-20 09:21:00,2011-04-20 09:21:00,1,50.7,United Kingdom,234,0,50.7,0.0,1,1,2,1,Hibernating,0.832
16517,2011-02-11 19:44:00,2011-02-11 19:44:00,1,149.29,United Kingdom,302,0,149.29,0.0,1,1,2,1,Hibernating,0.832
16518,2011-04-18 14:14:00,2011-04-18 14:14:00,1,188.95,United Kingdom,236,0,188.95,0.0,1,1,2,1,Hibernating,0.832
16519,2011-12-01 19:32:00,2011-12-01 19:32:00,1,16.21,United Kingdom,9,0,16.21,0.0,0,5,2,1,New / Low Engagement,0.832
16520,2011-06-09 18:54:00,2011-06-09 18:54:00,1,5.65,United Kingdom,184,0,5.65,0.0,1,2,2,1,Hibernating,0.832
16521,2011-06-14 07:31:00,2011-06-14 07:31:00,1,170.29,United Kingdom,179,0,170.29,0.0,1,2,2,1,Hibernating,0.832
16522,2011-08-08 18:46:00,2011-08-08 18:46:00,1,185.66,United Kingdom,124,0,185.66,0.0,1,3,2,1,Regular,0.832
16523,2011-02-27 08:44:00,2011-02-27 08:44:00,1,301.76,United Kingdom,286,0,301.76,0.0,1,1,2,2,Hibernating,0.827
16524,2011-04-13 14:29:00,2011-04-13 14:29:00,1,454.97,United Kingdom,241,0,454.97,0.0,1,1,2,2,Hibernating,0.827
16525,2011-07-14 09:55:00,2011-07-14 09:55:00,1,126.14,United Kingdom,149,0,126.14,0.0,1,2,2,1,Hibernating,0.832
16527,2011-07-18 09:06:00,2011-07-18 09:06:00,1,235.74,Germany,145,0,235.74,0.0,1,2,2,1,Hibernating,0.696
16528,2011-08-12 12:43:00,2011-08-12 12:43:00,1,159.31,Germany,120,0,159.31,0.0,1,3,2,1,Regular,0.832
16529,2010-12-26 19:23:00,2010-12-26 19:23:00,1,163.57,France,349,0,163.57,0.0,1,1,2,1,Hibernating,0.832
16530,2011-02-06 10:17:00,2011-02-06 10:17:00,1,40.16,Ireland,307,0,40.16,0.0,1,1,2,1,Hibernating,0.832
16531,2011-02-09 15:04:00,2011-02-09 15:04:00,1,121.33,United Kingdom,304,0,121.33,0.0,1,1,2,1,Hibernating,0.832
16532,2011-06-25 13:45:00,2011-06-25 13:45:00,1,220.24,United Kingdom,168,0,220.24,0.0,1,2,2,1,Hibernating,1.0
16533,2011-09-08 09:27:00,2011-09-08 09:27:00,1,80.2,United Kingdom,93,0,80.2,0.0,1,3,2,1,Regular,0.832
16534,2011-09-02 08:12:00,2011-09-02 08:12:00,1,11.1,France,99,0,11.1,0.0,1,3,2,1,Regular,0.832
16535,2011-06-21 17:21:00,2011-06-21 17:21:00,1,214.94,United Kingdom,172,0,214.94,0.0,1,2,2,1,Hibernating,1.0
16536,2011-06-03 10:28:00,2011-06-03 10:28:00,1,137.42,United Kingdom,190,0,137.42,0.0,1,2,2,1,Hibernating,0.832
16537,2010-12-09 08:44:00,2010-12-09 08:44:00,1,250.59,United Kingdom,366,0,250.59,0.0,1,1,2,2,Hibernating,0.696
16538,2011-09-27 17:29:00,2011-09-27 17:29:00,1,64.28,Germany,74,0,64.28,0.0,0,3,2,1,Regular,0.832
16539,2011-07-24 19:48:00,2011-07-24 19:48:00,1,264.39,United Kingdom,139,0,264.39,0.0,1,2,2,2,Hibernating,0.696
16540,2011-09-03 08:47:00,2011-09-03 08:47:00,1,246.08,United Kingdom,98,0,246.08,0.0,1,3,2,2,Regular,0.696
16541,2011-05-07 17:53:00,2011-05-07 17:53:00,1,99.53,United Kingdom,217,0,99.53,0.0,1,2,2,1,Hibernating,0.832
16542,2011-01-20 18:50:00,2011-01-20 18:50:00,1,150.05,United Kingdom,324,0,150.05,0.0,1,1,2,1,Hibernating,0.832
16543,2011-06-23 16:51:00,2011-06-23 16:51:00,1,345.0,United Kingdom,170,0,345.0,0.0,1,2,2,2,Hibernating,0.827
16544,2011-04-11 09:48:00,2011-04-11 09:48:00,1,266.59,United Kingdom,243,0,266.59,0.0,1,1,2,2,Hibernating,0.696
16545,2011-10-01 13:19:00,2011-10-01 13:19:00,1,49.45,United Kingdom,70,0,49.45,0.0,0,3,2,1,Regular,0.832
16546,2011-07-03 12:34:00,2011-07-03 12:34:00,1,49.27,United Kingdom,160,0,49.27,0.0,1,2,2,1,Hibernating,0.832
