InvoiceNo,StockCode,Description,Quantity,InvoiceDate,UnitPrice,CustomerID,Country,LineTotal
554786,22178,VICTORIAN GLASS HANGING T-LIGHT,3,2011-09-14 19:56:00,1.35,14245,United Kingdom,4.05
540892,84879,ASSORTED COLOUR BIRD ORNAMENT,15,2011-06-19 19:24:00,1.54,13367,United Kingdom,23.1
536520,71053,WHITE METAL LANTERN,9,2011-02-07 17:04:00,3.64,13144,United Kingdom,32.76
554190,84879,ASSORTED COLOUR BIRD ORNAMENT,3,2011-09-13 15:06:00,1.67,13310,United Kingdom,5.01
538475,22178,VICTORIAN GLASS HANGING T-LIGHT,17,2011-08-18 16:55:00,1.37,12883,United Kingdom,23.29
555989,20725,LUNCH BAG RED RETROSPOT,4,2011-02-04 19:09:00,1.78,13044,Belgium,7.12
580023,20727,LUNCH BAG BLACK SKULL.,4,2011-02-10 15:10:00,1.5,13883,United Kingdom,6.0
547670,21071,VINTAGE BILLBOARD DRINK ME MUG,12,2011-04-05 19:16:00,1.16,13763,United Kingdom,13.92
573078,22632,HAND WARMER RED POLKA DOT,3,2011-05-27 15:28:00,1.71,13181,Spain,5.13
545805,84879,ASSORTED COLOUR BIRD ORNAMENT,6,2011-08-29 15:26:00,1.68,14644,United Kingdom,10.08
567793,22960,JAM MAKING SET WITH JARS,2,2010-12-02 15:58:00,4.84,15540,United Kingdom,9.68
563684,21071,VINTAGE BILLBOARD DRINK ME MUG,3,2011-02-23 14:40:00,1.03,13086,Germany,3.09
571506,21212,PACK OF 72 RETROSPOT CAKE CASES,1,2011-02-10 14:28:00,0.4,12771,United Kingdom,0.4
546438,22178,VICTORIAN GLASS HANGING T-LIGHT,3,2011-08-06 09:13:00,1.34,14140,United Kingdom,4.02
552384,21931,JUMBO STORAGE BAG SUKI,8,2011-04-24 08:54:00,1.87,13183,United Kingdom,14.96
551725,23084,RABBIT NIGHT LIGHT,2,2010-12-03 07:01:00,1.88,14760,United Kingdom,3.76
555729,22383,LUNCH BAG SUKI DESIGN,9,2011-01-11 10:24:00,1.85,13780,United Kingdom,16.65
566494,22961,JAM MAKING SET PRINTED,7,2011-03-03 13:07:00,1.48,12773,United Kingdom,10.36
586825,22138,BAKING SET 9 PIECE RETROSPOT,6,2011-02-15 17:21:00,4.92,16059,United Kingdom,29.52
536590,21931,JUMBO STORAGE BAG SUKI,1,2011-02-26 10:53:00,2.2,13825,United Kingdom,2.2
548255,22138,BAKING SET 9 PIECE RETROSPOT,1,2011-09-12 09:10:00,4.57,13346,United Kingdom,4.57
547932,23203,JUMBO BAG DOILEY PATTERNS,12,2011-07-11 16:05:00,2.08,12584,United Kingdom,24.96
542606,71053,WHITE METAL LANTERN,7,2011-11-12 07:21:00,3.52,14099,Germany,24.64
555010,22086,PAPER CHAIN KIT 50'S CHRISTMAS,5,2011-06-09 11:15:00,3.04,13840,Germany,15.2
572267,22197,SMALL POPCORN HOLDER,6,2011-05-20 17:47:00,0.93,13577,France,5.58
580524,20725,LUNCH BAG RED RETROSPOT,2,2011-04-10 13:55:00,1.63,12928,Belgium,3.26
573195,23084,RABBIT NIGHT LIGHT,12,2011-05-04 11:57:00,2.36,13349,United Kingdom,28.32
566338,21730,GLASS STAR FROSTED T-LIGHT HOLDER,4,2011-03-14 17:16:00,4.55,15951,United Kingdom,18.2
578976,84029E,RED WOOLLY HOTTIE WHITE HEART,1,2011-03-16 17:59:00,4.13,13556,United Kingdom,4.13
577564,85123A,WHITE HANGING HEART T-LIGHT HOLDER,6,2011-03-14 17:55:00,2.75,14068,United Kingdom,16.5
577440,22197,SMALL POPCORN HOLDER,16,2011-04-13 07:43:00,0.97,13400,United Kingdom,15.52
583604,22178,VICTORIAN GLASS HANGING T-LIGHT,4,2011-05-13 13:45:00,1.37,15497,United Kingdom,5.48
554025,84879,ASSORTED COLOUR BIRD ORNAMENT,1,2011-01-10 11:57:00,1.88,14049,United Kingdom,1.88
577105,21929,JUMBO BAG PINK VINTAGE PAISLEY,5,2011-11-01 07:42:00,2.19,14660,United Kingdom,10.95
540273,22752,SET 7 BABUSHKA NESTING BOXES,9,2011-06-18 10:00:00,7.46,13601,United Kingdom,67.14
542870,84029G,KNITTED UNION FLAG HOT WATER BOTTLE,1,2010-12-19 16:49:00,3.9,13846,United Kingdom,3.9
554883,23203,JUMBO BAG DOILEY PATTERNS,14,2011-06-03 15:18:00,2.0,12427,United Kingdom,28.0
552129,20727,LUNCH BAG BLACK SKULL.,2,2011-08-25 15:59:00,1.57,14566,United Kingdom,3.14
542590,22632,HAND WARMER RED POLKA DOT,10,2011-02-10 08:34:00,1.9,13076,United Kingdom,19.0
556579,22178,VICTORIAN GLASS HANGING T-LIGHT,3,2011-07-05 08:50:00,1.25,12983,United Kingdom,3.75
553391,23298,SPOTTY BUNTING,8,2011-02-13 19:49:00,5.1,13466,Portugal,40.8
584702,22197,SMALL POPCORN HOLDER,1,2011-05-30 12:13:00,0.77,12847,United Kingdom,0.77
576877,22752,SET 7 BABUSHKA NESTING BOXES,8,2011-10-12 11:19:00,8.31,13182,United Kingdom,66.48
581946,22752,SET 7 BABUSHKA NESTING BOXES,11,2011-04-17 07:18:00,8.4,13448,United Kingdom,92.4
549961,22178,VICTORIAN GLASS HANGING T-LIGHT,8,2011-11-10 17:47:00,1.22,13271,United Kingdom,9.76
584132,22086,PAPER CHAIN KIT 50'S CHRISTMAS,5,2011-02-10 13:19:00,3.21,12410,France,16.05
539562,21931,JUMBO STORAGE BAG SUKI,15,2011-10-31 18:44:00,1.89,13221,United Kingdom,28.35
557725,22197,SMALL POPCORN HOLDER,2,2010-12-08 12:59:00,0.88,15585,United Kingdom,1.76
578379,22632,HAND WARMER RED POLKA DOT,1,2011-02-26 07:18:00,1.78,14565,United Kingdom,1.78
554336,22632,HAND WARMER RED POLKA DOT,2,2011-02-27 13:11:00,1.99,14851,United Kingdom,3.98
539698,21071,VINTAGE BILLBOARD DRINK ME MUG,4,2011-06-03 16:58:00,1.07,14300,United Kingdom,4.28
536389,23084,RABBIT NIGHT LIGHT,17,2011-05-01 08:30:00,2.37,12458,United Kingdom,40.29
550707,22752,SET 7 BABUSHKA NESTING BOXES,6,2010-12-14 15:35:00,8.2,13475,Germany,49.2
577918,22960,JAM MAKING SET WITH JARS,1,2011-10-28 12:10:00,4.25,12552,United Kingdom,4.25
565020,21755,LOVE BUILDING BLOCK WORD,4,2011-04-12 18:59:00,6.1,13393,Netherlands,24.4
549742,22960,JAM MAKING SET WITH JARS,13,2010-12-22 14:34:00,4.12,13725,United Kingdom,53.56
547396,23084,RABBIT NIGHT LIGHT,3,2010-12-04 07:18:00,2.18,15604,Ireland,6.54
542077,21754,HOME BUILDING BLOCK WORD,2,2010-12-18 11:13:00,5.5,13452,United Kingdom,11.0
544119,22178,VICTORIAN GLASS HANGING T-LIGHT,13,2010-12-08 08:15:00,1.42,13875,Ireland,18.46
567122,22961,JAM MAKING SET PRINTED,9,2011-02-10 15:22:00,1.52,13729,United Kingdom,13.68
553677,21755,LOVE BUILDING BLOCK WORD,8,2010-12-16 09:16:00,5.6,13557,United Kingdom,44.8
584059,21755,LOVE BUILDING BLOCK WORD,7,2010-12-24 09:41:00,5.66,13887,Germany,39.62
559350,22138,BAKING SET 9 PIECE RETROSPOT,1,2011-02-15 11:00:00,5.22,13242,United Kingdom,5.22
549221,23203,JUMBO BAG DOILEY PATTERNS,15,2011-10-23 18:10:00,1.97,13372,United Kingdom,29.55
573414,84879,ASSORTED COLOUR BIRD ORNAMENT,5,2011-02-22 19:49:00,1.87,12748,Portugal,9.35
549106,22752,SET 7 BABUSHKA NESTING BOXES,10,2011-03-27 19:00:00,8.14,12495,United Kingdom,81.4
572121,22752,SET 7 BABUSHKA NESTING BOXES,11,2011-02-14 11:28:00,8.79,13222,Spain,96.69
552695,84406B,CREAM CUPID HEARTS COAT HANGER,3,2010-12-18 09:35:00,2.59,13563,United Kingdom,7.77
542485,21755,LOVE BUILDING BLOCK WORD,8,2011-03-13 14:54:00,6.79,13445,United Kingdom,54.32
586845,21931,JUMBO STORAGE BAG SUKI,10,2011-11-04 12:08:00,1.83,12406,United Kingdom,18.3
574839,21755,LOVE BUILDING BLOCK WORD,5,2010-12-20 14:41:00,5.81,13792,United Kingdom,29.05
536651,22086,PAPER CHAIN KIT 50'S CHRISTMAS,9,2011-04-03 10:45:00,2.67,13140,Ireland,24.03
570260,21730,GLASS STAR FROSTED T-LIGHT HOLDER,12,2011-03-14 07:41:00,3.92,13412,United Kingdom,47.04
581775,85099B,JUMBO BAG RED RETROSPOT,2,2011-06-27 09:28:00,1.96,12390,Ireland,3.92
579841,22383,LUNCH BAG SUKI DESIGN,9,2010-12-23 09:09:00,1.75,13536,United Kingdom,15.75
573691,20725,LUNCH BAG RED RETROSPOT,18,2011-09-14 14:18:00,1.74,12692,United Kingdom,31.32
550942,23203,JUMBO BAG DOILEY PATTERNS,5,2010-12-24 13:01:00,2.3,15513,United Kingdom,11.5
561318,21754,HOME BUILDING BLOCK WORD,8,2010-12-11 13:54:00,6.03,15555,United Kingdom,48.24
577724,71053,WHITE METAL LANTERN,10,2010-12-07 12:17:00,3.61,13472,Belgium,36.1
539880,21755,LOVE BUILDING BLOCK WORD,6,2011-03-02 18:12:00,5.44,13535,United Kingdom,32.64
546438,21754,HOME BUILDING BLOCK WORD,2,2011-08-06 09:13:00,6.14,14140,United Kingdom,12.28
545925,22086,PAPER CHAIN KIT 50'S CHRISTMAS,6,2011-03-13 08:17:00,2.8,12492,United Kingdom,16.8
573972,21931,JUMBO STORAGE BAG SUKI,1,2011-09-21 14:56:00,1.81,12703,United Kingdom,1.81
586689,22632,HAND WARMER RED POLKA DOT,3,2011-03-20 12:59:00,1.98,13002,United Kingdom,5.94
550876,71053,WHITE METAL LANTERN,1,2011-03-07 14:33:00,3.65,14418,United Kingdom,3.65
563295,23084,RABBIT NIGHT LIGHT,7,2011-09-12 18:55:00,1.93,13027,Ireland,13.51
567362,22633,HAND WARMER UNION JACK,15,2011-07-05 09:34:00,1.83,13064,Belgium,27.45
551148,20727,LUNCH BAG BLACK SKULL.,7,2011-09-12 12:43:00,1.65,12868,United Kingdom,11.55
551543,21929,JUMBO BAG PINK VINTAGE PAISLEY,10,2011-03-11 09:07:00,2.27,12667,Germany,22.7
547285,22960,JAM MAKING SET WITH JARS,4,2011-07-28 15:49:00,3.9,12376,United Kingdom,15.6
578681,22086,PAPER CHAIN KIT 50'S CHRISTMAS,1,2011-03-01 07:35:00,2.99,13901,United Kingdom,2.99
574635,22632,HAND WARMER RED POLKA DOT,6,2010-12-19 07:23:00,1.85,13589,United Kingdom,11.1
584422,84879,ASSORTED COLOUR BIRD ORNAMENT,5,2011-09-17 12:56:00,1.61,12465,United Kingdom,8.05
538552,22633,HAND WARMER UNION JACK,8,2011-03-11 16:49:00,1.71,13506,United Kingdom,13.68
565284,23298,SPOTTY BUNTING,6,2011-06-20 11:49:00,5.63,13718,Netherlands,33.78
550236,21754,HOME BUILDING BLOCK WORD,16,2010-12-25 16:38:00,6.36,13761,France,101.76
555319,22633,HAND WARMER UNION JACK,5,2011-04-08 16:37:00,1.98,14346,United Kingdom,9.9
574635,84029E,RED WOOLLY HOTTIE WHITE HEART,21,2010-12-19 07:23:00,3.52,13589,United Kingdom,73.92
575476,85099B,JUMBO BAG RED RETROSPOT,6,2011-02-04 19:22:00,2.11,14799,Germany,12.66
562283,85123A,WHITE HANGING HEART T-LIGHT HOLDER,4,2011-06-29 19:37:00,2.62,12941,United Kingdom,10.48
574443,23298,SPOTTY BUNTING,7,2011-05-20 07:07:00,5.25,12828,United Kingdom,36.75
575597,23203,JUMBO BAG DOILEY PATTERNS,10,2011-03-16 17:15:00,1.99,13493,United Kingdom,19.9
553501,85123A,WHITE HANGING HEART T-LIGHT HOLDER,1,2011-05-03 09:42:00,2.83,12670,United Kingdom,2.83
586700,22383,LUNCH BAG SUKI DESIGN,12,2011-06-30 13:38:00,1.51,13002,United Kingdom,18.12
577666,84406B,CREAM CUPID HEARTS COAT HANGER,13,2011-02-22 10:29:00,3.09,13629,United Kingdom,40.17
555584,84879,ASSORTED COLOUR BIRD ORNAMENT,1,2011-03-29 11:41:00,1.81,12844,United Kingdom,1.81
586844,21071,VINTAGE BILLBOARD DRINK ME MUG,16,2011-07-02 17:43:00,1.02,12406,United Kingdom,16.32
585224,22138,BAKING SET 9 PIECE RETROSPOT,9,2010-12-13 18:14:00,5.57,13702,Ireland,50.13
567854,85123A,WHITE HANGING HEART T-LIGHT HOLDER,14,2011-11-12 13:45:00,2.62,13142,United Kingdom,36.68
568455,71053,WHITE METAL LANTERN,5,2011-10-28 16:49:00,3.52,13290,Ireland,17.6
568806,71053,WHITE METAL LANTERN,8,2011-03-01 10:23:00,3.6,12642,United Kingdom,28.8
582110,22752,SET 7 BABUSHKA NESTING BOXES,4,2010-12-14 14:31:00,8.71,13778,Germany,34.84
548866,21071,VINTAGE BILLBOARD DRINK ME MUG,9,2011-05-13 11:12:00,1.1,12836,France,9.9
558326,84879,ASSORTED COLOUR BIRD ORNAMENT,1,2011-07-29 17:11:00,1.92,13309,Ireland,1.92
545505,22632,HAND WARMER RED POLKA DOT,1,2010-12-02 12:28:00,1.96,14981,United Kingdom,1.96
558113,23084,RABBIT NIGHT LIGHT,1,2011-03-11 18:10:00,2.07,15147,United Kingdom,2.07
569771,21212,PACK OF 72 RETROSPOT CAKE CASES,3,2011-10-03 09:39:00,0.41,14593,United Kingdom,1.23
548064,22633,HAND WARMER UNION JACK,15,2011-07-25 07:05:00,1.89,12892,United Kingdom,28.35
573200,84029G,KNITTED UNION FLAG HOT WATER BOTTLE,1,2011-11-03 13:43:00,4.28,14014,France,4.28
542542,84406B,CREAM CUPID HEARTS COAT HANGER,2,2010-12-28 08:45:00,2.52,15094,United Kingdom,5.04
574316,22086,PAPER CHAIN KIT 50'S CHRISTMAS,1,2011-11-21 07:11:00,3.14,13396,Germany,3.14
559874,21212,PACK OF 72 RETROSPOT CAKE CASES,3,2010-12-24 12:20:00,0.44,14805,France,1.32
543554,22961,JAM MAKING SET PRINTED,3,2011-10-11 14:57:00,1.58,12980,United Kingdom,4.74
576966,21754,HOME BUILDING BLOCK WORD,7,2011-09-14 14:39:00,5.78,13168,United Kingdom,40.46
587269,23298,SPOTTY BUNTING,1,2010-12-27 10:57:00,5.14,13541,United Kingdom,5.14
536727,84406B,CREAM CUPID HEARTS COAT HANGER,9,2011-05-17 08:47:00,2.71,13842,United Kingdom,24.39
568980,84879,ASSORTED COLOUR BIRD ORNAMENT,1,2010-12-01 09:48:00,1.92,15277,Ireland,1.92
541653,20725,LUNCH BAG RED RETROSPOT,8,2011-02-10 09:45:00,1.79,12814,United Kingdom,14.32
560096,22632,HAND WARMER RED POLKA DOT,19,2010-12-03 19:27:00,1.75,13723,United Kingdom,33.25
554614,23203,JUMBO BAG DOILEY PATTERNS,9,2011-02-20 11:37:00,2.29,13187,Germany,20.61
562904,84406B,CREAM CUPID HEARTS COAT HANGER,13,2011-03-25 15:54:00,2.65,13058,United Kingdom,34.45
583783,20725,LUNCH BAG RED RETROSPOT,1,2010-12-01 15:08:00,1.63,13798,United Kingdom,1.63
550566,23084,RABBIT NIGHT LIGHT,1,2011-02-13 07:57:00,2.04,12425,United Kingdom,2.04
543688,22960,JAM MAKING SET WITH JARS,4,2011-09-15 08:43:00,4.06,12548,United Kingdom,16.24
576928,21931,JUMBO STORAGE BAG SUKI,6,2011-02-24 12:39:00,2.06,14772,United Kingdom,12.36
540338,22752,SET 7 BABUSHKA NESTING BOXES,1,2011-06-10 13:40:00,8.04,13902,United Kingdom,8.04
564108,85099B,JUMBO BAG RED RETROSPOT,17,2011-04-13 14:04:00,2.03,12929,United Kingdom,34.51
571667,22383,LUNCH BAG SUKI DESIGN,4,2011-08-18 07:34:00,1.66,16299,United Kingdom,6.64
586421,21071,VINTAGE BILLBOARD DRINK ME MUG,11,2011-05-11 11:04:00,1.14,13162,Ireland,12.54
553101,21931,JUMBO STORAGE BAG SUKI,2,2011-04-26 07:22:00,1.92,14692,United Kingdom,3.84
558787,21929,JUMBO BAG PINK VINTAGE PAISLEY,6,2010-12-15 09:06:00,2.24,13578,United Kingdom,13.44
580766,22138,BAKING SET 9 PIECE RETROSPOT,1,2011-04-05 18:46:00,5.4,15731,United Kingdom,5.4
586456,21754,HOME BUILDING BLOCK WORD,4,2011-12-01 18:45:00,6.18,13988,United Kingdom,24.72
541831,22383,LUNCH BAG SUKI DESIGN,8,2011-02-06 07:20:00,1.55,12443,United Kingdom,12.4
565608,22633,HAND WARMER UNION JACK,8,2011-07-25 10:33:00,2.1,12378,Ireland,16.8
579673,22383,LUNCH BAG SUKI DESIGN,9,2011-11-03 18:54:00,1.76,12371,United Kingdom,15.84
564642,21929,JUMBO BAG PINK VINTAGE PAISLEY,10,2011-09-14 07:18:00,2.24,12610,United Kingdom,22.4
562906,22383,LUNCH BAG SUKI DESIGN,1,2011-06-12 08:30:00,1.78,13058,United Kingdom,1.78
563619,85123A,WHITE HANGING HEART T-LIGHT HOLDER,4,2011-08-06 16:49:00,2.34,14318,United Kingdom,9.36
585315,85123A,WHITE HANGING HEART T-LIGHT HOLDER,1,2010-12-27 19:07:00,2.53,13756,United Kingdom,2.53
578618,85099B,JUMBO BAG RED RETROSPOT,17,2011-05-14 07:45:00,1.92,12451,United Kingdom,32.64
564293,21212,PACK OF 72 RETROSPOT CAKE CASES,13,2011-03-16 16:56:00,0.38,12666,United Kingdom,4.94
553247,22086,PAPER CHAIN KIT 50'S CHRISTMAS,1,2010-12-26 13:20:00,3.12,13476,United Kingdom,3.12
577517,22383,LUNCH BAG SUKI DESIGN,1,2010-12-06 10:52:00,1.81,13603,United Kingdom,1.81
574635,85123A,WHITE HANGING HEART T-LIGHT HOLDER,10,2010-12-19 07:23:00,2.6,13589,United Kingdom,26.0
570927,22197,SMALL POPCORN HOLDER,5,2010-12-14 19:00:00,0.81,13679,United Kingdom,4.05
583520,85123A,WHITE HANGING HEART T-LIGHT HOLDER,18,2011-06-19 12:05:00,2.57,13704,United Kingdom,46.26
575745,21212,PACK OF 72 RETROSPOT CAKE CASES,10,2011-04-08 10:50:00,0.47,13788,United Kingdom,4.7
561256,20725,LUNCH BAG RED RETROSPOT,17,2011-09-14 08:10:00,1.75,12690,United Kingdom,29.75
547826,21730,GLASS STAR FROSTED T-LIGHT HOLDER,14,2010-12-15 07:46:00,4.26,13531,United Kingdom,59.64
537255,22383,LUNCH BAG SUKI DESIGN,13,2011-02-28 14:22:00,1.77,13321,Ireland,23.01
546679,23203,JUMBO BAG DOILEY PATTERNS,4,2011-03-29 07:28:00,2.2,12436,United Kingdom,8.8
562598,22086,PAPER CHAIN KIT 50'S CHRISTMAS,18,2010-12-23 07:22:00,2.78,13433,United Kingdom,50.04
584813,23203,JUMBO BAG DOILEY PATTERNS,6,2011-03-16 16:02:00,1.99,12963,United Kingdom,11.94
571835,22961,JAM MAKING SET PRINTED,6,2011-05-20 08:06:00,1.35,13101,France,8.1
547399,22383,LUNCH BAG SUKI DESIGN,3,2010-12-07 18:17:00,1.79,15738,Ireland,5.37
567232,22752,SET 7 BABUSHKA NESTING BOXES,4,2011-09-11 16:36:00,7.02,12784,United Kingdom,28.08
565601,22961,JAM MAKING SET PRINTED,3,2011-09-15 08:24:00,1.48,12378,Ireland,4.44
552180,84879,ASSORTED COLOUR BIRD ORNAMENT,1,2011-03-10 10:39:00,1.7,12521,Ireland,1.7
585409,20727,LUNCH BAG BLACK SKULL.,1,2010-12-11 14:50:00,1.87,15790,United Kingdom,1.87
558822,22197,SMALL POPCORN HOLDER,9,2011-03-23 10:42:00,0.9,12681,United Kingdom,8.1
567013,71053,WHITE METAL LANTERN,10,2011-04-21 12:15:00,3.12,12433,United Kingdom,31.2
574563,21755,LOVE BUILDING BLOCK WORD,16,2011-08-07 09:17:00,6.68,12783,United Kingdom,106.88
551479,23084,RABBIT NIGHT LIGHT,1,2011-02-09 09:16:00,1.9,13015,United Kingdom,1.9
565308,20727,LUNCH BAG BLACK SKULL.,1,2011-09-13 13:40:00,1.76,14370,United Kingdom,1.76
556887,85099B,JUMBO BAG RED RETROSPOT,4,2011-11-01 10:53:00,2.02,13012,United Kingdom,8.08
571818,84029E,RED WOOLLY HOTTIE WHITE HEART,3,2011-09-13 16:46:00,3.48,13943,Germany,10.44
583131,21755,LOVE BUILDING BLOCK WORD,4,2011-02-12 17:31:00,6.53,12803,United Kingdom,26.12
579036,21929,JUMBO BAG PINK VINTAGE PAISLEY,5,2011-04-08 12:55:00,2.05,12526,United Kingdom,10.25
536899,22632,HAND WARMER RED POLKA DOT,13,2011-02-05 07:48:00,1.92,13110,United Kingdom,24.96
551087,20725,LUNCH BAG RED RETROSPOT,5,2011-09-17 11:28:00,1.68,13105,Spain,8.4
585112,71053,WHITE METAL LANTERN,1,2011-11-08 09:32:00,3.4,14597,United Kingdom,3.4
565809,20727,LUNCH BAG BLACK SKULL.,14,2011-04-16 11:17:00,1.52,12356,Ireland,21.28
573422,20725,LUNCH BAG RED RETROSPOT,7,2011-04-15 07:15:00,1.69,13728,United Kingdom,11.83
536705,85123A,WHITE HANGING HEART T-LIGHT HOLDER,20,2011-02-26 12:40:00,2.66,12888,United Kingdom,53.2
542456,22961,JAM MAKING SET PRINTED,12,2011-02-13 15:38:00,1.67,12818,United Kingdom,20.04
559125,22086,PAPER CHAIN KIT 50'S CHRISTMAS,5,2011-09-13 08:38:00,2.91,13153,United Kingdom,14.55
560583,22086,PAPER CHAIN KIT 50'S CHRISTMAS,1,2011-09-12 14:22:00,2.96,12585,United Kingdom,2.96
554704,71053,WHITE METAL LANTERN,1,2011-05-13 12:02:00,3.29,13121,United Kingdom,3.29
558227,20725,LUNCH BAG RED RETROSPOT,5,2011-04-16 19:32:00,1.78,14138,United Kingdom,8.9
584806,20727,LUNCH BAG BLACK SKULL.,1,2011-02-05 10:59:00,1.75,13281,Spain,1.75
539201,22752,SET 7 BABUSHKA NESTING BOXES,4,2011-02-05 19:15:00,7.92,12351,United Kingdom,31.68
546898,21730,GLASS STAR FROSTED T-LIGHT HOLDER,2,2011-09-12 13:01:00,3.92,12866,United Kingdom,7.84
577196,22138,BAKING SET 9 PIECE RETROSPOT,10,2011-01-07 14:20:00,4.97,13634,Germany,49.7
565435,22086,PAPER CHAIN KIT 50'S CHRISTMAS,17,2011-11-27 18:22:00,2.96,12700,Ireland,50.32
576316,22383,LUNCH BAG SUKI DESIGN,5,2011-03-28 17:20:00,1.52,12981,United Kingdom,7.6
548273,21071,VINTAGE BILLBOARD DRINK ME MUG,8,2011-09-13 13:14:00,1.09,16081,United Kingdom,8.72
542917,23298,SPOTTY BUNTING,12,2011-11-12 16:20:00,4.6,12954,France,55.2
577625,21212,PACK OF 72 RETROSPOT CAKE CASES,4,2010-12-02 09:46:00,0.43,15066,Ireland,1.72
584552,84029E,RED WOOLLY HOTTIE WHITE HEART,1,2011-04-25 10:37:00,3.43,13844,Ireland,3.43
571638,85099B,JUMBO BAG RED RETROSPOT,16,2011-01-05 17:34:00,2.28,13610,United Kingdom,36.48
560390,22961,JAM MAKING SET PRINTED,8,2011-05-24 15:39:00,1.59,13490,Ireland,12.72
576801,21929,JUMBO BAG PINK VINTAGE PAISLEY,4,2011-10-27 14:51:00,1.95,12856,Netherlands,7.8
579949,84029E,RED WOOLLY HOTTIE WHITE HEART,1,2011-03-09 15:26:00,3.56,15636,United Kingdom,3.56
581188,85123A,WHITE HANGING HEART T-LIGHT HOLDER,6,2011-05-22 17:09:00,2.69,12702,France,16.14
545512,22197,SMALL POPCORN HOLDER,17,2010-12-27 10:50:00,0.91,13867,United Kingdom,15.47
570471,85099B,JUMBO BAG RED RETROSPOT,8,2010-12-03 19:32:00,2.02,13624,United Kingdom,16.16
583789,22752,SET 7 BABUSHKA NESTING BOXES,4,2011-05-13 12:26:00,7.55,13798,United Kingdom,30.2
553670,21730,GLASS STAR FROSTED T-LIGHT HOLDER,12,2011-05-22 14:15:00,3.85,13557,United Kingdom,46.2
554307,21071,VINTAGE BILLBOARD DRINK ME MUG,6,2011-04-26 14:24:00,0.96,13054,United Kingdom,5.76
554230,20725,LUNCH BAG RED RETROSPOT,10,2010-12-18 14:00:00,1.85,13683,United Kingdom,18.5
583283,21755,LOVE BUILDING BLOCK WORD,7,2011-02-09 18:53:00,6.71,13823,United Kingdom,46.97
585751,85123A,WHITE HANGING HEART T-LIGHT HOLDER,3,2011-03-17 07:34:00,2.84,13399,Germany,8.52
571054,21929,JUMBO BAG PINK VINTAGE PAISLEY,23,2011-04-17 17:53:00,1.93,12580,Ireland,44.39
558326,84406B,CREAM CUPID HEARTS COAT HANGER,22,2011-07-29 17:11:00,2.72,13309,Ireland,59.84
550650,22960,JAM MAKING SET WITH JARS,1,2011-05-16 12:00:00,4.85,14309,United Kingdom,4.85
557305,21755,LOVE BUILDING BLOCK WORD,7,2011-04-02 14:35:00,6.48,13762,United Kingdom,45.36
586414,22383,LUNCH BAG SUKI DESIGN,5,2011-07-07 12:11:00,1.55,13162,Ireland,7.75
582077,84029E,RED WOOLLY HOTTIE WHITE HEART,6,2011-09-19 11:36:00,3.94,13228,United Kingdom,23.64
584780,22632,HAND WARMER RED POLKA DOT,5,2011-02-15 12:59:00,1.97,16451,Germany,9.85
576777,22383,LUNCH BAG SUKI DESIGN,7,2011-07-24 17:45:00,1.63,12547,United Kingdom,11.41
552848,22960,JAM MAKING SET WITH JARS,20,2011-04-24 17:23:00,3.99,13449,France,79.8
574241,23203,JUMBO BAG DOILEY PATTERNS,12,2011-04-25 08:18:00,1.96,13329,United Kingdom,23.52
547792,21071,VINTAGE BILLBOARD DRINK ME MUG,6,2011-07-29 19:13:00,1.06,13047,United Kingdom,6.36
555512,22633,HAND WARMER UNION JACK,7,2010-12-03 09:14:00,1.85,13477,Germany,12.95
585971,85099B,JUMBO BAG RED RETROSPOT,10,2011-04-18 18:10:00,2.11,13685,United Kingdom,21.1
556506,21929,JUMBO BAG PINK VINTAGE PAISLEY,11,2011-08-29 07:53:00,1.89,12564,United Kingdom,20.79
558102,21730,GLASS STAR FROSTED T-LIGHT HOLDER,12,2011-06-28 16:08:00,4.75,12454,United Kingdom,57.0
555145,84879,ASSORTED COLOUR BIRD ORNAMENT,9,2011-02-16 14:58:00,1.8,12403,Netherlands,16.2
568830,22197,SMALL POPCORN HOLDER,3,2011-11-07 07:24:00,0.85,14465,United Kingdom,2.55
544117,84029E,RED WOOLLY HOTTIE WHITE HEART,7,2011-04-12 17:17:00,3.88,13875,Ireland,27.16
557119,22752,SET 7 BABUSHKA NESTING BOXES,11,2011-07-09 09:43:00,7.83,12810,United Kingdom,86.13
567719,85123A,WHITE HANGING HEART T-LIGHT HOLDER,9,2011-03-30 11:40:00,2.62,12440,Belgium,23.58
538264,22960,JAM MAKING SET WITH JARS,9,2011-08-30 08:02:00,4.27,13510,Spain,38.43
583869,21071,VINTAGE BILLBOARD DRINK ME MUG,15,2010-12-01 08:57:00,1.04,13421,Germany,15.6
538753,21755,LOVE BUILDING BLOCK WORD,16,2011-05-18 12:13:00,6.49,12488,Portugal,103.84
570484,84029G,KNITTED UNION FLAG HOT WATER BOTTLE,4,2010-12-31 11:36:00,4.22,13624,United Kingdom,16.88
569226,22961,JAM MAKING SET PRINTED,4,2011-02-12 13:48:00,1.36,14118,United Kingdom,5.44
581670,22178,VICTORIAN GLASS HANGING T-LIGHT,1,2011-10-22 11:21:00,1.33,14575,United Kingdom,1.33
581911,23298,SPOTTY BUNTING,2,2011-05-13 15:29:00,5.32,12629,Germany,10.64
580553,21071,VINTAGE BILLBOARD DRINK ME MUG,13,2011-10-09 11:18:00,1.08,13253,Belgium,14.04
539095,23084,RABBIT NIGHT LIGHT,13,2011-03-24 07:15:00,1.97,12600,United Kingdom,25.61
551100,22178,VICTORIAN GLASS HANGING T-LIGHT,1,2011-06-02 12:46:00,1.27,14103,United Kingdom,1.27
571619,20727,LUNCH BAG BLACK SKULL.,13,2011-06-24 12:06:00,1.71,13651,United Kingdom,22.23
569531,23084,RABBIT NIGHT LIGHT,1,2010-12-10 11:48:00,2.16,13779,United Kingdom,2.16
574683,20725,LUNCH BAG RED RETROSPOT,6,2011-02-20 13:39:00,1.62,15769,United Kingdom,9.72
567793,23298,SPOTTY BUNTING,5,2010-12-02 15:58:00,5.1,15540,United Kingdom,25.5
554523,85099B,JUMBO BAG RED RETROSPOT,1,2011-04-12 08:08:00,1.88,12698,United Kingdom,1.88
580662,22138,BAKING SET 9 PIECE RETROSPOT,4,2011-05-21 16:21:00,5.03,13432,United Kingdom,20.12
540443,22178,VICTORIAN GLASS HANGING T-LIGHT,6,2011-11-12 17:14:00,1.16,14117,United Kingdom,6.96
550817,22961,JAM MAKING SET PRINTED,12,2010-12-27 17:03:00,1.55,16255,United Kingdom,18.6
554149,22086,PAPER CHAIN KIT 50'S CHRISTMAS,9,2011-04-08 17:12:00,3.29,12785,United Kingdom,29.61
572581,22383,LUNCH BAG SUKI DESIGN,1,2011-02-12 14:00:00,1.64,13379,France,1.64
539141,22086,PAPER CHAIN KIT 50'S CHRISTMAS,4,2011-02-07 19:35:00,3.18,13638,United Kingdom,12.72
578283,22961,JAM MAKING SET PRINTED,5,2011-06-19 09:06:00,1.64,13934,United Kingdom,8.2
538009,21929,JUMBO BAG PINK VINTAGE PAISLEY,8,2011-08-20 10:20:00,2.22,12439,United Kingdom,17.76
566210,21071,VINTAGE BILLBOARD DRINK ME MUG,10,2011-02-11 12:49:00,0.98,13283,Germany,9.8
551865,84879,ASSORTED COLOUR BIRD ORNAMENT,5,2011-02-07 10:09:00,1.58,13389,United Kingdom,7.9
577309,21929,JUMBO BAG PINK VINTAGE PAISLEY,7,2010-12-15 08:12:00,2.07,15018,United Kingdom,14.49
583116,22960,JAM MAKING SET WITH JARS,18,2011-06-23 13:35:00,3.91,12969,United Kingdom,70.38
553509,23203,JUMBO BAG DOILEY PATTERNS,7,2011-06-19 16:05:00,2.15,12670,United Kingdom,15.05
553725,22960,JAM MAKING SET WITH JARS,15,2011-09-09 09:33:00,4.62,12602,United Kingdom,69.3
546479,21929,JUMBO BAG PINK VINTAGE PAISLEY,6,2011-09-25 18:30:00,2.16,12562,United Kingdom,12.96
544119,23203,JUMBO BAG DOILEY PATTERNS,9,2010-12-08 08:15:00,1.95,13875,Ireland,17.55
586167,22383,LUNCH BAG SUKI DESIGN,1,2011-02-04 18:42:00,1.49,12367,Ireland,1.49
544332,22383,LUNCH BAG SUKI DESIGN,4,2010-12-16 19:59:00,1.85,14918,United Kingdom,7.4
560991,22633,HAND WARMER UNION JACK,16,2011-02-25 18:01:00,1.77,13805,Germany,28.32
569242,21754,HOME BUILDING BLOCK WORD,7,2011-09-13 08:42:00,6.56,13311,United Kingdom,45.92
582385,21755,LOVE BUILDING BLOCK WORD,9,2011-04-30 19:47:00,6.32,12903,United Kingdom,56.88
578160,21754,HOME BUILDING BLOCK WORD,8,2011-08-12 09:55:00,5.72,12763,France,45.76
576331,20727,LUNCH BAG BLACK SKULL.,5,2011-09-12 18:20:00,1.55,12981,United Kingdom,7.75
564944,71053,WHITE METAL LANTERN,1,2011-02-10 14:32:00,3.85,12734,United Kingdom,3.85
543443,21730,GLASS STAR FROSTED T-LIGHT HOLDER,1,2011-02-19 07:00:00,4.69,13368,United Kingdom,4.69
538913,23298,SPOTTY BUNTING,6,2010-12-15 11:46:00,4.81,15085,United Kingdom,28.86
586581,21931,JUMBO STORAGE BAG SUKI,9,2011-02-05 16:08:00,1.98,12536,Germany,17.82
565185,71053,WHITE METAL LANTERN,4,2010-12-04 14:15:00,3.37,15669,Spain,13.48
571674,22138,BAKING SET 9 PIECE RETROSPOT,17,2011-02-07 16:59:00,4.84,13786,United Kingdom,82.28
572452,21071,VINTAGE BILLBOARD DRINK ME MUG,2,2011-02-10 07:14:00,1.0,15720,United Kingdom,2.0
548062,23203,JUMBO BAG DOILEY PATTERNS,13,2011-09-14 17:41:00,1.97,12892,United Kingdom,25.61
587288,22960,JAM MAKING SET WITH JARS,5,2011-07-30 09:29:00,4.38,16110,United Kingdom,21.9
557433,23084,RABBIT NIGHT LIGHT,4,2011-03-26 07:21:00,1.99,13214,United Kingdom,7.96
586191,22138,BAKING SET 9 PIECE RETROSPOT,7,2011-02-20 18:36:00,4.89,12906,United Kingdom,34.23
575241,22178,VICTORIAN GLASS HANGING T-LIGHT,12,2011-05-21 13:43:00,1.28,13360,Belgium,15.36
558245,22383,LUNCH BAG SUKI DESIGN,10,2011-03-10 11:17:00,1.79,13327,United Kingdom,17.9
571651,22383,LUNCH BAG SUKI DESIGN,17,2011-02-11 09:50:00,1.7,13610,United Kingdom,28.9
544090,23298,SPOTTY BUNTING,17,2011-03-02 14:37:00,4.82,13691,United Kingdom,81.94
568840,22197,SMALL POPCORN HOLDER,2,2011-02-07 18:53:00,0.78,14465,United Kingdom,1.56
571205,85123A,WHITE HANGING HEART T-LIGHT HOLDER,10,2011-05-13 16:50:00,2.81,13829,Germany,28.1
587068,22752,SET 7 BABUSHKA NESTING BOXES,4,2011-04-15 08:26:00,8.69,14653,United Kingdom,34.76
587127,22752,SET 7 BABUSHKA NESTING BOXES,12,2011-02-07 13:25:00,7.19,13127,Germany,86.28
580797,22752,SET 7 BABUSHKA NESTING BOXES,2,2011-02-08 09:46:00,7.15,14502,United Kingdom,14.3
538654,22633,HAND WARMER UNION JACK,1,2011-07-03 07:18:00,2.06,13254,Germany,2.06
581797,23084,RABBIT NIGHT LIGHT,8,2010-12-09 18:13:00,2.32,13832,Netherlands,18.56
585442,22633,HAND WARMER UNION JACK,14,2011-02-28 11:53:00,1.88,12931,United Kingdom,26.32
569170,22086,PAPER CHAIN KIT 50'S CHRISTMAS,5,2010-12-11 17:10:00,3.39,13468,United Kingdom,16.95
573338,22383,LUNCH BAG SUKI DESIGN,3,2011-03-12 11:59:00,1.65,13590,United Kingdom,4.95
537553,22178,VICTORIAN GLASS HANGING T-LIGHT,8,2011-09-16 13:46:00,1.38,13150,United Kingdom,11.04
583467,21730,GLASS STAR FROSTED T-LIGHT HOLDER,12,2011-06-04 12:58:00,4.01,13369,United Kingdom,48.12
538165,22752,SET 7 BABUSHKA NESTING BOXES,6,2011-02-07 18:25:00,7.22,12604,United Kingdom,43.32
572617,84879,ASSORTED COLOUR BIRD ORNAMENT,8,2011-03-04 19:50:00,1.6,12821,United Kingdom,12.8
547973,22086,PAPER CHAIN KIT 50'S CHRISTMAS,8,2010-12-24 19:43:00,2.94,13435,United Kingdom,23.52
555737,20725,LUNCH BAG RED RETROSPOT,9,2010-12-15 08:24:00,1.57,13780,United Kingdom,14.13
544586,21754,HOME BUILDING BLOCK WORD,8,2011-02-26 07:33:00,6.14,13279,United Kingdom,49.12
556234,22961,JAM MAKING SET PRINTED,9,2011-03-13 17:00:00,1.44,12561,Ireland,12.96
570048,21755,LOVE BUILDING BLOCK WORD,5,2011-06-01 10:16:00,6.18,15198,United Kingdom,30.9
563850,22383,LUNCH BAG SUKI DESIGN,6,2011-03-12 13:28:00,1.59,14936,United Kingdom,9.54
557612,21754,HOME BUILDING BLOCK WORD,3,2011-03-18 16:02:00,6.48,12820,Portugal,19.44
564708,23203,JUMBO BAG DOILEY PATTERNS,6,2011-01-10 17:38:00,2.34,13631,United Kingdom,14.04
560664,21754,HOME BUILDING BLOCK WORD,8,2011-04-16 17:38:00,6.28,12961,United Kingdom,50.24
572371,21929,JUMBO BAG PINK VINTAGE PAISLEY,1,2011-02-21 17:23:00,1.9,13282,Spain,1.9
582614,22086,PAPER CHAIN KIT 50'S CHRISTMAS,1,2011-02-09 10:34:00,3.06,14701,United Kingdom,3.06
563827,22632,HAND WARMER RED POLKA DOT,13,2010-12-23 15:18:00,2.11,13484,Ireland,27.43
562912,23298,SPOTTY BUNTING,9,2011-11-03 12:51:00,5.68,13058,United Kingdom,51.12
539344,22178,VICTORIAN GLASS HANGING T-LIGHT,11,2011-07-02 19:10:00,1.3,13800,United Kingdom,14.3
564413,23203,JUMBO BAG DOILEY PATTERNS,9,2010-12-07 09:43:00,2.39,13511,United Kingdom,21.51
562227,71053,WHITE METAL LANTERN,4,2011-04-03 11:11:00,3.31,15606,United Kingdom,13.24
585874,21212,PACK OF 72 RETROSPOT CAKE CASES,17,2011-11-11 12:04:00,0.42,13061,United Kingdom,7.14
549085,85099B,JUMBO BAG RED RETROSPOT,13,2011-05-13 14:29:00,1.92,13177,United Kingdom,24.96
556222,22383,LUNCH BAG SUKI DESIGN,17,2011-10-28 07:36:00,1.87,12561,Ireland,31.79
543789,23203,JUMBO BAG DOILEY PATTERNS,14,2010-12-10 08:53:00,2.1,13507,United Kingdom,29.4
574484,71053,WHITE METAL LANTERN,11,2011-03-21 17:29:00,3.11,12973,United Kingdom,34.21
544597,84029E,RED WOOLLY HOTTIE WHITE HEART,7,2011-03-13 14:05:00,4.02,12757,Germany,28.14
540894,85123A,WHITE HANGING HEART T-LIGHT HOLDER,7,2010-12-26 11:08:00,2.58,15407,United Kingdom,18.06
547167,21071,VINTAGE BILLBOARD DRINK ME MUG,4,2011-03-22 14:07:00,1.15,15551,United Kingdom,4.6
545939,22960,JAM MAKING SET WITH JARS,12,2011-02-21 17:19:00,4.47,12492,United Kingdom,53.64
564478,21754,HOME BUILDING BLOCK WORD,4,2011-02-10 09:38:00,6.24,15110,United Kingdom,24.96
570815,21730,GLASS STAR FROSTED T-LIGHT HOLDER,6,2011-06-03 10:53:00,4.0,13115,Spain,24.0
576112,22632,HAND WARMER RED POLKA DOT,6,2011-08-14 17:07:00,1.86,13225,United Kingdom,11.16
571368,84879,ASSORTED COLOUR BIRD ORNAMENT,10,2011-07-05 07:08:00,1.71,12900,United Kingdom,17.1
585856,21754,HOME BUILDING BLOCK WORD,2,2011-05-01 15:55:00,6.53,12582,United Kingdom,13.06
568629,85123A,WHITE HANGING HEART T-LIGHT HOLDER,7,2011-04-08 13:04:00,2.47,12589,United Kingdom,17.29
555189,20725,LUNCH BAG RED RETROSPOT,15,2011-09-05 15:31:00,1.62,13040,France,24.3
566100,84879,ASSORTED COLOUR BIRD ORNAMENT,5,2011-04-16 15:50:00,1.69,12546,United Kingdom,8.45
573361,84029E,RED WOOLLY HOTTIE WHITE HEART,15,2011-04-12 18:56:00,3.56,13062,United Kingdom,53.4
550610,22633,HAND WARMER UNION JACK,12,2011-05-04 12:16:00,1.98,12537,Germany,23.76
547520,20725,LUNCH BAG RED RETROSPOT,5,2011-09-13 18:41:00,1.79,14164,United Kingdom,8.95
571609,23084,RABBIT NIGHT LIGHT,1,2011-05-01 17:35:00,2.17,14831,Ireland,2.17
576054,20725,LUNCH BAG RED RETROSPOT,6,2011-03-09 15:54:00,1.71,13688,United Kingdom,10.26
570965,22960,JAM MAKING SET WITH JARS,1,2011-04-30 08:25:00,4.59,14833,United Kingdom,4.59
551829,22138,BAKING SET 9 PIECE RETROSPOT,9,2011-02-10 10:37:00,5.36,13713,France,48.24
578303,21754,HOME BUILDING BLOCK WORD,14,2011-06-07 11:31:00,6.73,13699,United Kingdom,94.22
580760,22138,BAKING SET 9 PIECE RETROSPOT,11,2011-04-14 09:57:00,4.48,13666,United Kingdom,49.28
553691,21212,PACK OF 72 RETROSPOT CAKE CASES,3,2010-12-04 16:36:00,0.42,13557,United Kingdom,1.26
570543,22197,SMALL POPCORN HOLDER,7,2011-04-13 11:56:00,0.81,12599,United Kingdom,5.67
538133,22633,HAND WARMER UNION JACK,2,2010-12-01 11:12:00,2.12,15389,Ireland,4.24
578264,20725,LUNCH BAG RED RETROSPOT,1,2011-04-06 08:43:00,1.59,14230,United Kingdom,1.59
571674,22138,BAKING SET 9 PIECE RETROSPOT,16,2011-02-07 16:59:00,4.5,13786,United Kingdom,72.0
585027,22138,BAKING SET 9 PIECE RETROSPOT,7,2011-02-11 19:10:00,5.27,12887,United Kingdom,36.89
560520,22086,PAPER CHAIN KIT 50'S CHRISTMAS,11,2011-05-22 18:00:00,3.34,13694,United Kingdom,36.74
558381,22961,JAM MAKING SET PRINTED,1,2011-04-29 17:08:00,1.59,12386,United Kingdom,1.59
560158,84029E,RED WOOLLY HOTTIE WHITE HEART,7,2011-05-03 15:25:00,3.84,13625,United Kingdom,26.88
572244,85123A,WHITE HANGING HEART T-LIGHT HOLDER,7,2011-03-15 18:59:00,2.9,12413,Portugal,20.3
564707,71053,WHITE METAL LANTERN,13,2011-03-31 13:41:00,3.4,13631,United Kingdom,44.2
547219,21730,GLASS STAR FROSTED T-LIGHT HOLDER,5,2011-09-12 10:38:00,4.62,14373,France,23.1
541520,22197,SMALL POPCORN HOLDER,1,2011-02-10 16:10:00,0.83,13963,United Kingdom,0.83
585360,22197,SMALL POPCORN HOLDER,7,2010-12-01 13:06:00,0.83,13812,United Kingdom,5.81
560578,21755,LOVE BUILDING BLOCK WORD,2,2011-04-04 11:20:00,5.43,14954,United Kingdom,10.86
560576,84029G,KNITTED UNION FLAG HOT WATER BOTTLE,4,2011-02-13 11:52:00,4.01,14954,United Kingdom,16.04
575932,21730,GLASS STAR FROSTED T-LIGHT HOLDER,8,2011-04-10 15:51:00,3.85,13158,United Kingdom,30.8
543701,22633,HAND WARMER UNION JACK,8,2011-08-12 08:01:00,1.78,12548,United Kingdom,14.24
538428,21931,JUMBO STORAGE BAG SUKI,7,2011-05-29 16:31:00,2.08,12650,United Kingdom,14.56
570134,21212,PACK OF 72 RETROSPOT CAKE CASES,3,2011-04-21 12:54:00,0.48,13636,United Kingdom,1.44
584483,21071,VINTAGE BILLBOARD DRINK ME MUG,15,2011-11-26 09:23:00,0.99,13073,Germany,14.85
557225,21730,GLASS STAR FROSTED T-LIGHT HOLDER,1,2011-08-18 11:14:00,4.03,12723,United Kingdom,4.03
560573,22960,JAM MAKING SET WITH JARS,10,2011-06-28 16:21:00,4.31,13370,United Kingdom,43.1
550384,23084,RABBIT NIGHT LIGHT,9,2011-06-19 15:53:00,2.04,13600,United Kingdom,18.36
539168,21931,JUMBO STORAGE BAG SUKI,1,2011-02-27 13:22:00,2.19,12351,United Kingdom,2.19
559036,21071,VINTAGE BILLBOARD DRINK ME MUG,12,2011-02-14 10:39:00,1.17,13635,United Kingdom,14.04
555300,22961,JAM MAKING SET PRINTED,8,2011-03-13 13:51:00,1.66,13299,United Kingdom,13.28
540518,22961,JAM MAKING SET PRINTED,10,2011-03-07 16:52:00,1.41,13736,United Kingdom,14.1
568172,21754,HOME BUILDING BLOCK WORD,5,2011-07-01 09:32:00,5.82,12605,United Kingdom,29.1
571915,21212,PACK OF 72 RETROSPOT CAKE CASES,14,2011-07-05 08:28:00,0.39,13233,Belgium,5.46
547284,21212,PACK OF 72 RETROSPOT CAKE CASES,12,2011-03-20 09:26:00,0.42,12376,United Kingdom,5.04
581960,21071,VINTAGE BILLBOARD DRINK ME MUG,7,2010-12-26 10:11:00,1.21,13430,Netherlands,8.47
560275,22383,LUNCH BAG SUKI DESIGN,1,2011-02-06 14:25:00,1.61,12870,United Kingdom,1.61
567607,21071,VINTAGE BILLBOARD DRINK ME MUG,4,2011-03-09 17:50:00,1.15,14549,United Kingdom,4.6
581009,22178,VICTORIAN GLASS HANGING T-LIGHT,3,2011-09-13 19:32:00,1.34,14713,United Kingdom,4.02
584886,22086,PAPER CHAIN KIT 50'S CHRISTMAS,11,2011-09-13 16:12:00,3.34,12755,United Kingdom,36.74
584963,22138,BAKING SET 9 PIECE RETROSPOT,8,2011-02-05 07:43:00,4.74,13382,United Kingdom,37.92
548463,84406B,CREAM CUPID HEARTS COAT HANGER,13,2011-02-06 07:56:00,2.82,13491,United Kingdom,36.66
579435,22178,VICTORIAN GLASS HANGING T-LIGHT,9,2010-12-18 14:22:00,1.36,13410,United Kingdom,12.24
567478,84029G,KNITTED UNION FLAG HOT WATER BOTTLE,18,2011-07-06 11:52:00,4.22,13799,Ireland,75.96
570677,21931,JUMBO STORAGE BAG SUKI,2,2011-11-08 09:09:00,2.08,14592,France,4.16
543539,20727,LUNCH BAG BLACK SKULL.,4,2011-04-28 18:49:00,1.71,15402,United Kingdom,6.84
557965,85099B,JUMBO BAG RED RETROSPOT,8,2011-11-03 19:30:00,2.25,12635,United Kingdom,18.0
544955,84029E,RED WOOLLY HOTTIE WHITE HEART,7,2011-01-11 07:07:00,3.6,13574,United Kingdom,25.2
580545,71053,WHITE METAL LANTERN,4,2011-06-05 17:45:00,3.27,13253,Belgium,13.08
565204,20725,LUNCH BAG RED RETROSPOT,5,2011-05-20 17:20:00,1.61,14477,Netherlands,8.05
572100,22383,LUNCH BAG SUKI DESIGN,3,2011-10-30 09:32:00,1.6,12687,Spain,4.8
578079,20725,LUNCH BAG RED RETROSPOT,3,2011-08-16 08:01:00,1.67,14207,France,5.01
575109,22632,HAND WARMER RED POLKA DOT,10,2011-11-03 15:14:00,1.83,12631,United Kingdom,18.3
572881,85123A,WHITE HANGING HEART T-LIGHT HOLDER,10,2011-02-07 09:33:00,2.53,12603,United Kingdom,25.3
544242,22197,SMALL POPCORN HOLDER,7,2011-09-14 14:26:00,0.9,14122,United Kingdom,6.3
546384,22197,SMALL POPCORN HOLDER,2,2011-05-15 19:11:00,0.89,13161,United Kingdom,1.78
575837,21931,JUMBO STORAGE BAG SUKI,9,2010-12-10 17:06:00,1.98,13711,Portugal,17.82
555293,21755,LOVE BUILDING BLOCK WORD,9,2011-02-06 08:44:00,6.27,13299,United Kingdom,56.43
548915,22178,VICTORIAN GLASS HANGING T-LIGHT,5,2010-12-13 12:05:00,1.31,13530,Belgium,6.55
565291,22178,VICTORIAN GLASS HANGING T-LIGHT,6,2011-03-11 11:30:00,1.22,13718,Netherlands,7.32
561735,22197,SMALL POPCORN HOLDER,1,2011-05-01 07:34:00,0.97,13616,United Kingdom,0.97
566892,23203,JUMBO BAG DOILEY PATTERNS,11,2011-08-03 19:12:00,2.12,12895,United Kingdom,23.32
557337,21931,JUMBO STORAGE BAG SUKI,1,2011-05-14 18:32:00,1.77,15699,Portugal,1.77
555305,21754,HOME BUILDING BLOCK WORD,4,2011-05-06 09:31:00,6.13,13299,United Kingdom,24.52
566637,20725,LUNCH BAG RED RETROSPOT,2,2010-12-02 14:02:00,1.49,13671,United Kingdom,2.98
538453,84029G,KNITTED UNION FLAG HOT WATER BOTTLE,3,2010-12-23 16:04:00,3.91,15490,Ireland,11.73
537357,22086,PAPER CHAIN KIT 50'S CHRISTMAS,4,2011-09-24 09:30:00,2.96,13395,United Kingdom,11.84
570114,22961,JAM MAKING SET PRINTED,5,2011-08-20 11:34:00,1.39,12527,United Kingdom,6.95
543175,22633,HAND WARMER UNION JACK,13,2011-03-20 08:35:00,1.8,13291,France,23.4
550071,22961,JAM MAKING SET PRINTED,10,2010-12-04 18:05:00,1.43,13619,United Kingdom,14.3
573585,84406B,CREAM CUPID HEARTS COAT HANGER,5,2011-11-01 15:05:00,2.85,13344,Germany,14.25
583289,22960,JAM MAKING SET WITH JARS,5,2011-04-08 13:18:00,4.13,15359,United Kingdom,20.65
577523,23298,SPOTTY BUNTING,8,2011-02-12 11:12:00,5.42,13603,United Kingdom,43.36
549019,85099B,JUMBO BAG RED RETROSPOT,1,2011-05-13 16:56:00,1.9,14569,Netherlands,1.9
542738,21929,JUMBO BAG PINK VINTAGE PAISLEY,1,2011-02-14 14:00:00,2.28,12848,United Kingdom,2.28
569497,84406B,CREAM CUPID HEARTS COAT HANGER,20,2011-09-13 17:16:00,2.84,12934,United Kingdom,56.8
581360,84879,ASSORTED COLOUR BIRD ORNAMENT,6,2011-11-26 16:26:00,1.75,13326,United Kingdom,10.5
585507,84879,ASSORTED COLOUR BIRD ORNAMENT,8,2011-12-04 12:16:00,1.72,12423,Portugal,13.76
570869,23084,RABBIT NIGHT LIGHT,7,2011-09-14 09:53:00,2.25,12938,United Kingdom,15.75
550064,84029E,RED WOOLLY HOTTIE WHITE HEART,2,2011-03-02 18:03:00,3.7,13619,United Kingdom,7.4
549251,21212,PACK OF 72 RETROSPOT CAKE CASES,10,2011-02-23 15:18:00,0.43,12916,Netherlands,4.3
587195,23084,RABBIT NIGHT LIGHT,12,2011-10-02 14:41:00,2.32,12867,United Kingdom,27.84
574627,21730,GLASS STAR FROSTED T-LIGHT HOLDER,1,2011-09-18 15:37:00,3.85,12957,United Kingdom,3.85
551002,21730,GLASS STAR FROSTED T-LIGHT HOLDER,15,2011-03-17 12:33:00,4.42,12911,United Kingdom,66.3
558217,21754,HOME BUILDING BLOCK WORD,17,2011-03-01 17:30:00,5.99,12876,United Kingdom,101.83
546933,21730,GLASS STAR FROSTED T-LIGHT HOLDER,1,2010-12-27 18:07:00,4.27,13443,France,4.27
554547,84029E,RED WOOLLY HOTTIE WHITE HEART,5,2011-04-19 11:21:00,3.93,12698,United Kingdom,19.65
539086,22138,BAKING SET 9 PIECE RETROSPOT,12,2011-07-30 07:26:00,5.46,12600,United Kingdom,65.52
561690,21730,GLASS STAR FROSTED T-LIGHT HOLDER,1,2010-12-15 18:30:00,3.92,13456,United Kingdom,3.92
569406,22961,JAM MAKING SET PRINTED,5,2011-11-28 10:44:00,1.56,12894,United Kingdom,7.8
561974,21755,LOVE BUILDING BLOCK WORD,6,2011-05-18 07:58:00,6.53,12449,Ireland,39.18
548384,85099B,JUMBO BAG RED RETROSPOT,4,2011-02-18 13:30:00,2.24,12514,United Kingdom,8.96
546135,21755,LOVE BUILDING BLOCK WORD,15,2010-12-08 09:49:00,6.76,13712,Portugal,101.4
547099,22960,JAM MAKING SET WITH JARS,3,2010-12-01 17:57:00,4.21,15241,United Kingdom,12.63
539629,21071,VINTAGE BILLBOARD DRINK ME MUG,1,2011-11-01 14:32:00,1.06,14160,United Kingdom,1.06
545418,23298,SPOTTY BUNTING,17,2011-05-17 07:36:00,4.83,12389,United Kingdom,82.11
554986,20727,LUNCH BAG BLACK SKULL.,14,2011-01-06 07:49:00,1.49,13745,United Kingdom,20.86
550268,85099B,JUMBO BAG RED RETROSPOT,6,2011-10-24 09:41:00,1.95,13147,France,11.7
579169,23298,SPOTTY BUNTING,8,2011-02-13 15:00:00,5.5,12710,Netherlands,44.0
544111,23203,JUMBO BAG DOILEY PATTERNS,7,2010-12-18 15:11:00,1.9,13691,United Kingdom,13.3
561428,71053,WHITE METAL LANTERN,5,2010-12-12 12:56:00,3.78,14782,United Kingdom,18.9
557377,22138,BAKING SET 9 PIECE RETROSPOT,2,2011-07-19 16:31:00,5.13,14429,United Kingdom,10.26
565268,22178,VICTORIAN GLASS HANGING T-LIGHT,7,2011-06-02 10:44:00,1.24,13133,United Kingdom,8.68
574626,20727,LUNCH BAG BLACK SKULL.,10,2011-02-14 09:12:00,1.64,12957,United Kingdom,16.4
567939,22086,PAPER CHAIN KIT 50'S CHRISTMAS,8,2011-03-12 08:47:00,3.2,13124,Portugal,25.6
564183,21071,VINTAGE BILLBOARD DRINK ME MUG,5,2011-11-01 07:51:00,1.16,12647,France,5.8
552599,20725,LUNCH BAG RED RETROSPOT,13,2011-05-22 07:12:00,1.49,13692,United Kingdom,19.37
568415,23084,RABBIT NIGHT LIGHT,4,2011-09-12 18:19:00,2.27,13202,United Kingdom,9.08
539387,21212,PACK OF 72 RETROSPOT CAKE CASES,4,2011-11-01 14:03:00,0.45,12863,United Kingdom,1.8
557093,21929,JUMBO BAG PINK VINTAGE PAISLEY,12,2011-05-24 10:15:00,2.26,13041,Netherlands,27.12
551561,22086,PAPER CHAIN KIT 50'S CHRISTMAS,2,2011-06-20 15:00:00,2.73,15466,United Kingdom,5.46
550369,22138,BAKING SET 9 PIECE RETROSPOT,2,2011-07-07 09:11:00,4.49,13085,United Kingdom,8.98
552864,22752,SET 7 BABUSHKA NESTING BOXES,1,2011-06-01 18:20:00,8.36,12832,United Kingdom,8.36
545969,21929,JUMBO BAG PINK VINTAGE PAISLEY,2,2011-03-03 14:06:00,2.1,14250,Germany,4.2
575773,23203,JUMBO BAG DOILEY PATTERNS,1,2011-06-10 07:39:00,1.92,12505,United Kingdom,1.92
561799,22960,JAM MAKING SET WITH JARS,14,2010-12-06 11:49:00,4.88,13877,United Kingdom,68.32
549143,22383,LUNCH BAG SUKI DESIGN,3,2011-02-09 12:32:00,1.56,13513,United Kingdom,4.68
582999,21730,GLASS STAR FROSTED T-LIGHT HOLDER,8,2011-03-13 12:05:00,4.33,12964,United Kingdom,34.64
555070,21931,JUMBO STORAGE BAG SUKI,9,2011-05-12 13:09:00,1.79,13882,United Kingdom,16.11
575052,23203,JUMBO BAG DOILEY PATTERNS,1,2011-02-14 13:38:00,1.92,15406,Spain,1.92
576885,22423,REGENCY CAKESTAND 3 TIER,10,2011-10-22 14:50:00,11.62,13182,United Kingdom,116.2
539048,85099B,JUMBO BAG RED RETROSPOT,3,2011-03-21 17:39:00,1.97,12570,Germany,5.91
542078,22632,HAND WARMER RED POLKA DOT,11,2011-05-17 12:23:00,1.91,13452,United Kingdom,21.01
568065,84029E,RED WOOLLY HOTTIE WHITE HEART,9,2011-02-28 09:56:00,4.16,13273,United Kingdom,37.44
539207,21212,PACK OF 72 RETROSPOT CAKE CASES,2,2011-08-06 08:04:00,0.47,13913,United Kingdom,0.94
543763,85123A,WHITE HANGING HEART T-LIGHT HOLDER,2,2010-12-17 09:26:00,2.86,13611,United Kingdom,5.72
543655,21071,VINTAGE BILLBOARD DRINK ME MUG,11,2011-02-26 18:33:00,0.97,12665,United Kingdom,10.67
570696,22178,VICTORIAN GLASS HANGING T-LIGHT,4,2011-07-16 16:53:00,1.31,14576,United Kingdom,5.24
543205,84879,ASSORTED COLOUR BIRD ORNAMENT,3,2011-02-09 12:09:00,1.78,14609,France,5.34
568877,85123A,WHITE HANGING HEART T-LIGHT HOLDER,9,2011-02-06 08:08:00,2.91,12669,Germany,26.19
572515,21730,GLASS STAR FROSTED T-LIGHT HOLDER,1,2011-02-26 08:33:00,4.16,14753,United Kingdom,4.16
558098,21071,VINTAGE BILLBOARD DRINK ME MUG,6,2011-05-21 14:28:00,1.1,12454,United Kingdom,6.6
563305,22138,BAKING SET 9 PIECE RETROSPOT,13,2011-06-02 10:45:00,4.99,13847,United Kingdom,64.87
542076,85123A,WHITE HANGING HEART T-LIGHT HOLDER,10,2011-04-12 09:45:00,2.69,13452,United Kingdom,26.9
579498,22197,SMALL POPCORN HOLDER,2,2011-04-08 11:45:00,0.86,14625,United Kingdom,1.72
553621,22752,SET 7 BABUSHKA NESTING BOXES,4,2011-05-03 07:29:00,7.37,13232,United Kingdom,29.48
563174,21755,LOVE BUILDING BLOCK WORD,4,2011-03-19 19:10:00,5.46,13244,United Kingdom,21.84
536412,22960,JAM MAKING SET WITH JARS,2,2010-12-18 17:59:00,4.76,13520,United Kingdom,9.52
571180,21212,PACK OF 72 RETROSPOT CAKE CASES,5,2011-05-20 09:59:00,0.4,14935,Portugal,2.0
585963,21730,GLASS STAR FROSTED T-LIGHT HOLDER,10,2011-06-13 09:04:00,4.32,13685,United Kingdom,43.2
556033,85099B,JUMBO BAG RED RETROSPOT,12,2011-09-12 13:42:00,1.89,12487,United Kingdom,22.68
541502,23084,RABBIT NIGHT LIGHT,4,2011-11-26 13:30:00,2.08,13092,United Kingdom,8.32
565683,85123A,WHITE HANGING HEART T-LIGHT HOLDER,12,2011-05-22 15:49:00,2.47,12569,United Kingdom,29.64
585771,84406B,CREAM CUPID HEARTS COAT HANGER,4,2011-02-17 16:17:00,2.62,14795,United Kingdom,10.48
571997,23298,SPOTTY BUNTING,1,2010-12-01 19:03:00,4.59,13722,United Kingdom,4.59
586425,21754,HOME BUILDING BLOCK WORD,1,2011-04-09 17:32:00,5.77,13162,Ireland,5.77
584328,22632,HAND WARMER RED POLKA DOT,5,2011-08-18 08:22:00,2.02,14390,Germany,10.1
539588,22383,LUNCH BAG SUKI DESIGN,8,2011-02-07 14:54:00,1.55,13145,United Kingdom,12.4
566206,22138,BAKING SET 9 PIECE RETROSPOT,1,2011-10-24 19:13:00,5.15,13283,Germany,5.15
580265,21212,PACK OF 72 RETROSPOT CAKE CASES,12,2011-07-09 14:12:00,0.38,13074,United Kingdom,4.56
573425,22960,JAM MAKING SET WITH JARS,1,2011-02-26 17:21:00,4.75,13728,United Kingdom,4.75
549071,22178,VICTORIAN GLASS HANGING T-LIGHT,12,2011-04-30 11:58:00,1.16,13177,United Kingdom,13.92
539297,84029G,KNITTED UNION FLAG HOT WATER BOTTLE,1,2011-01-06 07:49:00,3.42,15348,United Kingdom,3.42
541390,84406B,CREAM CUPID HEARTS COAT HANGER,4,2011-02-14 09:19:00,2.67,13714,United Kingdom,10.68
561583,85099B,JUMBO BAG RED RETROSPOT,3,2011-09-18 18:40:00,2.13,12441,United Kingdom,6.39
585362,22633,HAND WARMER UNION JACK,14,2011-02-06 18:27:00,1.74,13812,United Kingdom,24.36
567849,22086,PAPER CHAIN KIT 50'S CHRISTMAS,7,2011-09-14 19:12:00,3.14,13142,United Kingdom,21.98
537111,21071,VINTAGE BILLBOARD DRINK ME MUG,4,2010-12-29 08:03:00,1.0,13463,United Kingdom,4.0
581218,22960,JAM MAKING SET WITH JARS,7,2011-06-01 14:08:00,4.84,12822,Netherlands,33.88
542588,21754,HOME BUILDING BLOCK WORD,9,2011-02-10 12:08:00,5.38,13076,United Kingdom,48.42
543268,22961,JAM MAKING SET PRINTED,1,2011-11-10 18:06:00,1.55,12758,Netherlands,1.55
551785,84879,ASSORTED COLOUR BIRD ORNAMENT,3,2011-10-28 10:56:00,1.55,14146,Netherlands,4.65
541186,22960,JAM MAKING SET WITH JARS,3,2011-01-01 13:42:00,4.77,13768,United Kingdom,14.31
576298,22178,VICTORIAN GLASS HANGING T-LIGHT,2,2011-09-29 09:51:00,1.41,12579,United Kingdom,2.82
549171,22086,PAPER CHAIN KIT 50'S CHRISTMAS,5,2011-09-05 13:10:00,3.02,13851,United Kingdom,15.1
539835,22197,SMALL POPCORN HOLDER,7,2011-07-15 19:41:00,0.78,12434,Ireland,5.46
563383,22632,HAND WARMER RED POLKA DOT,1,2010-12-24 07:01:00,2.04,15684,United Kingdom,2.04
560064,84029G,KNITTED UNION FLAG HOT WATER BOTTLE,1,2011-11-27 19:54:00,3.83,13984,Ireland,3.83
575590,21929,JUMBO BAG PINK VINTAGE PAISLEY,1,2010-12-26 19:01:00,2.05,13493,United Kingdom,2.05
586359,21730,GLASS STAR FROSTED T-LIGHT HOLDER,14,2011-06-21 12:00:00,4.07,12812,France,56.98
560646,21931,JUMBO STORAGE BAG SUKI,7,2011-03-09 09:02:00,1.85,13999,United Kingdom,12.95
553494,22960,JAM MAKING SET WITH JARS,9,2010-12-23 10:50:00,4.39,13824,United Kingdom,39.51
537896,22086,PAPER CHAIN KIT 50'S CHRISTMAS,12,2010-12-05 11:37:00,2.9,13632,United Kingdom,34.8
545979,22178,VICTORIAN GLASS HANGING T-LIGHT,13,2010-12-27 09:06:00,1.36,13758,Germany,17.68
578763,84879,ASSORTED COLOUR BIRD ORNAMENT,4,2010-12-23 07:25:00,1.57,13696,United Kingdom,6.28
567595,21931,JUMBO STORAGE BAG SUKI,8,2010-12-19 13:25:00,1.85,13427,United Kingdom,14.8
572697,21730,GLASS STAR FROSTED T-LIGHT HOLDER,11,2011-05-25 08:14:00,4.25,13021,United Kingdom,46.75
574475,22086,PAPER CHAIN KIT 50'S CHRISTMAS,7,2010-12-27 08:10:00,3.23,13454,France,22.61
579948,22383,LUNCH BAG SUKI DESIGN,5,2010-12-16 19:07:00,1.75,15636,United Kingdom,8.75
578016,84029G,KNITTED UNION FLAG HOT WATER BOTTLE,1,2011-05-25 07:01:00,3.7,12571,United Kingdom,3.7
539589,71053,WHITE METAL LANTERN,13,2011-11-03 18:08:00,3.39,13145,United Kingdom,44.07
572819,22178,VICTORIAN GLASS HANGING T-LIGHT,1,2011-04-05 18:28:00,1.39,14734,United Kingdom,1.39
566122,22961,JAM MAKING SET PRINTED,21,2011-02-05 18:42:00,1.61,13166,United Kingdom,33.81
537601,21755,LOVE BUILDING BLOCK WORD,1,2011-02-07 16:38:00,6.14,15622,United Kingdom,6.14
548518,23298,SPOTTY BUNTING,12,2011-05-24 08:39:00,4.71,12469,United Kingdom,56.52
575324,21730,GLASS STAR FROSTED T-LIGHT HOLDER,7,2011-02-07 11:02:00,4.72,15036,Ireland,33.04
558787,20725,LUNCH BAG RED RETROSPOT,9,2010-12-15 09:06:00,1.69,13578,United Kingdom,15.21
554846,22960,JAM MAKING SET WITH JARS,19,2011-05-20 09:30:00,4.87,13016,Germany,92.53
539415,21929,JUMBO BAG PINK VINTAGE PAISLEY,16,2011-02-15 15:58:00,2.0,13700,United Kingdom,32.0
582373,22960,JAM MAKING SET WITH JARS,6,2011-02-07 16:40:00,4.42,12903,United Kingdom,26.52
564812,71053,WHITE METAL LANTERN,12,2010-12-25 17:42:00,3.9,13693,United Kingdom,46.8
565898,85123A,WHITE HANGING HEART T-LIGHT HOLDER,4,2011-05-11 16:48:00,2.34,13112,Belgium,9.36
585369,22752,SET 7 BABUSHKA NESTING BOXES,1,2010-12-16 18:32:00,8.64,13812,United Kingdom,8.64
555205,84879,ASSORTED COLOUR BIRD ORNAMENT,6,2011-03-09 17:44:00,1.89,14052,United Kingdom,11.34
580355,85123A,WHITE HANGING HEART T-LIGHT HOLDER,19,2011-10-09 11:46:00,2.78,13324,Spain,52.82
545238,71053,WHITE METAL LANTERN,5,2011-03-15 11:52:00,3.34,12437,United Kingdom,16.7
539550,84029E,RED WOOLLY HOTTIE WHITE HEART,12,2011-08-22 17:45:00,3.91,13221,United Kingdom,46.92
576347,22633,HAND WARMER UNION JACK,11,2011-06-19 16:43:00,1.92,13402,Belgium,21.12
586819,23084,RABBIT NIGHT LIGHT,3,2011-06-14 11:20:00,2.37,15996,United Kingdom,7.11
573348,20727,LUNCH BAG BLACK SKULL.,7,2011-01-02 08:17:00,1.62,13590,United Kingdom,11.34
580213,20727,LUNCH BAG BLACK SKULL.,10,2011-10-24 07:14:00,1.57,12524,United Kingdom,15.7
584278,21755,LOVE BUILDING BLOCK WORD,4,2011-02-09 19:12:00,6.49,13940,United Kingdom,25.96
564324,20725,LUNCH BAG RED RETROSPOT,6,2011-06-13 09:33:00,1.8,13591,Netherlands,10.8
567619,21755,LOVE BUILDING BLOCK WORD,10,2011-08-16 11:54:00,6.27,12400,United Kingdom,62.7
560455,23298,SPOTTY BUNTING,6,2011-09-12 11:00:00,4.86,13103,United Kingdom,29.16
544235,22633,HAND WARMER UNION JACK,2,2011-06-19 11:39:00,1.84,13319,United Kingdom,3.68
547769,22632,HAND WARMER RED POLKA DOT,3,2010-12-08 08:45:00,2.08,15715,United Kingdom,6.24
584102,85099B,JUMBO BAG RED RETROSPOT,3,2010-12-06 19:11:00,2.35,15651,United Kingdom,7.05
559221,22961,JAM MAKING SET PRINTED,14,2011-02-25 15:57:00,1.5,12383,Ireland,21.0
544457,22632,HAND WARMER RED POLKA DOT,3,2011-06-13 07:55:00,1.68,14092,United Kingdom,5.04
579816,22197,SMALL POPCORN HOLDER,4,2011-08-20 17:30:00,0.77,14174,United Kingdom,3.08
552795,84879,ASSORTED COLOUR BIRD ORNAMENT,11,2011-05-19 18:24:00,1.94,13662,United Kingdom,21.34
560986,21754,HOME BUILDING BLOCK WORD,17,2011-05-25 16:07:00,6.54,12541,United Kingdom,111.18
550855,22197,SMALL POPCORN HOLDER,4,2011-01-11 10:46:00,0.78,16360,United Kingdom,3.12
559977,22633,HAND WARMER UNION JACK,6,2010-12-06 17:59:00,1.96,16338,Ireland,11.76
569920,22632,HAND WARMER RED POLKA DOT,13,2011-02-16 13:35:00,1.82,12843,United Kingdom,23.66
566377,21931,JUMBO STORAGE BAG SUKI,15,2011-09-16 15:25:00,2.07,12623,United Kingdom,31.05
581712,84029G,KNITTED UNION FLAG HOT WATER BOTTLE,7,2011-09-12 07:07:00,3.69,12516,United Kingdom,25.83
578643,21755,LOVE BUILDING BLOCK WORD,5,2011-05-20 07:48:00,6.59,14045,United Kingdom,32.95
581816,85099B,JUMBO BAG RED RETROSPOT,4,2010-12-05 14:43:00,1.88,15580,United Kingdom,7.52
581449,84029G,KNITTED UNION FLAG HOT WATER BOTTLE,3,2011-02-21 17:11:00,3.69,15639,United Kingdom,11.07
552495,21071,VINTAGE BILLBOARD DRINK ME MUG,1,2011-09-13 12:49:00,1.07,13197,United Kingdom,1.07
543387,22752,SET 7 BABUSHKA NESTING BOXES,1,2011-09-11 18:53:00,7.86,14109,United Kingdom,7.86
558788,71053,WHITE METAL LANTERN,5,2011-01-05 10:10:00,3.07,13578,United Kingdom,15.35
568936,23084,RABBIT NIGHT LIGHT,11,2011-11-01 12:31:00,2.04,12731,United Kingdom,22.44
576204,22138,BAKING SET 9 PIECE RETROSPOT,10,2011-02-19 15:24:00,5.46,13300,United Kingdom,54.6
550230,22961,JAM MAKING SET PRINTED,5,2010-12-10 12:51:00,1.66,13761,France,8.3
538261,22752,SET 7 BABUSHKA NESTING BOXES,6,2011-02-05 11:56:00,7.55,13146,United Kingdom,45.3
585348,20725,LUNCH BAG RED RETROSPOT,9,2010-12-02 14:51:00,1.65,13828,Ireland,14.85
561062,21755,LOVE BUILDING BLOCK WORD,10,2011-04-25 12:57:00,6.11,13871,United Kingdom,61.1
586410,84029G,KNITTED UNION FLAG HOT WATER BOTTLE,4,2011-05-01 11:28:00,4.07,13162,Ireland,16.28
545418,20725,LUNCH BAG RED RETROSPOT,14,2011-05-17 07:36:00,1.87,12389,United Kingdom,26.18
579274,71053,WHITE METAL LANTERN,10,2011-05-20 15:46:00,3.4,13394,United Kingdom,34.0
581813,22752,SET 7 BABUSHKA NESTING BOXES,1,2011-02-16 09:07:00,8.07,15580,United Kingdom,8.07
582015,21212,PACK OF 72 RETROSPOT CAKE CASES,1,2011-04-18 10:16:00,0.38,15228,United Kingdom,0.38
566425,22752,SET 7 BABUSHKA NESTING BOXES,3,2011-05-13 09:19:00,8.59,15689,United Kingdom,25.77
536744,21730,GLASS STAR FROSTED T-LIGHT HOLDER,13,2010-12-20 08:52:00,4.04,13842,United Kingdom,52.52
565092,21929,JUMBO BAG PINK VINTAGE PAISLEY,4,2011-11-01 15:22:00,2.3,14111,Germany,9.2
561981,21929,JUMBO BAG PINK VINTAGE PAISLEY,9,2011-04-07 15:11:00,2.06,12449,Ireland,18.54
574536,22197,SMALL POPCORN HOLDER,10,2011-10-27 19:57:00,0.88,12826,United Kingdom,8.8
554499,84406B,CREAM CUPID HEARTS COAT HANGER,3,2011-09-17 11:29:00,2.54,14310,United Kingdom,7.62
584226,21071,VINTAGE BILLBOARD DRINK ME MUG,14,2011-04-26 16:20:00,1.15,13673,United Kingdom,16.1
570964,22632,HAND WARMER RED POLKA DOT,3,2011-05-13 12:11:00,1.69,14833,United Kingdom,5.07
560837,22383,LUNCH BAG SUKI DESIGN,12,2011-10-06 15:34:00,1.88,12705,Ireland,22.56
568571,22197,SMALL POPCORN HOLDER,5,2011-02-09 15:43:00,0.93,12799,France,4.65
578690,22633,HAND WARMER UNION JACK,5,2011-05-03 09:25:00,1.99,15443,United Kingdom,9.95
545679,22961,JAM MAKING SET PRINTED,3,2011-05-17 08:47:00,1.39,13269,United Kingdom,4.17
547136,22138,BAKING SET 9 PIECE RETROSPOT,7,2011-05-24 14:16:00,5.3,13268,Germany,37.1
570657,22961,JAM MAKING SET PRINTED,7,2011-08-11 18:13:00,1.46,15408,United Kingdom,10.22
575863,23298,SPOTTY BUNTING,15,2011-10-28 16:19:00,5.5,13100,United Kingdom,82.5
579047,21755,LOVE BUILDING BLOCK WORD,1,2011-07-25 09:06:00,5.98,13869,Germany,5.98
575318,22632,HAND WARMER RED POLKA DOT,1,2011-02-05 09:43:00,1.89,15740,Germany,1.89
569128,21755,LOVE BUILDING BLOCK WORD,13,2011-07-30 09:03:00,6.81,13257,Ireland,88.53
581239,21754,HOME BUILDING BLOCK WORD,2,2011-04-28 08:58:00,6.14,13159,United Kingdom,12.28
568242,84406B,CREAM CUPID HEARTS COAT HANGER,5,2011-07-05 10:17:00,3.08,12463,France,15.4
582953,85099B,JUMBO BAG RED RETROSPOT,5,2011-04-15 07:56:00,2.07,13787,United Kingdom,10.35
540055,22178,VICTORIAN GLASS HANGING T-LIGHT,8,2011-03-29 12:13:00,1.38,16219,United Kingdom,11.04
586567,84029G,KNITTED UNION FLAG HOT WATER BOTTLE,1,2011-11-06 10:56:00,4.1,12536,Germany,4.1
539020,21929,JUMBO BAG PINK VINTAGE PAISLEY,6,2011-02-06 15:31:00,2.13,13000,United Kingdom,12.78
561022,21931,JUMBO STORAGE BAG SUKI,7,2011-05-05 07:21:00,1.87,12897,Germany,13.09
537463,84879,ASSORTED COLOUR BIRD ORNAMENT,1,2011-02-04 19:13:00,1.73,13622,United Kingdom,1.73
575369,23298,SPOTTY BUNTING,2,2011-02-16 13:36:00,5.09,13143,United Kingdom,10.18
559958,85123A,WHITE HANGING HEART T-LIGHT HOLDER,4,2011-04-17 07:17:00,2.83,12823,Germany,11.32
538517,21929,JUMBO BAG PINK VINTAGE PAISLEY,1,2010-12-10 12:03:00,2.07,15614,United Kingdom,2.07
583252,22086,PAPER CHAIN KIT 50'S CHRISTMAS,2,2011-10-18 08:06:00,2.88,14145,United Kingdom,5.76
555144,84406B,CREAM CUPID HEARTS COAT HANGER,5,2011-06-21 08:45:00,2.86,12403,Netherlands,14.3
544801,21212,PACK OF 72 RETROSPOT CAKE CASES,2,2011-10-26 13:23:00,0.44,14069,United Kingdom,0.88
562555,22960,JAM MAKING SET WITH JARS,6,2011-05-27 09:28:00,3.95,15705,Spain,23.7
570280,22383,LUNCH BAG SUKI DESIGN,1,2011-05-17 10:42:00,1.61,12791,France,1.61
581171,21755,LOVE BUILDING BLOCK WORD,1,2011-05-14 07:57:00,5.36,12702,France,5.36
539575,21212,PACK OF 72 RETROSPOT CAKE CASES,4,2011-10-25 16:01:00,0.48,13066,Ireland,1.92
546884,21755,LOVE BUILDING BLOCK WORD,12,2011-11-10 15:05:00,6.07,12866,United Kingdom,72.84
536659,23298,SPOTTY BUNTING,8,2011-05-30 17:46:00,5.63,13140,Ireland,45.04
555260,85099B,JUMBO BAG RED RETROSPOT,8,2011-02-17 09:03:00,1.88,12743,United Kingdom,15.04
562088,21754,HOME BUILDING BLOCK WORD,9,2010-12-16 13:08:00,6.56,14865,France,59.04
549990,22960,JAM MAKING SET WITH JARS,9,2011-05-30 09:11:00,3.97,13271,United Kingdom,35.73
581760,21929,JUMBO BAG PINK VINTAGE PAISLEY,1,2011-03-13 13:18:00,2.34,12390,Ireland,2.34
557051,22961,JAM MAKING SET PRINTED,8,2011-09-14 16:39:00,1.39,14672,United Kingdom,11.12
579105,22961,JAM MAKING SET PRINTED,12,2011-06-29 19:52:00,1.32,12872,Portugal,15.84
545396,84029E,RED WOOLLY HOTTIE WHITE HEART,12,2011-06-19 18:12:00,3.91,12574,Germany,46.92
539440,23203,JUMBO BAG DOILEY PATTERNS,9,2011-03-26 07:50:00,2.25,13070,Netherlands,20.25
561963,21755,LOVE BUILDING BLOCK WORD,4,2011-03-14 14:13:00,5.36,12449,Ireland,21.44
553292,22178,VICTORIAN GLASS HANGING T-LIGHT,10,2011-08-04 12:48:00,1.13,12683,Netherlands,11.3
546896,23298,SPOTTY BUNTING,9,2011-07-01 13:45:00,5.22,12866,United Kingdom,46.98
571932,21755,LOVE BUILDING BLOCK WORD,4,2011-03-12 16:08:00,6.32,14551,United Kingdom,25.28
578802,21071,VINTAGE BILLBOARD DRINK ME MUG,2,2011-04-13 08:30:00,0.96,12606,France,1.92
574262,85099B,JUMBO BAG RED RETROSPOT,11,2011-08-13 08:35:00,1.89,13180,United Kingdom,20.79
552628,22961,JAM MAKING SET PRINTED,12,2011-02-08 19:14:00,1.48,12905,United Kingdom,17.76
572649,84879,ASSORTED COLOUR BIRD ORNAMENT,2,2011-04-25 09:40:00,1.82,14524,France,3.64
585221,71053,WHITE METAL LANTERN,11,2010-12-04 07:39:00,3.12,13702,Ireland,34.32
539146,21929,JUMBO BAG PINK VINTAGE PAISLEY,12,2010-12-18 17:10:00,1.95,13638,United Kingdom,23.4
572506,84029G,KNITTED UNION FLAG HOT WATER BOTTLE,4,2011-03-30 11:19:00,3.46,14222,Belgium,13.84
582698,85099B,JUMBO BAG RED RETROSPOT,1,2011-04-02 08:11:00,2.32,12502,United Kingdom,2.32
563517,22138,BAKING SET 9 PIECE RETROSPOT,7,2011-05-23 12:41:00,4.63,12711,Germany,32.41
540472,22961,JAM MAKING SET PRINTED,4,2011-02-16 09:58:00,1.46,15325,United Kingdom,5.84
549458,20727,LUNCH BAG BLACK SKULL.,1,2011-02-20 18:45:00,1.54,12557,United Kingdom,1.54
538044,85123A,WHITE HANGING HEART T-LIGHT HOLDER,1,2011-06-06 11:04:00,2.51,13677,United Kingdom,2.51
543767,21929,JUMBO BAG PINK VINTAGE PAISLEY,8,2010-12-13 07:06:00,1.99,13611,United Kingdom,15.92
559517,84406B,CREAM CUPID HEARTS COAT HANGER,1,2011-03-21 16:14:00,2.71,13670,United Kingdom,2.71
571770,71053,WHITE METAL LANTERN,16,2011-05-13 15:19:00,3.39,13709,Ireland,54.24
540349,22197,SMALL POPCORN HOLDER,5,2011-03-10 11:04:00,0.83,13540,United Kingdom,4.15
565817,21730,GLASS STAR FROSTED T-LIGHT HOLDER,11,2011-07-07 09:27:00,4.24,12356,Ireland,46.64
550091,22197,SMALL POPCORN HOLDER,6,2011-07-06 14:44:00,0.92,13658,United Kingdom,5.52
582523,85099B,JUMBO BAG RED RETROSPOT,11,2011-10-01 18:26:00,2.33,12544,Ireland,25.63
569632,20727,LUNCH BAG BLACK SKULL.,10,2011-09-14 12:21:00,1.83,13069,Ireland,18.3
547043,22178,VICTORIAN GLASS HANGING T-LIGHT,4,2011-03-03 11:48:00,1.31,13198,United Kingdom,5.24
586167,71053,WHITE METAL LANTERN,4,2011-02-04 18:42:00,3.26,12367,Ireland,13.04
579764,21212,PACK OF 72 RETROSPOT CAKE CASES,9,2011-08-12 18:10:00,0.45,14187,Netherlands,4.05
552454,22197,SMALL POPCORN HOLDER,9,2011-07-27 09:40:00,0.86,12638,United Kingdom,7.74
547344,21730,GLASS STAR FROSTED T-LIGHT HOLDER,5,2011-04-04 16:56:00,4.71,12668,United Kingdom,23.55
545335,21071,VINTAGE BILLBOARD DRINK ME MUG,11,2011-04-08 14:35:00,0.96,13896,United Kingdom,10.56
541831,71053,WHITE METAL LANTERN,8,2011-02-06 07:20:00,3.69,12443,United Kingdom,29.52
555021,23298,SPOTTY BUNTING,5,2011-03-09 18:18:00,5.1,13840,Germany,25.5
551350,71053,WHITE METAL LANTERN,9,2011-10-09 07:43:00,3.12,12401,United Kingdom,28.08
542732,71053,WHITE METAL LANTERN,11,2011-08-15 10:33:00,3.17,12848,United Kingdom,34.87
583800,21754,HOME BUILDING BLOCK WORD,6,2011-03-08 16:28:00,6.3,13294,United Kingdom,37.8
549917,22960,JAM MAKING SET WITH JARS,4,2011-03-12 12:43:00,4.83,12649,United Kingdom,19.32
564614,21754,HOME BUILDING BLOCK WORD,7,2011-03-18 11:20:00,6.5,14547,United Kingdom,45.5
539738,22960,JAM MAKING SET WITH JARS,6,2010-12-03 12:27:00,4.61,13879,France,27.66
575441,85123A,WHITE HANGING HEART T-LIGHT HOLDER,11,2011-04-25 13:10:00,2.51,12759,United Kingdom,27.61
580264,84406B,CREAM CUPID HEARTS COAT HANGER,8,2011-03-07 16:56:00,2.76,13074,United Kingdom,22.08
538400,22632,HAND WARMER RED POLKA DOT,6,2011-03-17 17:13:00,1.75,13130,United Kingdom,10.5
559274,22138,BAKING SET 9 PIECE RETROSPOT,9,2011-02-10 15:07:00,5.45,14539,United Kingdom,49.05
561045,21071,VINTAGE BILLBOARD DRINK ME MUG,2,2011-02-25 16:02:00,1.05,13871,United Kingdom,2.1
563540,20725,LUNCH BAG RED RETROSPOT,1,2011-09-12 11:47:00,1.52,13387,United Kingdom,1.52
565143,22197,SMALL POPCORN HOLDER,12,2011-05-14 19:35:00,0.96,12673,United Kingdom,11.52
551449,22138,BAKING SET 9 PIECE RETROSPOT,10,2011-03-23 16:22:00,4.67,13555,Portugal,46.7
544435,22960,JAM MAKING SET WITH JARS,1,2011-01-10 19:47:00,4.29,13834,France,4.29
539830,20725,LUNCH BAG RED RETROSPOT,12,2011-02-05 15:42:00,1.49,12434,Ireland,17.88
568036,22197,SMALL POPCORN HOLDER,13,2010-12-05 11:51:00,0.97,13868,Ireland,12.61
536865,23298,SPOTTY BUNTING,9,2011-06-01 07:18:00,4.47,13332,United Kingdom,40.23
538085,22633,HAND WARMER UNION JACK,3,2011-05-13 17:11:00,2.04,14651,Germany,6.12
567773,22632,HAND WARMER RED POLKA DOT,1,2011-06-20 07:31:00,1.81,13152,United Kingdom,1.81
584562,71053,WHITE METAL LANTERN,1,2011-07-06 09:20:00,3.14,16196,Netherlands,3.14
540027,84029G,KNITTED UNION FLAG HOT WATER BOTTLE,9,2011-09-24 07:56:00,3.68,13365,United Kingdom,33.12
585640,21730,GLASS STAR FROSTED T-LIGHT HOLDER,3,2011-05-11 15:46:00,4.83,13630,United Kingdom,14.49
567356,84029G,KNITTED UNION FLAG HOT WATER BOTTLE,14,2011-10-26 15:22:00,3.81,13064,Belgium,53.34
573097,71053,WHITE METAL LANTERN,1,2011-03-19 16:38:00,3.27,15743,France,3.27
538750,22138,BAKING SET 9 PIECE RETROSPOT,12,2011-11-03 11:30:00,5.41,12488,Portugal,64.92
555982,21071,VINTAGE BILLBOARD DRINK ME MUG,6,2011-02-14 17:57:00,1.03,13044,Belgium,6.18
540828,85099B,JUMBO BAG RED RETROSPOT,4,2011-09-13 15:23:00,2.26,12930,United Kingdom,9.04
569102,21730,GLASS STAR FROSTED T-LIGHT HOLDER,4,2011-08-04 11:45:00,3.98,15462,United Kingdom,15.92
567418,22960,JAM MAKING SET WITH JARS,7,2011-02-19 07:53:00,3.91,12778,United Kingdom,27.37
548670,21929,JUMBO BAG PINK VINTAGE PAISLEY,5,2011-05-17 17:46:00,1.93,14193,Germany,9.65
578268,21730,GLASS STAR FROSTED T-LIGHT HOLDER,4,2011-02-04 17:53:00,4.02,14230,United Kingdom,16.08
574149,23298,SPOTTY BUNTING,8,2011-09-11 14:47:00,5.59,12736,France,44.72
577862,23203,JUMBO BAG DOILEY PATTERNS,10,2010-12-13 07:22:00,2.14,13659,United Kingdom,21.4
554752,22632,HAND WARMER RED POLKA DOT,4,2011-02-08 16:14:00,2.13,13612,United Kingdom,8.52
581239,85099B,JUMBO BAG RED RETROSPOT,11,2011-04-28 08:58:00,2.18,13159,United Kingdom,23.98
562711,21071,VINTAGE BILLBOARD DRINK ME MUG,7,2011-11-01 14:35:00,0.97,13231,United Kingdom,6.79
544915,84406B,CREAM CUPID HEARTS COAT HANGER,4,2011-10-22 13:42:00,2.5,12542,Portugal,10.0
545148,84029G,KNITTED UNION FLAG HOT WATER BOTTLE,9,2011-02-23 12:46:00,4.21,12871,United Kingdom,37.89
560807,22197,SMALL POPCORN HOLDER,1,2011-07-07 14:10:00,0.78,14129,United Kingdom,0.78
565827,21071,VINTAGE BILLBOARD DRINK ME MUG,6,2011-09-05 16:51:00,0.96,12356,Ireland,5.76
549994,23298,SPOTTY BUNTING,2,2011-04-29 10:52:00,5.16,15322,United Kingdom,10.32
586519,20727,LUNCH BAG BLACK SKULL.,8,2011-04-08 12:36:00,1.88,12511,United Kingdom,15.04
572442,22961,JAM MAKING SET PRINTED,18,2010-12-24 09:30:00,1.43,13750,United Kingdom,25.74
541318,71053,WHITE METAL LANTERN,12,2011-12-01 09:24:00,3.31,13392,Germany,39.72
553324,22086,PAPER CHAIN KIT 50'S CHRISTMAS,4,2011-05-30 10:34:00,3.16,12640,Spain,12.64
581701,22632,HAND WARMER RED POLKA DOT,2,2011-04-14 10:57:00,2.02,12516,United Kingdom,4.04
556918,22961,JAM MAKING SET PRINTED,2,2011-07-18 16:17:00,1.45,14023,Germany,2.9
553923,84029G,KNITTED UNION FLAG HOT WATER BOTTLE,15,2010-12-15 16:25:00,4.27,13521,United Kingdom,64.05
570780,21929,JUMBO BAG PINK VINTAGE PAISLEY,15,2011-02-07 15:43:00,1.87,12538,France,28.05
574203,23084,RABBIT NIGHT LIGHT,1,2011-11-02 12:55:00,2.04,14537,United Kingdom,2.04
545507,21212,PACK OF 72 RETROSPOT CAKE CASES,7,2011-03-01 13:45:00,0.43,14981,United Kingdom,3.01
586196,21929,JUMBO BAG PINK VINTAGE PAISLEY,8,2011-08-04 12:54:00,1.93,12906,United Kingdom,15.44
537732,20727,LUNCH BAG BLACK SKULL.,8,2011-08-11 19:11:00,1.56,12853,Ireland,12.48
557979,84029E,RED WOOLLY HOTTIE WHITE HEART,1,2011-09-17 19:57:00,3.7,12635,United Kingdom,3.7
580057,23298,SPOTTY BUNTING,1,2011-09-13 16:20:00,5.59,13377,United Kingdom,5.59
576884,21071,VINTAGE BILLBOARD DRINK ME MUG,14,2011-04-12 08:44:00,1.0,13182,United Kingdom,14.0
579467,21929,JUMBO BAG PINK VINTAGE PAISLEY,4,2011-09-29 11:06:00,1.95,13169,United Kingdom,7.8
554592,84029E,RED WOOLLY HOTTIE WHITE HEART,7,2011-08-18 09:24:00,4.19,13649,United Kingdom,29.33
564693,22197,SMALL POPCORN HOLDER,1,2010-12-18 10:27:00,0.92,13631,United Kingdom,0.92
558068,22960,JAM MAKING SET WITH JARS,11,2011-05-19 17:48:00,4.13,13773,United Kingdom,45.43
564619,23203,JUMBO BAG DOILEY PATTERNS,6,2011-11-24 11:59:00,2.33,12610,United Kingdom,13.98
570261,22632,HAND WARMER RED POLKA DOT,10,2010-12-06 15:25:00,1.84,13412,United Kingdom,18.4
554344,71053,WHITE METAL LANTERN,15,2011-07-30 07:24:00,3.81,13035,United Kingdom,57.15
566986,84029G,KNITTED UNION FLAG HOT WATER BOTTLE,1,2011-05-23 14:40:00,4.07,13137,France,4.07
558806,84029E,RED WOOLLY HOTTIE WHITE HEART,2,2010-12-18 08:56:00,3.69,14975,Belgium,7.38
565278,22086,PAPER CHAIN KIT 50'S CHRISTMAS,1,2011-07-12 19:51:00,3.34,13133,United Kingdom,3.34
548988,21754,HOME BUILDING BLOCK WORD,8,2010-12-13 18:10:00,6.64,13876,United Kingdom,53.12
556997,21212,PACK OF 72 RETROSPOT CAKE CASES,9,2011-10-15 16:13:00,0.48,12993,United Kingdom,4.32
544899,23298,SPOTTY BUNTING,1,2011-09-14 14:52:00,4.86,14407,United Kingdom,4.86
537120,84029E,RED WOOLLY HOTTIE WHITE HEART,1,2011-09-12 10:25:00,3.7,14396,United Kingdom,3.7
580117,23298,SPOTTY BUNTING,9,2010-12-16 16:42:00,5.2,16046,United Kingdom,46.8
556290,21929,JUMBO BAG PINK VINTAGE PAISLEY,10,2011-09-19 09:27:00,2.32,13262,Spain,23.2
573345,84406B,CREAM CUPID HEARTS COAT HANGER,9,2010-12-20 08:23:00,2.59,13590,United Kingdom,23.31
562394,22138,BAKING SET 9 PIECE RETROSPOT,4,2011-09-14 09:19:00,5.31,14319,United Kingdom,21.24
584581,22178,VICTORIAN GLASS HANGING T-LIGHT,12,2011-02-23 09:51:00,1.21,13091,United Kingdom,14.52
552087,84879,ASSORTED COLOUR BIRD ORNAMENT,1,2010-12-26 08:42:00,1.6,14806,United Kingdom,1.6
553277,71053,WHITE METAL LANTERN,5,2010-12-19 15:56:00,3.81,14960,France,19.05
566555,84029E,RED WOOLLY HOTTIE WHITE HEART,4,2011-04-15 11:29:00,4.1,12377,Ireland,16.4
575818,85123A,WHITE HANGING HEART T-LIGHT HOLDER,2,2011-09-12 07:45:00,2.92,13991,Spain,5.84
560598,21730,GLASS STAR FROSTED T-LIGHT HOLDER,9,2011-05-19 17:18:00,4.48,12585,United Kingdom,40.32
537580,21754,HOME BUILDING BLOCK WORD,9,2011-03-16 16:26:00,6.61,12493,United Kingdom,59.49
577968,22383,LUNCH BAG SUKI DESIGN,4,2011-05-26 12:42:00,1.75,14058,United Kingdom,7.0
550047,22197,SMALL POPCORN HOLDER,4,2011-03-25 08:46:00,0.96,13619,United Kingdom,3.84
568367,21755,LOVE BUILDING BLOCK WORD,8,2011-06-19 10:14:00,6.16,13500,United Kingdom,49.28
576722,21929,JUMBO BAG PINK VINTAGE PAISLEY,1,2011-03-30 11:54:00,2.25,15657,United Kingdom,2.25
545416,21730,GLASS STAR FROSTED T-LIGHT HOLDER,9,2011-02-23 18:57:00,3.95,12389,United Kingdom,35.55
550632,22752,SET 7 BABUSHKA NESTING BOXES,1,2011-02-14 14:19:00,8.58,15667,United Kingdom,8.58
537147,21754,HOME BUILDING BLOCK WORD,8,2011-06-19 11:41:00,5.55,12598,France,44.4
580433,22961,JAM MAKING SET PRINTED,8,2011-03-01 09:22:00,1.44,14507,United Kingdom,11.52
555623,21754,HOME BUILDING BLOCK WORD,10,2011-07-10 08:29:00,6.08,13089,United Kingdom,60.8
555991,22383,LUNCH BAG SUKI DESIGN,9,2011-05-11 14:43:00,1.88,13044,Belgium,16.92
546259,21931,JUMBO STORAGE BAG SUKI,13,2011-02-22 18:30:00,1.98,12873,United Kingdom,25.74
552769,20725,LUNCH BAG RED RETROSPOT,4,2010-12-22 19:39:00,1.73,13581,United Kingdom,6.92
537305,21730,GLASS STAR FROSTED T-LIGHT HOLDER,16,2011-03-13 11:34:00,4.46,12496,United Kingdom,71.36
552455,22086,PAPER CHAIN KIT 50'S CHRISTMAS,8,2011-05-14 19:30:00,3.03,12638,United Kingdom,24.24
561131,22383,LUNCH BAG SUKI DESIGN,4,2011-02-06 16:00:00,1.88,15203,United Kingdom,7.52
551257,22633,HAND WARMER UNION JACK,15,2011-05-14 14:01:00,1.82,12909,Ireland,27.3
538733,21071,VINTAGE BILLBOARD DRINK ME MUG,1,2011-02-22 13:42:00,1.04,12488,Portugal,1.04
550806,21071,VINTAGE BILLBOARD DRINK ME MUG,4,2011-02-28 07:40:00,1.18,12464,France,4.72
581599,21929,JUMBO BAG PINK VINTAGE PAISLEY,4,2011-09-11 16:20:00,2.1,15927,United Kingdom,8.4
553827,21730,GLASS STAR FROSTED T-LIGHT HOLDER,6,2011-03-03 08:27:00,4.67,14344,United Kingdom,28.02
584017,20727,LUNCH BAG BLACK SKULL.,14,2011-06-04 09:42:00,1.65,13885,United Kingdom,23.1
548037,22961,JAM MAKING SET PRINTED,1,2011-03-25 16:45:00,1.31,13977,United Kingdom,1.31
543968,22383,LUNCH BAG SUKI DESIGN,1,2011-02-05 07:14:00,1.55,14420,United Kingdom,1.55
551056,23084,RABBIT NIGHT LIGHT,1,2011-05-13 10:01:00,1.99,14543,United Kingdom,1.99
570139,22383,LUNCH BAG SUKI DESIGN,11,2010-12-12 14:45:00,1.72,13636,United Kingdom,18.92
561614,84406B,CREAM CUPID HEARTS COAT HANGER,5,2011-05-22 08:51:00,2.82,13752,France,14.1
583840,21730,GLASS STAR FROSTED T-LIGHT HOLDER,9,2011-08-27 17:24:00,4.55,13337,United Kingdom,40.95
547910,21212,PACK OF 72 RETROSPOT CAKE CASES,10,2011-02-11 07:34:00,0.46,13861,United Kingdom,4.6
550129,84406B,CREAM CUPID HEARTS COAT HANGER,1,2011-04-14 19:40:00,3.11,12686,United Kingdom,3.11
559018,21212,PACK OF 72 RETROSPOT CAKE CASES,11,2011-04-19 08:01:00,0.41,12945,United Kingdom,4.51
539476,22178,VICTORIAN GLASS HANGING T-LIGHT,16,2011-10-30 09:50:00,1.42,12614,France,22.72
578003,22633,HAND WARMER UNION JACK,17,2011-02-10 15:42:00,2.01,12571,United Kingdom,34.17
547412,22633,HAND WARMER UNION JACK,12,2010-12-07 15:56:00,1.97,13485,United Kingdom,23.64
550499,23298,SPOTTY BUNTING,13,2011-03-11 11:19:00,5.21,12426,Ireland,67.73
564527,21931,JUMBO STORAGE BAG SUKI,6,2011-07-31 14:56:00,1.88,13350,United Kingdom,11.28
587168,85123A,WHITE HANGING HEART T-LIGHT HOLDER,5,2011-01-11 11:29:00,2.39,13486,United Kingdom,11.95
561795,22633,HAND WARMER UNION JACK,9,2010-12-08 18:21:00,1.74,13877,United Kingdom,15.66
540265,84029E,RED WOOLLY HOTTIE WHITE HEART,5,2011-04-03 17:25:00,4.11,12770,Ireland,20.55
585435,22632,HAND WARMER RED POLKA DOT,20,2011-03-21 18:30:00,1.98,12931,United Kingdom,39.6
584719,21730,GLASS STAR FROSTED T-LIGHT HOLDER,1,2011-09-17 11:43:00,3.95,12896,United Kingdom,3.95
579938,84879,ASSORTED COLOUR BIRD ORNAMENT,1,2011-02-09 19:57:00,1.69,14482,United Kingdom,1.69
539355,22197,SMALL POPCORN HOLDER,1,2011-03-13 14:27:00,0.82,14011,United Kingdom,0.82
564383,23298,SPOTTY BUNTING,3,2011-05-14 11:25:00,5.13,12722,United Kingdom,15.39
581521,20725,LUNCH BAG RED RETROSPOT,3,2011-06-24 17:38:00,1.74,14558,United Kingdom,5.22
557116,84879,ASSORTED COLOUR BIRD ORNAMENT,4,2011-04-24 09:34:00,1.67,12810,United Kingdom,6.68
571940,84879,ASSORTED COLOUR BIRD ORNAMENT,2,2010-12-02 09:51:00,1.58,15054,Ireland,3.16
582955,22383,LUNCH BAG SUKI DESIGN,11,2010-12-13 15:49:00,1.84,13787,United Kingdom,20.24
558519,21929,JUMBO BAG PINK VINTAGE PAISLEY,2,2011-05-25 19:21:00,1.98,12522,United Kingdom,3.96
555450,71053,WHITE METAL LANTERN,2,2010-12-02 14:10:00,3.41,13863,United Kingdom,6.82
537958,84029E,RED WOOLLY HOTTIE WHITE HEART,1,2011-06-19 17:06:00,3.91,12833,United Kingdom,3.91
546030,84406B,CREAM CUPID HEARTS COAT HANGER,2,2011-02-14 07:31:00,2.8,13526,United Kingdom,5.6
549721,21754,HOME BUILDING BLOCK WORD,10,2011-11-12 16:44:00,5.58,13030,United Kingdom,55.8
539154,22178,VICTORIAN GLASS HANGING T-LIGHT,5,2010-12-31 08:23:00,1.23,15761,United Kingdom,6.15
547120,22960,JAM MAKING SET WITH JARS,9,2011-11-01 11:08:00,3.83,13268,Germany,34.47
581191,20727,LUNCH BAG BLACK SKULL.,3,2011-09-12 09:50:00,1.68,12702,France,5.04
561802,22961,JAM MAKING SET PRINTED,9,2010-12-01 17:07:00,1.36,13877,United Kingdom,12.24
546483,22632,HAND WARMER RED POLKA DOT,3,2011-08-09 19:52:00,1.7,12562,United Kingdom,5.1
555293,85123A,WHITE HANGING HEART T-LIGHT HOLDER,7,2011-02-06 08:44:00,2.63,13299,United Kingdom,18.41
572512,84879,ASSORTED COLOUR BIRD ORNAMENT,4,2011-11-10 17:39:00,1.53,14222,Belgium,6.12
583520,21730,GLASS STAR FROSTED T-LIGHT HOLDER,13,2011-06-19 12:05:00,4.49,13704,United Kingdom,58.37
579676,22632,HAND WARMER RED POLKA DOT,6,2011-02-12 14:16:00,2.1,12371,United Kingdom,12.6
543297,22960,JAM MAKING SET WITH JARS,10,2010-12-03 10:06:00,4.1,13866,Ireland,41.0
562426,71053,WHITE METAL LANTERN,3,2011-03-28 14:05:00,3.65,12837,United Kingdom,10.95
569364,84406B,CREAM CUPID HEARTS COAT HANGER,7,2011-05-30 15:22:00,2.54,13734,United Kingdom,17.78
568674,21754,HOME BUILDING BLOCK WORD,4,2011-02-10 11:45:00,6.78,12915,United Kingdom,27.12
568536,23298,SPOTTY BUNTING,12,2011-07-21 12:18:00,5.69,13266,Belgium,68.28
536690,84406B,CREAM CUPID HEARTS COAT HANGER,1,2011-03-31 10:52:00,2.84,12888,United Kingdom,2.84
578738,23203,JUMBO BAG DOILEY PATTERNS,10,2011-10-31 15:11:00,2.0,12636,United Kingdom,20.0
556766,22178,VICTORIAN GLASS HANGING T-LIGHT,1,2011-03-15 13:45:00,1.31,13003,United Kingdom,1.31
579189,21754,HOME BUILDING BLOCK WORD,1,2011-08-01 08:07:00,6.82,14498,United Kingdom,6.82
578252,84406B,CREAM CUPID HEARTS COAT HANGER,4,2011-02-06 07:54:00,2.48,12830,United Kingdom,9.92
561995,21212,PACK OF 72 RETROSPOT CAKE CASES,19,2011-06-16 17:21:00,0.4,12618,United Kingdom,7.6
582980,85123A,WHITE HANGING HEART T-LIGHT HOLDER,1,2011-03-20 09:27:00,2.51,14405,Spain,2.51
544029,85123A,WHITE HANGING HEART T-LIGHT HOLDER,19,2011-02-23 10:23:00,2.37,13618,Belgium,45.03
581604,22197,SMALL POPCORN HOLDER,1,2011-04-23 19:10:00,0.89,14027,United Kingdom,0.89
557198,84879,ASSORTED COLOUR BIRD ORNAMENT,5,2011-06-07 11:42:00,1.55,12766,Ireland,7.75
544908,21730,GLASS STAR FROSTED T-LIGHT HOLDER,5,2011-07-30 07:22:00,4.31,12542,Portugal,21.55
540518,21212,PACK OF 72 RETROSPOT CAKE CASES,9,2011-03-07 16:52:00,0.45,13736,United Kingdom,4.05
569657,84406B,CREAM CUPID HEARTS COAT HANGER,3,2011-03-05 12:43:00,2.68,15469,United Kingdom,8.04
541587,84879,ASSORTED COLOUR BIRD ORNAMENT,14,2011-02-19 15:43:00,1.58,13355,United Kingdom,22.12
573701,22383,LUNCH BAG SUKI DESIGN,7,2011-02-25 10:26:00,1.73,12692,United Kingdom,12.11
562121,21071,VINTAGE BILLBOARD DRINK ME MUG,5,2011-07-20 14:25:00,1.09,12682,United Kingdom,5.45
564424,21755,LOVE BUILDING BLOCK WORD,3,2011-02-06 16:21:00,6.24,13511,United Kingdom,18.72
564737,20727,LUNCH BAG BLACK SKULL.,13,2011-04-18 14:35:00,1.65,12671,France,21.45
581087,21754,HOME BUILDING BLOCK WORD,11,2011-02-10 13:22:00,6.16,13675,United Kingdom,67.76
566932,84879,ASSORTED COLOUR BIRD ORNAMENT,12,2011-07-07 07:31:00,1.9,13006,United Kingdom,22.8
554590,85123A,WHITE HANGING HEART T-LIGHT HOLDER,4,2011-02-22 09:13:00,2.82,14737,United Kingdom,11.28
578720,71053,WHITE METAL LANTERN,6,2011-07-30 07:36:00,3.11,12674,Netherlands,18.66
575148,71053,WHITE METAL LANTERN,7,2011-02-08 15:35:00,3.29,12796,United Kingdom,23.03
547172,22633,HAND WARMER UNION JACK,7,2011-11-19 14:34:00,1.79,13250,United Kingdom,12.53
578669,85123A,WHITE HANGING HEART T-LIGHT HOLDER,2,2011-02-08 12:40:00,2.85,13957,United Kingdom,5.7
539883,21212,PACK OF 72 RETROSPOT CAKE CASES,9,2010-12-15 13:01:00,0.47,13535,United Kingdom,4.23
582740,22961,JAM MAKING SET PRINTED,1,2011-08-12 09:40:00,1.58,14916,Ireland,1.58
554240,22383,LUNCH BAG SUKI DESIGN,6,2011-10-27 17:44:00,1.75,14229,Netherlands,10.5
553758,85123A,WHITE HANGING HEART T-LIGHT HOLDER,2,2011-06-16 18:16:00,2.64,14320,United Kingdom,5.28
580155,23203,JUMBO BAG DOILEY PATTERNS,2,2010-12-15 10:51:00,2.12,15755,Ireland,4.24
570613,21730,GLASS STAR FROSTED T-LIGHT HOLDER,8,2010-12-22 15:59:00,4.53,16287,United Kingdom,36.24
564333,23084,RABBIT NIGHT LIGHT,5,2011-08-04 12:38:00,2.29,16505,France,11.45
587159,22961,JAM MAKING SET PRINTED,9,2011-03-07 12:39:00,1.64,12626,United Kingdom,14.76
584448,22632,HAND WARMER RED POLKA DOT,13,2011-03-14 10:07:00,1.88,13010,United Kingdom,24.44
545377,22633,HAND WARMER UNION JACK,12,2011-11-26 11:35:00,2.02,12574,Germany,24.24
555946,23298,SPOTTY BUNTING,1,2011-09-13 13:55:00,5.37,14718,United Kingdom,5.37
543342,21931,JUMBO STORAGE BAG SUKI,3,2011-06-19 18:05:00,1.82,14062,United Kingdom,5.46
541550,71053,WHITE METAL LANTERN,10,2011-04-20 14:30:00,3.33,13383,United Kingdom,33.3
570154,84029E,RED WOOLLY HOTTIE WHITE HEART,2,2011-09-19 11:15:00,4.0,13001,Ireland,8.0
545180,23298,SPOTTY BUNTING,12,2011-07-29 19:54:00,5.29,12422,France,63.48
549961,84029G,KNITTED UNION FLAG HOT WATER BOTTLE,16,2011-11-10 17:47:00,3.82,13271,United Kingdom,61.12
543730,20727,LUNCH BAG BLACK SKULL.,4,2011-07-04 19:20:00,1.71,13686,Germany,6.84
567273,23298,SPOTTY BUNTING,11,2011-02-11 15:14:00,5.23,12765,United Kingdom,57.53
542174,22633,HAND WARMER UNION JACK,8,2010-12-02 08:23:00,1.78,13545,United Kingdom,14.24
540615,21929,JUMBO BAG PINK VINTAGE PAISLEY,9,2011-09-30 16:34:00,2.17,12924,United Kingdom,19.53
537717,21754,HOME BUILDING BLOCK WORD,11,2011-09-14 07:53:00,6.04,12853,Ireland,66.44
545412,85123A,WHITE HANGING HEART T-LIGHT HOLDER,10,2011-06-29 14:27:00,2.36,12389,United Kingdom,23.6
563211,23298,SPOTTY BUNTING,15,2011-06-19 10:14:00,5.56,13141,United Kingdom,83.4
546906,84029G,KNITTED UNION FLAG HOT WATER BOTTLE,12,2011-03-13 17:58:00,3.93,12866,United Kingdom,47.16
585484,23203,JUMBO BAG DOILEY PATTERNS,15,2011-06-19 09:29:00,2.01,13209,United Kingdom,30.15
550383,22960,JAM MAKING SET WITH JARS,5,2011-03-20 07:35:00,4.28,13600,United Kingdom,21.4
561149,22197,SMALL POPCORN HOLDER,1,2011-04-05 07:49:00,0.94,12865,United Kingdom,0.94
563294,22178,VICTORIAN GLASS HANGING T-LIGHT,5,2011-03-14 16:24:00,1.31,13027,Ireland,6.55
555390,20725,LUNCH BAG RED RETROSPOT,5,2011-06-18 19:45:00,1.69,13315,Ireland,8.45
563380,21929,JUMBO BAG PINK VINTAGE PAISLEY,6,2010-12-14 12:12:00,2.36,15088,United Kingdom,14.16
580704,22197,SMALL POPCORN HOLDER,3,2010-12-13 07:34:00,0.91,15612,Germany,2.73
540700,21730,GLASS STAR FROSTED T-LIGHT HOLDER,8,2011-07-30 14:02:00,4.44,12978,United Kingdom,35.52
553283,21730,GLASS STAR FROSTED T-LIGHT HOLDER,8,2011-08-18 07:18:00,4.4,12683,Netherlands,35.2
564133,23084,RABBIT NIGHT LIGHT,4,2011-04-16 16:37:00,2.18,12652,United Kingdom,8.72
553583,21730,GLASS STAR FROSTED T-LIGHT HOLDER,18,2011-09-14 17:51:00,3.87,13226,United Kingdom,69.66
547263,22178,VICTORIAN GLASS HANGING T-LIGHT,2,2011-05-17 08:57:00,1.42,15685,United Kingdom,2.84
566099,71053,WHITE METAL LANTERN,9,2011-09-13 07:26:00,3.27,12546,United Kingdom,29.43
547705,84879,ASSORTED COLOUR BIRD ORNAMENT,5,2011-03-16 19:34:00,1.58,12761,United Kingdom,7.9
560275,22383,LUNCH BAG SUKI DESIGN,17,2011-02-06 14:25:00,1.85,12870,United Kingdom,31.45
585082,85099B,JUMBO BAG RED RETROSPOT,7,2011-04-01 19:18:00,1.99,13827,United Kingdom,13.93
553334,84879,ASSORTED COLOUR BIRD ORNAMENT,1,2011-09-17 16:20:00,1.84,12369,United Kingdom,1.84
553500,21931,JUMBO STORAGE BAG SUKI,12,2011-03-19 07:22:00,1.8,12670,United Kingdom,21.6
554931,23298,SPOTTY BUNTING,15,2011-08-20 09:09:00,4.92,12462,United Kingdom,73.8
584588,20725,LUNCH BAG RED RETROSPOT,11,2011-05-29 11:52:00,1.57,13091,United Kingdom,17.27
559849,22633,HAND WARMER UNION JACK,3,2011-02-19 07:06:00,1.67,14724,United Kingdom,5.01
565653,84029G,KNITTED UNION FLAG HOT WATER BOTTLE,11,2010-12-27 08:23:00,3.66,13538,United Kingdom,40.26
572143,21212,PACK OF 72 RETROSPOT CAKE CASES,1,2010-12-07 17:19:00,0.46,13720,United Kingdom,0.46
545075,22960,JAM MAKING SET WITH JARS,1,2011-08-31 08:00:00,4.78,12393,France,4.78
537491,22752,SET 7 BABUSHKA NESTING BOXES,11,2011-06-01 19:45:00,8.06,12902,United Kingdom,88.66
540637,21929,JUMBO BAG PINK VINTAGE PAISLEY,4,2011-09-14 16:18:00,2.18,12924,United Kingdom,8.72
550740,22961,JAM MAKING SET PRINTED,1,2011-11-12 15:25:00,1.45,12596,United Kingdom,1.45
537112,22961,JAM MAKING SET PRINTED,6,2011-01-05 19:26:00,1.51,13463,United Kingdom,9.06
544436,22632,HAND WARMER RED POLKA DOT,17,2011-03-21 14:35:00,2.11,13834,France,35.87
571997,22178,VICTORIAN GLASS HANGING T-LIGHT,7,2010-12-01 19:03:00,1.23,13722,United Kingdom,8.61
574698,84029E,RED WOOLLY HOTTIE WHITE HEART,3,2011-03-07 18:31:00,3.73,13042,Ireland,11.19
580046,22178,VICTORIAN GLASS HANGING T-LIGHT,8,2011-02-18 15:10:00,1.14,13377,United Kingdom,9.12
571095,71053,WHITE METAL LANTERN,5,2010-12-11 09:44:00,3.19,15179,Germany,15.95
545984,84406B,CREAM CUPID HEARTS COAT HANGER,18,2011-03-20 08:26:00,2.93,13758,Germany,52.74
549529,23203,JUMBO BAG DOILEY PATTERNS,8,2011-09-15 12:59:00,2.36,16015,United Kingdom,18.88
539440,85099B,JUMBO BAG RED RETROSPOT,3,2011-03-26 07:50:00,2.07,13070,Netherlands,6.21
555563,71053,WHITE METAL LANTERN,6,2011-09-16 13:10:00,3.5,12844,United Kingdom,21.0
551142,22632,HAND WARMER RED POLKA DOT,12,2011-09-14 14:01:00,1.94,12880,United Kingdom,23.28
571407,84029E,RED WOOLLY HOTTIE WHITE HEART,9,2011-03-17 09:16:00,3.83,13889,United Kingdom,34.47
578726,71053,WHITE METAL LANTERN,9,2011-11-01 15:24:00,3.41,12636,United Kingdom,30.69
580789,84406B,CREAM CUPID HEARTS COAT HANGER,11,2010-12-24 09:21:00,3.1,13438,Germany,34.1
574306,22178,VICTORIAN GLASS HANGING T-LIGHT,5,2011-05-23 19:52:00,1.16,13156,United Kingdom,5.8
575145,22138,BAKING SET 9 PIECE RETROSPOT,8,2011-09-14 12:22:00,5.68,12796,United Kingdom,45.44
573961,85099B,JUMBO BAG RED RETROSPOT,7,2011-09-30 13:25:00,2.16,12703,United Kingdom,15.12
537835,22632,HAND WARMER RED POLKA DOT,11,2011-10-25 19:08:00,1.82,13060,France,20.02
542052,20725,LUNCH BAG RED RETROSPOT,5,2011-06-16 12:27:00,1.74,12747,United Kingdom,8.7
546161,84879,ASSORTED COLOUR BIRD ORNAMENT,4,2011-10-30 10:12:00,1.93,13024,United Kingdom,7.72
586275,23084,RABBIT NIGHT LIGHT,1,2011-05-12 19:39:00,2.07,12948,United Kingdom,2.07
583133,22632,HAND WARMER RED POLKA DOT,1,2011-07-05 09:42:00,1.67,12803,United Kingdom,1.67
575776,21931,JUMBO STORAGE BAG SUKI,7,2011-08-20 10:23:00,2.12,12505,United Kingdom,14.84
544916,84029E,RED WOOLLY HOTTIE WHITE HEART,8,2011-04-11 19:00:00,3.75,12542,Portugal,30.0
560100,22961,JAM MAKING SET PRINTED,13,2010-12-31 10:06:00,1.33,13723,United Kingdom,17.29
575249,23203,JUMBO BAG DOILEY PATTERNS,4,2011-02-23 13:31:00,2.22,14317,United Kingdom,8.88
573585,85099B,JUMBO BAG RED RETROSPOT,10,2011-11-01 15:05:00,2.36,13344,Germany,23.6
569845,85123A,WHITE HANGING HEART T-LIGHT HOLDER,9,2010-12-17 09:50:00,2.65,13820,Belgium,23.85
536473,21931,JUMBO STORAGE BAG SUKI,6,2011-07-29 13:23:00,1.83,12590,United Kingdom,10.98
548464,21212,PACK OF 72 RETROSPOT CAKE CASES,6,2011-02-25 12:38:00,0.43,13491,United Kingdom,2.58
538814,20727,LUNCH BAG BLACK SKULL.,1,2010-12-03 16:22:00,1.84,15666,United Kingdom,1.84
575017,85099B,JUMBO BAG RED RETROSPOT,9,2011-05-21 17:05:00,1.92,13007,United Kingdom,17.28
549092,21212,PACK OF 72 RETROSPOT CAKE CASES,12,2011-09-14 18:30:00,0.41,13177,United Kingdom,4.92
570915,21754,HOME BUILDING BLOCK WORD,5,2010-12-23 17:16:00,6.54,13679,United Kingdom,32.7
565914,22138,BAKING SET 9 PIECE RETROSPOT,5,2011-10-30 12:48:00,4.66,13112,Belgium,23.3
544199,20725,LUNCH BAG RED RETROSPOT,5,2011-09-14 19:34:00,1.73,12939,United Kingdom,8.65
553784,22752,SET 7 BABUSHKA NESTING BOXES,11,2011-02-09 13:01:00,8.22,13809,United Kingdom,90.42
560071,21931,JUMBO STORAGE BAG SUKI,3,2011-08-10 11:43:00,2.01,15451,United Kingdom,6.03
548624,22138,BAKING SET 9 PIECE RETROSPOT,15,2011-06-06 19:12:00,5.42,12486,United Kingdom,81.3
577675,21071,VINTAGE BILLBOARD DRINK ME MUG,7,2010-12-07 16:41:00,1.09,13629,United Kingdom,7.63
536738,84879,ASSORTED COLOUR BIRD ORNAMENT,1,2011-01-06 08:52:00,1.74,13842,United Kingdom,1.74
581455,22383,LUNCH BAG SUKI DESIGN,7,2011-08-20 18:39:00,1.59,13925,Germany,11.13
562559,84406B,CREAM CUPID HEARTS COAT HANGER,5,2011-11-01 09:20:00,2.68,14234,United Kingdom,13.4
574658,22138,BAKING SET 9 PIECE RETROSPOT,7,2010-12-15 14:29:00,4.58,14987,United Kingdom,32.06
570595,84406B,CREAM CUPID HEARTS COAT HANGER,2,2011-02-28 14:54:00,2.92,14527,United Kingdom,5.84
580075,84879,ASSORTED COLOUR BIRD ORNAMENT,11,2011-10-17 18:28:00,1.76,13377,United Kingdom,19.36
570989,21755,LOVE BUILDING BLOCK WORD,10,2011-02-21 11:47:00,5.77,13621,United Kingdom,57.7
578922,85123A,WHITE HANGING HEART T-LIGHT HOLDER,9,2011-05-13 13:07:00,2.45,13398,United Kingdom,22.05
543993,22138,BAKING SET 9 PIECE RETROSPOT,16,2011-02-25 18:32:00,5.43,12512,United Kingdom,86.88
563761,22752,SET 7 BABUSHKA NESTING BOXES,14,2011-02-18 19:11:00,8.46,12644,United Kingdom,118.44
547998,22178,VICTORIAN GLASS HANGING T-LIGHT,13,2010-12-14 09:23:00,1.43,13562,United Kingdom,18.59
546385,20727,LUNCH BAG BLACK SKULL.,1,2011-02-10 13:53:00,1.82,13161,United Kingdom,1.82
574031,20727,LUNCH BAG BLACK SKULL.,1,2010-12-15 15:31:00,1.86,15168,United Kingdom,1.86
584761,22178,VICTORIAN GLASS HANGING T-LIGHT,5,2011-05-29 11:42:00,1.3,12461,United Kingdom,6.5
573118,22086,PAPER CHAIN KIT 50'S CHRISTMAS,13,2011-04-03 14:40:00,3.11,13031,United Kingdom,40.43
544824,22632,HAND WARMER RED POLKA DOT,2,2011-09-30 13:31:00,2.09,12811,United Kingdom,4.18
548838,22961,JAM MAKING SET PRINTED,5,2011-06-19 07:43:00,1.48,14646,France,7.4
563906,84029G,KNITTED UNION FLAG HOT WATER BOTTLE,1,2011-04-26 15:13:00,3.42,13668,United Kingdom,3.42
551976,85099B,JUMBO BAG RED RETROSPOT,1,2011-09-14 10:52:00,2.22,13312,United Kingdom,2.22
573101,84879,ASSORTED COLOUR BIRD ORNAMENT,6,2011-11-26 14:30:00,1.83,13031,United Kingdom,10.98
563241,22178,VICTORIAN GLASS HANGING T-LIGHT,5,2011-08-20 14:35:00,1.21,13906,United Kingdom,6.05
564673,22197,SMALL POPCORN HOLDER,8,2010-12-18 13:26:00,0.91,13727,United Kingdom,7.28
585322,20725,LUNCH BAG RED RETROSPOT,7,2011-02-07 12:02:00,1.64,13756,United Kingdom,11.48
548402,21754,HOME BUILDING BLOCK WORD,5,2011-05-13 16:41:00,6.73,14152,United Kingdom,33.65
547532,22752,SET 7 BABUSHKA NESTING BOXES,11,2010-12-03 09:57:00,8.05,13453,United Kingdom,88.55
574155,23298,SPOTTY BUNTING,10,2011-08-14 15:31:00,5.54,12736,France,55.4
581443,21071,VINTAGE BILLBOARD DRINK ME MUG,11,2011-09-25 16:22:00,1.03,12932,United Kingdom,11.33
564478,20727,LUNCH BAG BLACK SKULL.,5,2011-02-10 09:38:00,1.55,15110,United Kingdom,7.75
560755,22632,HAND WARMER RED POLKA DOT,17,2011-02-15 16:36:00,1.9,13207,United Kingdom,32.3
583676,21071,VINTAGE BILLBOARD DRINK ME MUG,1,2011-02-15 09:52:00,1.03,13569,United Kingdom,1.03
548883,84029E,RED WOOLLY HOTTIE WHITE HEART,10,2011-11-12 07:37:00,3.47,12836,France,34.7
566739,21071,VINTAGE BILLBOARD DRINK ME MUG,9,2011-07-05 10:19:00,1.12,12699,Germany,10.08
565357,84406B,CREAM CUPID HEARTS COAT HANGER,1,2011-09-30 08:55:00,2.54,12714,Spain,2.54
564768,21931,JUMBO STORAGE BAG SUKI,5,2011-06-20 10:45:00,2.08,14727,United Kingdom,10.4
579742,23298,SPOTTY BUNTING,5,2010-12-18 09:25:00,5.38,15455,United Kingdom,26.9
587168,23298,SPOTTY BUNTING,1,2011-01-11 11:29:00,4.82,13486,United Kingdom,4.82
554141,21730,GLASS STAR FROSTED T-LIGHT HOLDER,7,2010-12-10 11:01:00,4.44,15306,United Kingdom,31.08
542262,84029G,KNITTED UNION FLAG HOT WATER BOTTLE,3,2011-07-30 10:19:00,4.05,13274,United Kingdom,12.15
559998,21730,GLASS STAR FROSTED T-LIGHT HOLDER,1,2011-09-01 11:59:00,4.74,13043,United Kingdom,4.74
560438,22197,SMALL POPCORN HOLDER,3,2011-02-09 15:30:00,0.81,13103,United Kingdom,2.43
559203,21755,LOVE BUILDING BLOCK WORD,16,2011-07-01 10:12:00,6.12,13732,Germany,97.92
581486,84879,ASSORTED COLOUR BIRD ORNAMENT,1,2011-06-01 11:12:00,1.61,12966,Spain,1.61
567068,23298,SPOTTY BUNTING,5,2011-02-10 15:08:00,5.28,14654,United Kingdom,26.4
581315,84879,ASSORTED COLOUR BIRD ORNAMENT,9,2011-03-10 13:20:00,1.8,13390,Ireland,16.2
572679,84029E,RED WOOLLY HOTTIE WHITE HEART,3,2011-08-19 18:39:00,4.12,13927,United Kingdom,12.36
551142,21071,VINTAGE BILLBOARD DRINK ME MUG,8,2011-09-14 14:01:00,0.97,12880,United Kingdom,7.76
542655,71053,WHITE METAL LANTERN,1,2011-06-07 07:19:00,3.22,13148,United Kingdom,3.22
572429,21754,HOME BUILDING BLOCK WORD,15,2011-03-10 16:51:00,6.05,13750,United Kingdom,90.75
566014,20725,LUNCH BAG RED RETROSPOT,10,2010-12-26 16:50:00,1.85,13424,United Kingdom,18.5
548094,21755,LOVE BUILDING BLOCK WORD,8,2011-02-10 09:44:00,6.16,12739,United Kingdom,49.28
563614,21212,PACK OF 72 RETROSPOT CAKE CASES,1,2011-04-07 18:56:00,0.39,14318,United Kingdom,0.39
587343,84029E,RED WOOLLY HOTTIE WHITE HEART,10,2011-10-09 11:53:00,3.7,12396,Ireland,37.0
583588,20725,LUNCH BAG RED RETROSPOT,1,2010-12-03 09:37:00,1.74,15425,United Kingdom,1.74
563333,84879,ASSORTED COLOUR BIRD ORNAMENT,1,2011-02-05 08:55:00,1.86,13864,United Kingdom,1.86
570692,85123A,WHITE HANGING HEART T-LIGHT HOLDER,4,2011-08-30 08:28:00,2.84,16390,Netherlands,11.36
539215,84029E,RED WOOLLY HOTTIE WHITE HEART,9,2011-09-15 07:38:00,3.49,12558,United Kingdom,31.41
581921,21754,HOME BUILDING BLOCK WORD,10,2011-02-10 08:02:00,6.55,12629,Germany,65.5
573490,21212,PACK OF 72 RETROSPOT CAKE CASES,10,2011-11-05 19:23:00,0.44,13353,United Kingdom,4.4
587369,22086,PAPER CHAIN KIT 50'S CHRISTMAS,7,2011-01-02 10:15:00,2.98,13737,France,20.86
565082,23203,JUMBO BAG DOILEY PATTERNS,9,2011-07-26 08:28:00,2.36,13083,United Kingdom,21.24
542582,22752,SET 7 BABUSHKA NESTING BOXES,3,2011-02-18 16:39:00,7.72,13076,United Kingdom,23.16
572234,21071,VINTAGE BILLBOARD DRINK ME MUG,1,2011-05-22 16:10:00,1.18,12413,Portugal,1.18
545527,20727,LUNCH BAG BLACK SKULL.,1,2010-12-02 15:38:00,1.62,13867,United Kingdom,1.62
552193,23203,JUMBO BAG DOILEY PATTERNS,3,2011-02-07 10:22:00,2.0,13259,Netherlands,6.0
552721,84029E,RED WOOLLY HOTTIE WHITE HEART,4,2011-02-18 14:21:00,3.93,15025,United Kingdom,15.72
544162,22383,LUNCH BAG SUKI DESIGN,1,2011-08-17 11:09:00,1.56,13931,France,1.56
578222,22961,JAM MAKING SET PRINTED,14,2011-04-14 13:37:00,1.66,13251,United Kingdom,23.24
579316,84029E,RED WOOLLY HOTTIE WHITE HEART,7,2010-12-16 10:21:00,3.96,13471,United Kingdom,27.72
583907,23203,JUMBO BAG DOILEY PATTERNS,5,2011-11-06 10:18:00,1.95,13378,Netherlands,9.75
584963,71053,WHITE METAL LANTERN,13,2011-02-05 07:43:00,3.61,13382,United Kingdom,46.93
563830,21931,JUMBO STORAGE BAG SUKI,2,2011-02-07 15:43:00,1.93,13484,Ireland,3.86
547532,22752,SET 7 BABUSHKA NESTING BOXES,10,2010-12-03 09:57:00,7.11,13453,United Kingdom,71.1
563125,21730,GLASS STAR FROSTED T-LIGHT HOLDER,19,2011-05-13 10:33:00,4.49,12554,United Kingdom,85.31
583636,21931,JUMBO STORAGE BAG SUKI,4,2011-02-20 14:07:00,1.92,13234,United Kingdom,7.68
561844,84029E,RED WOOLLY HOTTIE WHITE HEART,5,2011-11-03 17:48:00,3.56,13301,Ireland,17.8
538562,21755,LOVE BUILDING BLOCK WORD,2,2011-03-11 16:53:00,5.69,15283,United Kingdom,11.38
569035,22086,PAPER CHAIN KIT 50'S CHRISTMAS,9,2011-06-19 17:46:00,2.78,12884,Ireland,25.02
582721,21071,VINTAGE BILLBOARD DRINK ME MUG,7,2011-09-16 12:09:00,1.2,12409,United Kingdom,8.4
544908,22138,BAKING SET 9 PIECE RETROSPOT,9,2011-07-30 07:22:00,5.09,12542,Portugal,45.81
573495,20725,LUNCH BAG RED RETROSPOT,7,2011-05-25 19:36:00,1.86,13353,United Kingdom,13.02
555248,22960,JAM MAKING SET WITH JARS,13,2011-06-18 17:45:00,4.01,12743,United Kingdom,52.13
567584,23203,JUMBO BAG DOILEY PATTERNS,6,2010-12-02 08:04:00,2.29,13427,United Kingdom,13.74
553358,22178,VICTORIAN GLASS HANGING T-LIGHT,4,2011-06-01 08:54:00,1.34,12369,United Kingdom,5.36
569746,20725,LUNCH BAG RED RETROSPOT,7,2010-12-26 08:14:00,1.55,14815,United Kingdom,10.85
538024,22961,JAM MAKING SET PRINTED,7,2011-02-16 19:17:00,1.62,12439,United Kingdom,11.34
568497,22632,HAND WARMER RED POLKA DOT,3,2011-06-09 11:21:00,2.11,14520,United Kingdom,6.33
576604,71053,WHITE METAL LANTERN,9,2010-12-01 14:45:00,3.39,13554,Germany,30.51
563826,21929,JUMBO BAG PINK VINTAGE PAISLEY,12,2011-03-16 16:05:00,2.12,13484,Ireland,25.44
569171,20727,LUNCH BAG BLACK SKULL.,10,2011-04-20 09:29:00,1.89,13468,United Kingdom,18.9
554713,22633,HAND WARMER UNION JACK,5,2011-03-03 08:29:00,1.68,13154,Netherlands,8.4
541201,23298,SPOTTY BUNTING,1,2010-12-17 15:27:00,4.6,13768,United Kingdom,4.6
560274,21931,JUMBO STORAGE BAG SUKI,7,2011-09-21 10:01:00,2.13,12870,United Kingdom,14.91
546088,22633,HAND WARMER UNION JACK,9,2011-03-11 13:45:00,1.69,13888,United Kingdom,15.21
559716,85123A,WHITE HANGING HEART T-LIGHT HOLDER,8,2010-12-15 09:04:00,2.46,13657,United Kingdom,19.68
558526,22632,HAND WARMER RED POLKA DOT,1,2011-04-07 17:53:00,1.73,12522,United Kingdom,1.73
584243,21929,JUMBO BAG PINK VINTAGE PAISLEY,11,2010-12-04 11:20:00,2.24,13673,United Kingdom,24.64
567093,85123A,WHITE HANGING HEART T-LIGHT HOLDER,4,2011-02-25 12:55:00,2.83,12792,United Kingdom,11.32
571720,22960,JAM MAKING SET WITH JARS,1,2011-02-22 17:28:00,4.88,13265,Germany,4.88
548277,84029G,KNITTED UNION FLAG HOT WATER BOTTLE,8,2011-09-28 19:34:00,4.16,13348,United Kingdom,33.28
545918,21212,PACK OF 72 RETROSPOT CAKE CASES,21,2011-02-05 16:23:00,0.48,12492,United Kingdom,10.08
558171,84406B,CREAM CUPID HEARTS COAT HANGER,8,2011-09-30 18:13:00,3.15,13029,United Kingdom,25.2
572170,20725,LUNCH BAG RED RETROSPOT,17,2011-03-23 16:17:00,1.72,13573,United Kingdom,29.24
580332,21730,GLASS STAR FROSTED T-LIGHT HOLDER,13,2011-05-20 08:23:00,4.04,13052,Germany,52.52
585865,85099B,JUMBO BAG RED RETROSPOT,2,2011-09-13 11:52:00,2.27,12582,United Kingdom,4.54
580036,22178,VICTORIAN GLASS HANGING T-LIGHT,14,2011-02-09 19:09:00,1.29,13883,United Kingdom,18.06
554884,20725,LUNCH BAG RED RETROSPOT,1,2011-04-03 14:32:00,1.79,12427,United Kingdom,1.79
558921,21755,LOVE BUILDING BLOCK WORD,3,2011-10-30 07:16:00,6.7,14312,Ireland,20.1
560282,20727,LUNCH BAG BLACK SKULL.,9,2011-06-19 11:39:00,1.5,12870,United Kingdom,13.5
584830,23203,JUMBO BAG DOILEY PATTERNS,16,2011-11-05 18:21:00,2.0,12963,United Kingdom,32.0
569054,21071,VINTAGE BILLBOARD DRINK ME MUG,8,2011-11-03 16:54:00,1.21,13907,United Kingdom,9.68
560176,22138,BAKING SET 9 PIECE RETROSPOT,4,2011-04-26 14:44:00,5.03,14339,United Kingdom,20.12
543802,22752,SET 7 BABUSHKA NESTING BOXES,5,2011-02-13 11:18:00,7.67,13507,United Kingdom,38.35
570964,22178,VICTORIAN GLASS HANGING T-LIGHT,5,2011-05-13 12:11:00,1.22,14833,United Kingdom,6.1
551264,22178,VICTORIAN GLASS HANGING T-LIGHT,10,2011-09-19 07:35:00,1.34,12909,Ireland,13.4
568362,22197,SMALL POPCORN HOLDER,5,2010-12-26 17:31:00,0.91,13500,United Kingdom,4.55
539725,21212,PACK OF 72 RETROSPOT CAKE CASES,6,2011-09-13 14:18:00,0.46,13243,United Kingdom,2.76
585448,20727,LUNCH BAG BLACK SKULL.,15,2011-11-24 09:49:00,1.87,13209,United Kingdom,28.05
545778,21929,JUMBO BAG PINK VINTAGE PAISLEY,4,2011-08-03 11:50:00,2.06,14803,United Kingdom,8.24
554755,21730,GLASS STAR FROSTED T-LIGHT HOLDER,14,2011-07-20 15:44:00,4.04,13612,United Kingdom,56.56
552076,20725,LUNCH BAG RED RETROSPOT,9,2011-11-23 14:20:00,1.56,13247,United Kingdom,14.04
577027,21931,JUMBO STORAGE BAG SUKI,1,2011-08-17 19:58:00,1.78,13246,United Kingdom,1.78
557623,22961,JAM MAKING SET PRINTED,4,2011-10-10 17:03:00,1.66,14705,United Kingdom,6.64
541451,85123A,WHITE HANGING HEART T-LIGHT HOLDER,3,2011-05-14 12:57:00,2.51,15994,United Kingdom,7.53
579697,21730,GLASS STAR FROSTED T-LIGHT HOLDER,6,2011-05-02 07:26:00,4.83,12960,France,28.98
560063,20727,LUNCH BAG BLACK SKULL.,5,2011-04-18 14:26:00,1.67,16270,Ireland,8.35
579524,21755,LOVE BUILDING BLOCK WORD,1,2011-09-21 16:24:00,5.47,12419,United Kingdom,5.47
581847,84406B,CREAM CUPID HEARTS COAT HANGER,2,2011-09-13 19:52:00,2.85,14430,United Kingdom,5.7
580323,21931,JUMBO STORAGE BAG SUKI,2,2011-09-13 18:22:00,1.81,13052,Germany,3.62
567463,22086,PAPER CHAIN KIT 50'S CHRISTMAS,12,2010-12-06 11:14:00,3.33,13799,Ireland,39.96
536378,22138,BAKING SET 9 PIECE RETROSPOT,7,2011-09-05 13:48:00,5.31,12458,United Kingdom,37.17
537953,21929,JUMBO BAG PINK VINTAGE PAISLEY,12,2011-02-09 15:45:00,2.13,12833,United Kingdom,25.56
553426,22138,BAKING SET 9 PIECE RETROSPOT,1,2011-05-17 10:59:00,5.07,15243,Netherlands,5.07
586614,21212,PACK OF 72 RETROSPOT CAKE CASES,14,2011-02-08 16:33:00,0.48,13782,United Kingdom,6.72
537186,20725,LUNCH BAG RED RETROSPOT,8,2011-09-12 07:56:00,1.86,12845,United Kingdom,14.88
555300,21071,VINTAGE BILLBOARD DRINK ME MUG,7,2011-03-13 13:51:00,1.05,13299,United Kingdom,7.35
586469,21931,JUMBO STORAGE BAG SUKI,4,2011-05-17 16:28:00,1.86,15620,Netherlands,7.44
549746,22752,SET 7 BABUSHKA NESTING BOXES,9,2010-12-16 08:10:00,7.46,13725,United Kingdom,67.14
542040,21730,GLASS STAR FROSTED T-LIGHT HOLDER,6,2011-02-15 13:48:00,4.45,12747,United Kingdom,26.7
566301,22086,PAPER CHAIN KIT 50'S CHRISTMAS,16,2011-06-20 07:53:00,2.82,12927,United Kingdom,45.12
536860,23203,JUMBO BAG DOILEY PATTERNS,1,2011-11-04 13:36:00,2.07,13332,United Kingdom,2.07
538748,22197,SMALL POPCORN HOLDER,3,2011-05-19 13:44:00,0.78,12488,Portugal,2.34
573233,21071,VINTAGE BILLBOARD DRINK ME MUG,7,2011-05-31 16:14:00,1.12,12391,United Kingdom,7.84
558880,84029G,KNITTED UNION FLAG HOT WATER BOTTLE,11,2011-09-14 10:49:00,3.53,12749,United Kingdom,38.83
570316,22633,HAND WARMER UNION JACK,9,2011-02-21 13:31:00,2.04,13661,United Kingdom,18.36
548546,22178,VICTORIAN GLASS HANGING T-LIGHT,10,2011-07-28 15:26:00,1.22,13123,United Kingdom,12.2
561190,21071,VINTAGE BILLBOARD DRINK ME MUG,1,2011-08-20 15:10:00,1.03,14415,Spain,1.03
585864,22197,SMALL POPCORN HOLDER,11,2011-09-19 19:40:00,0.79,12582,United Kingdom,8.69
567157,22961,JAM MAKING SET PRINTED,3,2011-05-01 07:06:00,1.55,14337,Germany,4.65
548484,21071,VINTAGE BILLBOARD DRINK ME MUG,15,2011-02-13 10:32:00,1.07,13317,United Kingdom,16.05
557812,21754,HOME BUILDING BLOCK WORD,10,2011-02-23 07:14:00,6.78,12816,United Kingdom,67.8
553050,21212,PACK OF 72 RETROSPOT CAKE CASES,4,2011-02-13 09:34:00,0.39,13580,United Kingdom,1.56
586976,21931,JUMBO STORAGE BAG SUKI,4,2011-05-26 18:09:00,2.15,12842,United Kingdom,8.6
554048,22383,LUNCH BAG SUKI DESIGN,5,2011-11-06 10:36:00,1.81,14513,United Kingdom,9.05
542831,84029E,RED WOOLLY HOTTIE WHITE HEART,1,2011-09-14 14:26:00,3.47,13252,United Kingdom,3.47
564497,23298,SPOTTY BUNTING,12,2011-10-05 14:15:00,4.6,13240,United Kingdom,55.2
575072,22633,HAND WARMER UNION JACK,7,2011-09-19 10:31:00,1.73,12738,United Kingdom,12.11
539645,21730,GLASS STAR FROSTED T-LIGHT HOLDER,6,2011-03-14 16:06:00,4.39,13909,France,26.34
548278,22752,SET 7 BABUSHKA NESTING BOXES,1,2011-05-11 17:47:00,7.15,13348,United Kingdom,7.15
561653,22632,HAND WARMER RED POLKA DOT,1,2011-04-19 16:41:00,1.94,12477,France,1.94
574829,71053,WHITE METAL LANTERN,1,2011-05-11 14:29:00,3.8,13792,United Kingdom,3.8
582005,22752,SET 7 BABUSHKA NESTING BOXES,7,2011-03-15 07:21:00,7.79,13072,France,54.53
584132,22197,SMALL POPCORN HOLDER,8,2011-02-10 13:19:00,0.91,12410,France,7.28
571413,23084,RABBIT NIGHT LIGHT,6,2011-07-30 16:59:00,2.24,13889,United Kingdom,13.44
554053,21071,VINTAGE BILLBOARD DRINK ME MUG,4,2011-08-18 08:39:00,1.03,14513,United Kingdom,4.12
541331,22197,SMALL POPCORN HOLDER,1,2011-11-01 18:21:00,0.92,13392,Germany,0.92
547740,21730,GLASS STAR FROSTED T-LIGHT HOLDER,10,2011-04-01 12:27:00,4.33,12672,United Kingdom,43.3
548930,22138,BAKING SET 9 PIECE RETROSPOT,1,2010-12-17 12:43:00,4.51,13464,United Kingdom,4.51
554346,22086,PAPER CHAIN KIT 50'S CHRISTMAS,8,2011-03-10 16:39:00,3.03,13035,United Kingdom,24.24
546306,23084,RABBIT NIGHT LIGHT,5,2010-12-27 14:09:00,2.03,15440,France,10.15
550305,22961,JAM MAKING SET PRINTED,13,2011-07-30 08:15:00,1.32,13236,United Kingdom,17.16
557156,23298,SPOTTY BUNTING,10,2011-11-12 14:22:00,4.91,12474,United Kingdom,49.1
575687,22086,PAPER CHAIN KIT 50'S CHRISTMAS,1,2011-08-22 11:30:00,2.8,12645,United Kingdom,2.8
583879,21929,JUMBO BAG PINK VINTAGE PAISLEY,7,2010-12-07 16:51:00,1.93,13421,Germany,13.51
538777,22960,JAM MAKING SET WITH JARS,1,2011-09-30 10:52:00,4.72,12979,United Kingdom,4.72
575218,21754,HOME BUILDING BLOCK WORD,5,2011-10-25 19:34:00,6.61,13360,Belgium,33.05
570520,21931,JUMBO STORAGE BAG SUKI,2,2011-05-13 08:19:00,2.01,13608,United Kingdom,4.02
541719,22960,JAM MAKING SET WITH JARS,4,2011-02-22 13:38:00,4.79,13990,United Kingdom,19.16
563341,21754,HOME BUILDING BLOCK WORD,11,2010-12-29 14:16:00,6.5,13864,United Kingdom,71.5
561510,20727,LUNCH BAG BLACK SKULL.,2,2011-04-06 07:57:00,1.82,12347,United Kingdom,3.64
562615,23084,RABBIT NIGHT LIGHT,4,2011-11-12 12:55:00,2.03,14642,United Kingdom,8.12
578705,22383,LUNCH BAG SUKI DESIGN,7,2011-06-06 16:22:00,1.56,12674,Netherlands,10.92
543478,22632,HAND WARMER RED POLKA DOT,7,2010-12-14 16:41:00,1.83,13518,United Kingdom,12.81
571148,22383,LUNCH BAG SUKI DESIGN,4,2010-12-15 12:22:00,1.8,15118,United Kingdom,7.2
579938,84406B,CREAM CUPID HEARTS COAT HANGER,1,2011-02-09 19:57:00,3.13,14482,United Kingdom,3.13
564404,21730,GLASS STAR FROSTED T-LIGHT HOLDER,11,2010-12-15 17:00:00,4.82,14921,Spain,53.02
576051,22178,VICTORIAN GLASS HANGING T-LIGHT,12,2010-12-14 10:09:00,1.41,13688,United Kingdom,16.92
579078,22086,PAPER CHAIN KIT 50'S CHRISTMAS,4,2010-12-06 10:19:00,3.31,14877,United Kingdom,13.24
539339,84406B,CREAM CUPID HEARTS COAT HANGER,9,2011-01-06 12:29:00,2.56,13800,United Kingdom,23.04
543464,23084,RABBIT NIGHT LIGHT,1,2010-12-15 19:23:00,2.18,13760,United Kingdom,2.18
540950,85123A,WHITE HANGING HEART T-LIGHT HOLDER,21,2011-09-12 14:40:00,2.67,12750,Ireland,56.07
544332,21754,HOME BUILDING BLOCK WORD,4,2010-12-16 19:59:00,5.79,14918,United Kingdom,23.16
543959,23084,RABBIT NIGHT LIGHT,11,2011-06-03 18:30:00,1.97,13009,United Kingdom,21.67
557931,21754,HOME BUILDING BLOCK WORD,10,2010-12-02 11:43:00,5.42,13494,Netherlands,54.2
562480,22752,SET 7 BABUSHKA NESTING BOXES,6,2011-05-19 16:13:00,7.5,13188,United Kingdom,45.0
573040,22633,HAND WARMER UNION JACK,12,2010-12-07 13:23:00,1.93,13703,United Kingdom,23.16
562530,22178,VICTORIAN GLASS HANGING T-LIGHT,8,2011-02-05 08:56:00,1.41,12651,Netherlands,11.28
575222,21212,PACK OF 72 RETROSPOT CAKE CASES,12,2011-05-11 17:52:00,0.42,13360,Belgium,5.04
545624,84879,ASSORTED COLOUR BIRD ORNAMENT,1,2011-10-22 11:10:00,1.69,12362,United Kingdom,1.69
582330,21212,PACK OF 72 RETROSPOT CAKE CASES,3,2011-03-16 16:03:00,0.44,12357,United Kingdom,1.32
566634,23298,SPOTTY BUNTING,15,2010-12-28 07:00:00,5.51,13671,United Kingdom,82.65
548533,22960,JAM MAKING SET WITH JARS,8,2011-10-31 14:53:00,4.5,12469,United Kingdom,36.0
554423,20727,LUNCH BAG BLACK SKULL.,6,2011-03-29 07:02:00,1.76,15735,Ireland,10.56
564192,22960,JAM MAKING SET WITH JARS,8,2011-08-08 07:36:00,4.62,12647,France,36.96
563347,84879,ASSORTED COLOUR BIRD ORNAMENT,1,2011-03-11 19:45:00,1.81,15923,Ireland,1.81
566170,21929,JUMBO BAG PINK VINTAGE PAISLEY,1,2011-04-28 07:19:00,1.95,16337,United Kingdom,1.95
552519,21929,JUMBO BAG PINK VINTAGE PAISLEY,9,2011-06-19 10:59:00,1.9,13492,United Kingdom,17.1
560919,21754,HOME BUILDING BLOCK WORD,3,2011-09-19 16:52:00,6.45,12382,United Kingdom,19.35
579458,23203,JUMBO BAG DOILEY PATTERNS,11,2011-10-22 16:06:00,2.29,13169,United Kingdom,25.19
565932,21071,VINTAGE BILLBOARD DRINK ME MUG,8,2011-11-01 16:17:00,1.06,12742,United Kingdom,8.48
580153,23084,RABBIT NIGHT LIGHT,1,2011-03-22 09:20:00,1.9,15755,Ireland,1.9
556287,21754,HOME BUILDING BLOCK WORD,4,2011-08-01 09:30:00,6.61,13262,Spain,26.44
554412,22138,BAKING SET 9 PIECE RETROSPOT,7,2010-12-09 17:13:00,5.18,15621,United Kingdom,36.26
544759,21730,GLASS STAR FROSTED T-LIGHT HOLDER,2,2011-07-29 19:37:00,4.74,12550,United Kingdom,9.48
569178,84029G,KNITTED UNION FLAG HOT WATER BOTTLE,7,2010-12-12 16:15:00,3.98,13468,United Kingdom,27.86
571447,22383,LUNCH BAG SUKI DESIGN,9,2011-07-22 12:13:00,1.87,13374,United Kingdom,16.83
556137,84029E,RED WOOLLY HOTTIE WHITE HEART,8,2011-09-18 08:33:00,3.84,16225,United Kingdom,30.72
575876,22633,HAND WARMER UNION JACK,3,2011-11-18 08:16:00,1.98,12956,United Kingdom,5.94
584387,21730,GLASS STAR FROSTED T-LIGHT HOLDER,1,2011-06-18 14:21:00,4.8,13783,United Kingdom,4.8
539150,21931,JUMBO STORAGE BAG SUKI,1,2011-04-16 16:13:00,1.76,13638,United Kingdom,1.76
561414,22086,PAPER CHAIN KIT 50'S CHRISTMAS,9,2011-04-15 10:53:00,3.27,13199,United Kingdom,29.43
582871,20727,LUNCH BAG BLACK SKULL.,2,2011-10-23 08:24:00,1.7,13973,United Kingdom,3.4
567670,21071,VINTAGE BILLBOARD DRINK ME MUG,2,2011-02-28 10:33:00,1.13,13796,United Kingdom,2.26
587097,20727,LUNCH BAG BLACK SKULL.,9,2011-05-12 15:27:00,1.5,13157,United Kingdom,13.5
554287,22138,BAKING SET 9 PIECE RETROSPOT,1,2011-06-12 16:35:00,4.89,13870,Portugal,4.89
559535,22961,JAM MAKING SET PRINTED,4,2011-11-05 08:11:00,1.49,13208,United Kingdom,5.96
546679,71053,WHITE METAL LANTERN,3,2011-03-29 07:28:00,3.5,12436,United Kingdom,10.5
538405,20725,LUNCH BAG RED RETROSPOT,9,2011-06-19 09:43:00,1.53,13130,United Kingdom,13.77
558525,85123A,WHITE HANGING HEART T-LIGHT HOLDER,12,2011-03-13 15:01:00,2.92,12522,United Kingdom,35.04
546652,71053,WHITE METAL LANTERN,1,2011-02-04 18:26:00,3.21,14598,United Kingdom,3.21
547037,22178,VICTORIAN GLASS HANGING T-LIGHT,4,2011-02-25 13:57:00,1.24,13198,United Kingdom,4.96
586213,84879,ASSORTED COLOUR BIRD ORNAMENT,7,2011-08-30 09:25:00,1.65,13744,United Kingdom,11.55
542989,22752,SET 7 BABUSHKA NESTING BOXES,14,2011-03-11 16:04:00,7.38,12380,United Kingdom,103.32
578448,23298,SPOTTY BUNTING,7,2011-10-23 09:15:00,5.2,14443,United Kingdom,36.4
536993,22632,HAND WARMER RED POLKA DOT,6,2011-06-19 18:50:00,2.12,13388,United Kingdom,12.72
574769,84029G,KNITTED UNION FLAG HOT WATER BOTTLE,6,2011-02-13 12:38:00,3.73,15327,United Kingdom,22.38
582428,84029E,RED WOOLLY HOTTIE WHITE HEART,1,2011-08-30 08:21:00,4.27,12798,United Kingdom,4.27
552920,22632,HAND WARMER RED POLKA DOT,4,2011-03-02 10:02:00,1.98,14321,Germany,7.92
545524,84029G,KNITTED UNION FLAG HOT WATER BOTTLE,9,2010-12-03 09:37:00,3.8,13867,United Kingdom,34.2
574559,23084,RABBIT NIGHT LIGHT,6,2011-02-25 14:58:00,1.98,12783,United Kingdom,11.88
546806,22138,BAKING SET 9 PIECE RETROSPOT,1,2010-12-08 13:13:00,4.8,15137,United Kingdom,4.8
565962,20725,LUNCH BAG RED RETROSPOT,7,2011-03-09 19:28:00,1.87,12772,United Kingdom,13.09
540513,21754,HOME BUILDING BLOCK WORD,13,2011-08-08 18:13:00,6.3,13736,United Kingdom,81.9
539295,23084,RABBIT NIGHT LIGHT,4,2010-12-02 18:10:00,2.12,15348,United Kingdom,8.48
563475,21929,JUMBO BAG PINK VINTAGE PAISLEY,8,2011-11-28 09:30:00,2.22,12612,Germany,17.76
569543,22383,LUNCH BAG SUKI DESIGN,3,2010-12-19 12:34:00,1.68,13726,United Kingdom,5.04
549532,22383,LUNCH BAG SUKI DESIGN,2,2011-04-25 07:47:00,1.85,15191,United Kingdom,3.7
561494,71053,WHITE METAL LANTERN,5,2011-02-07 11:41:00,3.78,15610,United Kingdom,18.9
556288,22632,HAND WARMER RED POLKA DOT,1,2011-02-09 16:01:00,1.79,13262,Spain,1.79
573836,22632,HAND WARMER RED POLKA DOT,9,2011-05-16 17:27:00,1.68,12473,United Kingdom,15.12
564610,22752,SET 7 BABUSHKA NESTING BOXES,3,2011-06-26 12:01:00,8.23,14547,United Kingdom,24.69
559656,22752,SET 7 BABUSHKA NESTING BOXES,15,2011-02-26 09:47:00,8.74,12891,France,131.1
580510,21212,PACK OF 72 RETROSPOT CAKE CASES,1,2011-07-30 08:26:00,0.41,12928,Belgium,0.41
568125,84029E,RED WOOLLY HOTTIE WHITE HEART,3,2010-12-15 16:04:00,4.13,15103,Ireland,12.39
544983,84029G,KNITTED UNION FLAG HOT WATER BOTTLE,12,2011-03-16 17:00:00,4.02,12987,Ireland,48.24
538165,21929,JUMBO BAG PINK VINTAGE PAISLEY,10,2011-02-07 18:25:00,2.17,12604,United Kingdom,21.7
568214,71053,WHITE METAL LANTERN,6,2011-06-06 11:33:00,3.74,16419,United Kingdom,22.44
572175,23084,RABBIT NIGHT LIGHT,18,2011-01-03 15:34:00,1.88,13573,United Kingdom,33.84
545505,20725,LUNCH BAG RED RETROSPOT,1,2010-12-02 12:28:00,1.74,14981,United Kingdom,1.74
539030,85123A,WHITE HANGING HEART T-LIGHT HOLDER,2,2011-09-13 13:21:00,2.79,13000,United Kingdom,5.58
581958,21929,JUMBO BAG PINK VINTAGE PAISLEY,12,2011-02-08 17:08:00,2.37,13430,Netherlands,28.44
577753,21929,JUMBO BAG PINK VINTAGE PAISLEY,15,2011-09-13 11:12:00,2.35,13109,United Kingdom,35.25
553107,22138,BAKING SET 9 PIECE RETROSPOT,7,2011-09-26 16:42:00,4.77,14692,United Kingdom,33.39
568035,22086,PAPER CHAIN KIT 50'S CHRISTMAS,10,2011-07-05 07:18:00,2.76,13868,Ireland,27.6
576030,84879,ASSORTED COLOUR BIRD ORNAMENT,8,2011-04-06 08:19:00,1.71,12985,France,13.68
571615,21730,GLASS STAR FROSTED T-LIGHT HOLDER,6,2011-04-26 19:12:00,4.13,13651,United Kingdom,24.78
561723,23203,JUMBO BAG DOILEY PATTERNS,12,2011-04-21 14:58:00,2.17,13616,United Kingdom,26.04
555085,20727,LUNCH BAG BLACK SKULL.,4,2011-11-24 11:05:00,1.71,12869,United Kingdom,6.84
541201,21754,HOME BUILDING BLOCK WORD,10,2010-12-17 15:27:00,6.73,13768,United Kingdom,67.3
580979,21071,VINTAGE BILLBOARD DRINK ME MUG,1,2011-03-15 08:50:00,1.0,12350,Germany,1.0
538870,84406B,CREAM CUPID HEARTS COAT HANGER,8,2011-08-20 12:25:00,2.99,12689,Netherlands,23.92
543932,84029E,RED WOOLLY HOTTIE WHITE HEART,9,2011-05-01 17:38:00,4.26,13009,United Kingdom,38.34
575495,21212,PACK OF 72 RETROSPOT CAKE CASES,10,2011-09-01 14:16:00,0.41,12479,United Kingdom,4.1
559415,21755,LOVE BUILDING BLOCK WORD,12,2011-09-24 10:02:00,5.61,13053,United Kingdom,67.32
573368,22632,HAND WARMER RED POLKA DOT,11,2011-05-12 11:13:00,1.73,13062,United Kingdom,19.03
550492,21931,JUMBO STORAGE BAG SUKI,6,2011-11-01 19:34:00,1.94,12426,Ireland,11.64
579259,22086,PAPER CHAIN KIT 50'S CHRISTMAS,3,2011-02-13 07:53:00,2.9,13394,United Kingdom,8.7
544017,22632,HAND WARMER RED POLKA DOT,7,2011-05-13 13:02:00,1.79,13706,United Kingdom,12.53
569593,23203,JUMBO BAG DOILEY PATTERNS,5,2011-03-23 11:07:00,2.25,14001,United Kingdom,11.25
549845,85123A,WHITE HANGING HEART T-LIGHT HOLDER,2,2011-08-18 08:24:00,2.39,14114,United Kingdom,4.78
578903,23084,RABBIT NIGHT LIGHT,1,2011-01-02 09:59:00,2.35,13790,United Kingdom,2.35
587188,23203,JUMBO BAG DOILEY PATTERNS,15,2011-10-30 08:23:00,2.12,12867,United Kingdom,31.8
584043,84029G,KNITTED UNION FLAG HOT WATER BOTTLE,13,2011-02-06 12:29:00,3.42,13887,Germany,44.46
567181,21730,GLASS STAR FROSTED T-LIGHT HOLDER,1,2011-03-11 17:33:00,4.61,13837,United Kingdom,4.61
567702,84406B,CREAM CUPID HEARTS COAT HANGER,3,2011-02-10 09:44:00,2.75,14858,United Kingdom,8.25
583326,21755,LOVE BUILDING BLOCK WORD,6,2011-10-30 10:13:00,5.59,12560,United Kingdom,33.54
568171,22961,JAM MAKING SET PRINTED,7,2011-03-10 15:47:00,1.64,12605,United Kingdom,11.48
565017,22138,BAKING SET 9 PIECE RETROSPOT,12,2011-03-10 16:13:00,5.0,13393,Netherlands,60.0
584228,85099B,JUMBO BAG RED RETROSPOT,10,2011-02-14 16:16:00,1.97,13673,United Kingdom,19.7
578090,85099B,JUMBO BAG RED RETROSPOT,3,2011-09-14 12:45:00,2.1,14658,United Kingdom,6.3
557508,21754,HOME BUILDING BLOCK WORD,19,2011-06-04 12:00:00,5.68,13645,United Kingdom,107.92
548732,84029G,KNITTED UNION FLAG HOT WATER BOTTLE,11,2011-09-11 17:46:00,3.45,13082,United Kingdom,37.95
553925,21931,JUMBO STORAGE BAG SUKI,5,2010-12-03 07:44:00,1.98,13521,United Kingdom,9.9
558122,21212,PACK OF 72 RETROSPOT CAKE CASES,4,2011-02-20 14:16:00,0.44,14670,United Kingdom,1.76
568452,21929,JUMBO BAG PINK VINTAGE PAISLEY,1,2011-11-28 08:35:00,2.28,13290,Ireland,2.28
551246,85123A,WHITE HANGING HEART T-LIGHT HOLDER,2,2011-09-14 15:14:00,2.33,14450,Spain,4.66
548035,84029E,RED WOOLLY HOTTIE WHITE HEART,2,2011-02-16 17:22:00,4.17,13977,United Kingdom,8.34
576973,22752,SET 7 BABUSHKA NESTING BOXES,4,2011-04-30 11:08:00,6.92,13168,United Kingdom,27.68
556280,22383,LUNCH BAG SUKI DESIGN,8,2011-06-19 09:31:00,1.68,13262,Spain,13.44
580228,22197,SMALL POPCORN HOLDER,3,2010-12-02 15:05:00,0.97,15017,United Kingdom,2.91
536792,21754,HOME BUILDING BLOCK WORD,1,2011-08-18 07:19:00,6.17,12446,France,6.17
566931,84406B,CREAM CUPID HEARTS COAT HANGER,7,2011-05-16 09:04:00,2.51,13006,United Kingdom,17.57
536774,22138,BAKING SET 9 PIECE RETROSPOT,16,2011-03-30 15:04:00,4.84,12632,United Kingdom,77.44
567995,22197,SMALL POPCORN HOLDER,3,2011-08-13 15:44:00,0.85,14113,Germany,2.55
558358,22178,VICTORIAN GLASS HANGING T-LIGHT,3,2011-02-06 07:20:00,1.18,12386,United Kingdom,3.54
584416,71053,WHITE METAL LANTERN,1,2011-09-21 13:16:00,3.17,12465,United Kingdom,3.17
548386,21754,HOME BUILDING BLOCK WORD,7,2011-03-19 15:44:00,5.79,12514,United Kingdom,40.53
581740,21730,GLASS STAR FROSTED T-LIGHT HOLDER,5,2010-12-24 17:30:00,4.2,13681,United Kingdom,21.0
571130,84406B,CREAM CUPID HEARTS COAT HANGER,17,2011-09-14 09:30:00,2.93,12591,United Kingdom,49.81
541763,22197,SMALL POPCORN HOLDER,18,2011-04-08 10:07:00,0.88,13592,United Kingdom,15.84
576450,21754,HOME BUILDING BLOCK WORD,8,2011-05-13 10:09:00,5.53,12760,Ireland,44.24
571008,85123A,WHITE HANGING HEART T-LIGHT HOLDER,2,2011-04-05 14:26:00,2.8,14630,United Kingdom,5.6
556659,85123A,WHITE HANGING HEART T-LIGHT HOLDER,12,2011-02-20 11:06:00,2.31,13090,France,27.72
551456,20727,LUNCH BAG BLACK SKULL.,8,2011-06-01 12:44:00,1.85,13555,Portugal,14.8
542328,20725,LUNCH BAG RED RETROSPOT,10,2011-05-16 10:10:00,1.52,12424,United Kingdom,15.2
537394,22961,JAM MAKING SET PRINTED,1,2011-11-26 10:41:00,1.37,13102,United Kingdom,1.37
564024,22633,HAND WARMER UNION JACK,5,2011-06-02 16:16:00,2.09,12756,United Kingdom,10.45
575572,21931,JUMBO STORAGE BAG SUKI,1,2011-04-10 18:54:00,1.82,13493,United Kingdom,1.82
581717,23298,SPOTTY BUNTING,4,2011-04-08 10:23:00,4.58,12516,United Kingdom,18.32
560061,21730,GLASS STAR FROSTED T-LIGHT HOLDER,1,2011-02-07 07:56:00,4.79,12366,United Kingdom,4.79
537310,21730,GLASS STAR FROSTED T-LIGHT HOLDER,10,2011-06-16 15:45:00,4.34,12496,United Kingdom,43.4
561802,84029G,KNITTED UNION FLAG HOT WATER BOTTLE,10,2010-12-01 17:07:00,3.69,13877,United Kingdom,36.9
552847,21931,JUMBO STORAGE BAG SUKI,10,2011-04-07 19:31:00,1.83,13449,France,18.3
550856,84406B,CREAM CUPID HEARTS COAT HANGER,5,2011-10-31 19:23:00,2.93,14661,France,14.65
573008,22423,REGENCY CAKESTAND 3 TIER,10,2011-10-08 16:07:00,11.57,12358,United Kingdom,115.7
573472,84029G,KNITTED UNION FLAG HOT WATER BOTTLE,12,2011-08-28 18:01:00,4.12,12646,United Kingdom,49.44
580370,22752,SET 7 BABUSHKA NESTING BOXES,3,2010-12-13 17:46:00,6.9,13845,United Kingdom,20.7
587039,21730,GLASS STAR FROSTED T-LIGHT HOLDER,5,2011-09-16 11:43:00,3.93,12937,United Kingdom,19.65
555965,23084,RABBIT NIGHT LIGHT,26,2011-03-10 12:22:00,2.11,13411,United Kingdom,54.86
568222,22197,SMALL POPCORN HOLDER,1,2011-03-20 10:16:00,0.92,13444,United Kingdom,0.92
561308,21730,GLASS STAR FROSTED T-LIGHT HOLDER,11,2011-11-03 19:08:00,4.25,13004,United Kingdom,46.75
581441,84029E,RED WOOLLY HOTTIE WHITE HEART,13,2011-07-10 14:35:00,4.15,12932,United Kingdom,53.95
573116,21071,VINTAGE BILLBOARD DRINK ME MUG,4,2011-06-12 17:46:00,1.05,13031,United Kingdom,4.2
556535,22752,SET 7 BABUSHKA NESTING BOXES,5,2011-03-19 12:17:00,7.39,12500,Ireland,36.95
561781,21929,JUMBO BAG PINK VINTAGE PAISLEY,1,2011-03-19 14:29:00,2.17,14522,United Kingdom,2.17
586133,22197,SMALL POPCORN HOLDER,4,2011-03-24 15:41:00,0.88,13455,United Kingdom,3.52
586915,23298,SPOTTY BUNTING,7,2010-12-23 12:52:00,4.87,13582,Netherlands,34.09
573125,22383,LUNCH BAG SUKI DESIGN,16,2011-09-12 17:50:00,1.74,13031,United Kingdom,27.84
552043,84406B,CREAM CUPID HEARTS COAT HANGER,9,2011-02-24 12:31:00,2.87,13342,United Kingdom,25.83
536442,71053,WHITE METAL LANTERN,16,2011-02-10 08:37:00,3.08,13176,United Kingdom,49.28
545972,23203,JUMBO BAG DOILEY PATTERNS,5,2011-05-13 15:02:00,2.34,14250,Germany,11.7
542517,22197,SMALL POPCORN HOLDER,7,2011-05-15 18:46:00,0.77,12819,United Kingdom,5.39
586465,85123A,WHITE HANGING HEART T-LIGHT HOLDER,1,2011-06-23 17:41:00,2.68,13988,United Kingdom,2.68
577126,84406B,CREAM CUPID HEARTS COAT HANGER,1,2011-10-29 16:43:00,2.76,14021,United Kingdom,2.76
547193,84406B,CREAM CUPID HEARTS COAT HANGER,6,2010-12-22 19:35:00,3.13,13895,United Kingdom,18.78
561662,85099B,JUMBO BAG RED RETROSPOT,1,2011-09-18 19:34:00,2.23,12477,France,2.23
584467,22197,SMALL POPCORN HOLDER,3,2011-09-14 11:26:00,0.82,16296,United Kingdom,2.46
540136,22633,HAND WARMER UNION JACK,12,2011-05-24 12:06:00,1.68,13835,United Kingdom,20.16
581771,22383,LUNCH BAG SUKI DESIGN,1,2011-05-22 17:14:00,1.71,12390,Ireland,1.71
564816,21754,HOME BUILDING BLOCK WORD,9,2010-12-06 14:06:00,6.51,13693,United Kingdom,58.59
579645,22960,JAM MAKING SET WITH JARS,2,2011-02-19 09:32:00,4.74,12881,United Kingdom,9.48
543422,20727,LUNCH BAG BLACK SKULL.,4,2011-02-14 11:31:00,1.89,13368,United Kingdom,7.56
579763,85123A,WHITE HANGING HEART T-LIGHT HOLDER,4,2011-01-11 07:46:00,2.4,14187,Netherlands,9.6
544753,22960,JAM MAKING SET WITH JARS,10,2011-04-13 09:44:00,3.84,12550,United Kingdom,38.4
543821,22960,JAM MAKING SET WITH JARS,12,2011-06-28 14:28:00,3.96,12466,United Kingdom,47.52
569375,21931,JUMBO STORAGE BAG SUKI,8,2011-05-17 11:18:00,2.17,13219,United Kingdom,17.36
574101,22961,JAM MAKING SET PRINTED,9,2011-07-06 15:01:00,1.54,12566,United Kingdom,13.86
556033,22752,SET 7 BABUSHKA NESTING BOXES,10,2011-09-12 13:42:00,8.06,12487,United Kingdom,80.6
545719,22961,JAM MAKING SET PRINTED,15,2011-02-05 07:59:00,1.47,12855,United Kingdom,22.05
547451,85099B,JUMBO BAG RED RETROSPOT,2,2011-08-12 12:45:00,2.13,12444,United Kingdom,4.26
551555,22752,SET 7 BABUSHKA NESTING BOXES,9,2011-04-27 08:09:00,8.72,12667,Germany,78.48
554143,71053,WHITE METAL LANTERN,3,2010-12-11 08:34:00,3.83,15306,United Kingdom,11.49
544908,21730,GLASS STAR FROSTED T-LIGHT HOLDER,1,2011-07-30 07:22:00,3.98,12542,Portugal,3.98
583535,84029G,KNITTED UNION FLAG HOT WATER BOTTLE,11,2011-03-15 16:58:00,3.96,12709,United Kingdom,43.56
582950,22633,HAND WARMER UNION JACK,4,2011-05-31 17:12:00,1.69,13787,United Kingdom,6.76
575392,22197,SMALL POPCORN HOLDER,19,2010-12-15 11:48:00,0.78,13757,United Kingdom,14.82
562394,22178,VICTORIAN GLASS HANGING T-LIGHT,4,2011-09-14 09:19:00,1.27,14319,United Kingdom,5.08
584182,21212,PACK OF 72 RETROSPOT CAKE CASES,2,2011-03-15 12:11:00,0.39,12455,Ireland,0.78
586114,22383,LUNCH BAG SUKI DESIGN,8,2011-03-25 07:04:00,1.88,14546,France,15.04
565236,21931,JUMBO STORAGE BAG SUKI,10,2011-10-02 07:16:00,1.78,12654,United Kingdom,17.8
550637,21071,VINTAGE BILLBOARD DRINK ME MUG,7,2011-02-08 12:27:00,1.07,14674,United Kingdom,7.49
553578,21755,LOVE BUILDING BLOCK WORD,5,2011-02-10 09:42:00,5.62,13226,United Kingdom,28.1
537463,22752,SET 7 BABUSHKA NESTING BOXES,8,2011-02-04 19:13:00,7.05,13622,United Kingdom,56.4
579706,20727,LUNCH BAG BLACK SKULL.,5,2011-06-19 09:55:00,1.67,12960,France,8.35
573542,22178,VICTORIAN GLASS HANGING T-LIGHT,9,2011-03-19 19:53:00,1.25,12601,United Kingdom,11.25
559873,23084,RABBIT NIGHT LIGHT,4,2010-12-19 10:54:00,1.94,14805,France,7.76
563037,20727,LUNCH BAG BLACK SKULL.,10,2011-07-29 18:33:00,1.7,13308,United Kingdom,17.0
578694,84406B,CREAM CUPID HEARTS COAT HANGER,1,2011-06-19 16:32:00,2.72,12674,Netherlands,2.72
566105,71053,WHITE METAL LANTERN,12,2011-03-24 18:45:00,3.22,12546,United Kingdom,38.64
583368,20727,LUNCH BAG BLACK SKULL.,6,2011-03-03 13:05:00,1.88,14202,United Kingdom,11.28
537639,22138,BAKING SET 9 PIECE RETROSPOT,1,2011-02-26 07:58:00,4.92,15006,Ireland,4.92
586983,84029G,KNITTED UNION FLAG HOT WATER BOTTLE,15,2011-03-17 12:02:00,3.55,12842,United Kingdom,53.25
566963,23203,JUMBO BAG DOILEY PATTERNS,2,2011-08-01 15:53:00,2.33,14472,United Kingdom,4.66
542924,84879,ASSORTED COLOUR BIRD ORNAMENT,1,2011-03-12 13:12:00,1.72,14678,United Kingdom,1.72
573798,22086,PAPER CHAIN KIT 50'S CHRISTMAS,10,2011-03-13 13:30:00,3.04,12795,United Kingdom,30.4
579849,22197,SMALL POPCORN HOLDER,4,2011-05-20 17:01:00,0.82,13967,United Kingdom,3.28
549470,21755,LOVE BUILDING BLOCK WORD,4,2011-06-18 19:10:00,5.76,14599,United Kingdom,23.04
538251,84029G,KNITTED UNION FLAG HOT WATER BOTTLE,2,2011-05-13 10:16:00,3.84,13146,United Kingdom,7.68
542676,22961,JAM MAKING SET PRINTED,1,2011-09-05 13:43:00,1.5,14715,Belgium,1.5
556739,84406B,CREAM CUPID HEARTS COAT HANGER,12,2011-03-25 17:06:00,2.98,13003,United Kingdom,35.76
549200,23203,JUMBO BAG DOILEY PATTERNS,4,2011-07-01 11:09:00,1.96,13372,United Kingdom,7.84
550342,85099B,JUMBO BAG RED RETROSPOT,2,2011-09-12 13:18:00,2.13,12594,United Kingdom,4.26
539342,84406B,CREAM CUPID HEARTS COAT HANGER,9,2010-12-09 15:30:00,3.1,13800,United Kingdom,27.9
565847,20727,LUNCH BAG BLACK SKULL.,2,2010-12-06 08:01:00,1.85,15176,United Kingdom,3.7
575863,22752,SET 7 BABUSHKA NESTING BOXES,17,2011-10-28 16:19:00,8.71,13100,United Kingdom,148.07
553407,84029E,RED WOOLLY HOTTIE WHITE HEART,4,2011-06-13 10:17:00,3.78,14538,United Kingdom,15.12
543026,21071,VINTAGE BILLBOARD DRINK ME MUG,11,2011-02-10 08:04:00,1.02,12696,United Kingdom,11.22
537391,71053,WHITE METAL LANTERN,3,2011-06-19 10:44:00,3.6,13966,United Kingdom,10.8
536986,21212,PACK OF 72 RETROSPOT CAKE CASES,4,2011-02-24 12:35:00,0.43,14555,United Kingdom,1.72
584312,21730,GLASS STAR FROSTED T-LIGHT HOLDER,16,2011-03-14 11:41:00,3.96,13220,Netherlands,63.36
548670,84879,ASSORTED COLOUR BIRD ORNAMENT,1,2011-05-17 17:46:00,1.58,14193,Germany,1.58
585809,23298,SPOTTY BUNTING,11,2011-04-15 07:24:00,5.45,12533,United Kingdom,59.95
547213,21754,HOME BUILDING BLOCK WORD,10,2011-02-28 07:02:00,6.44,13895,United Kingdom,64.4
539020,84029E,RED WOOLLY HOTTIE WHITE HEART,3,2011-02-06 15:31:00,4.3,13000,United Kingdom,12.9
555442,21212,PACK OF 72 RETROSPOT CAKE CASES,1,2011-02-11 15:11:00,0.42,13863,United Kingdom,0.42
553872,21754,HOME BUILDING BLOCK WORD,3,2011-08-05 16:51:00,5.63,13944,Belgium,16.89
563211,71053,WHITE METAL LANTERN,12,2011-06-19 10:14:00,3.59,13141,United Kingdom,43.08
543547,84879,ASSORTED COLOUR BIRD ORNAMENT,10,2011-07-25 18:39:00,1.64,12980,United Kingdom,16.4
566241,22383,LUNCH BAG SUKI DESIGN,4,2010-12-23 10:15:00,1.63,14800,United Kingdom,6.52
572957,22752,SET 7 BABUSHKA NESTING BOXES,7,2011-11-02 09:31:00,7.15,12501,United Kingdom,50.05
574450,71053,WHITE METAL LANTERN,9,2011-06-19 11:41:00,3.61,12828,United Kingdom,32.49
572810,23203,JUMBO BAG DOILEY PATTERNS,11,2011-04-08 17:56:00,2.19,13011,United Kingdom,24.09
585341,22632,HAND WARMER RED POLKA DOT,1,2010-12-23 13:24:00,2.05,13828,Ireland,2.05
547978,22178,VICTORIAN GLASS HANGING T-LIGHT,2,2010-12-06 12:55:00,1.32,13435,United Kingdom,2.64
578719,21212,PACK OF 72 RETROSPOT CAKE CASES,8,2011-05-14 12:11:00,0.45,12674,Netherlands,3.6
583481,21730,GLASS STAR FROSTED T-LIGHT HOLDER,1,2011-02-14 13:16:00,4.2,12363,United Kingdom,4.2
547124,20727,LUNCH BAG BLACK SKULL.,5,2011-11-18 07:39:00,1.72,13268,Germany,8.6
545452,21931,JUMBO STORAGE BAG SUKI,6,2010-12-02 15:30:00,2.24,13461,United Kingdom,13.44
586032,20727,LUNCH BAG BLACK SKULL.,10,2011-11-07 12:25:00,1.7,12459,United Kingdom,17.0
573640,23084,RABBIT NIGHT LIGHT,3,2011-04-05 12:27:00,2.1,13305,Belgium,6.3
552404,84029G,KNITTED UNION FLAG HOT WATER BOTTLE,10,2011-05-17 08:53:00,3.91,13183,United Kingdom,39.1
574277,22197,SMALL POPCORN HOLDER,1,2011-02-12 13:51:00,0.84,14000,Belgium,0.84
543654,21754,HOME BUILDING BLOCK WORD,10,2011-02-24 13:59:00,6.48,12665,United Kingdom,64.8
556317,22632,HAND WARMER RED POLKA DOT,5,2011-09-14 13:56:00,1.96,13108,United Kingdom,9.8
549740,21755,LOVE BUILDING BLOCK WORD,2,2011-05-18 09:24:00,5.72,13725,United Kingdom,11.44
549875,21931,JUMBO STORAGE BAG SUKI,1,2010-12-13 16:36:00,1.76,13404,United Kingdom,1.76
562660,21071,VINTAGE BILLBOARD DRINK ME MUG,8,2011-11-10 14:44:00,1.18,13045,United Kingdom,9.44
552780,22383,LUNCH BAG SUKI DESIGN,11,2011-07-29 16:28:00,1.66,13662,United Kingdom,18.26
565586,23298,SPOTTY BUNTING,15,2011-03-01 13:47:00,5.49,13201,France,82.35
565628,21730,GLASS STAR FROSTED T-LIGHT HOLDER,10,2011-02-13 18:29:00,4.07,12378,Ireland,40.7
556507,22178,VICTORIAN GLASS HANGING T-LIGHT,7,2011-04-15 08:59:00,1.32,12564,United Kingdom,9.24
558803,20727,LUNCH BAG BLACK SKULL.,3,2011-03-12 12:08:00,1.74,13578,United Kingdom,5.22
585624,21071,VINTAGE BILLBOARD DRINK ME MUG,12,2011-09-14 16:58:00,1.1,12576,United Kingdom,13.2
570481,22086,PAPER CHAIN KIT 50'S CHRISTMAS,14,2011-03-10 13:07:00,2.81,13624,United Kingdom,39.34
576777,21071,VINTAGE BILLBOARD DRINK ME MUG,1,2011-07-24 17:45:00,1.0,12547,United Kingdom,1.0
585685,21730,GLASS STAR FROSTED T-LIGHT HOLDER,13,2011-02-10 19:23:00,3.86,13644,United Kingdom,50.18
574619,22633,HAND WARMER UNION JACK,14,2011-03-28 13:24:00,1.97,12957,United Kingdom,27.58
545452,21754,HOME BUILDING BLOCK WORD,16,2010-12-02 15:30:00,5.88,13461,United Kingdom,94.08
575432,22752,SET 7 BABUSHKA NESTING BOXES,13,2011-07-01 07:58:00,7.27,12352,United Kingdom,94.51
557561,22960,JAM MAKING SET WITH JARS,6,2011-07-10 13:45:00,4.51,12373,Germany,27.06
558365,21754,HOME BUILDING BLOCK WORD,18,2011-04-09 07:43:00,5.64,12386,United Kingdom,101.52
577153,84406B,CREAM CUPID HEARTS COAT HANGER,4,2011-08-08 17:52:00,2.98,12624,Portugal,11.92
550952,21931,JUMBO STORAGE BAG SUKI,1,2011-03-16 07:54:00,1.96,13928,United Kingdom,1.96
575388,20725,LUNCH BAG RED RETROSPOT,16,2010-12-07 08:11:00,1.83,13757,United Kingdom,29.28
558880,23084,RABBIT NIGHT LIGHT,10,2011-09-14 10:49:00,2.34,12749,United Kingdom,23.4
554312,84029G,KNITTED UNION FLAG HOT WATER BOTTLE,8,2011-08-09 15:47:00,3.48,13054,United Kingdom,27.84
539557,84879,ASSORTED COLOUR BIRD ORNAMENT,9,2011-02-07 16:59:00,1.66,13221,United Kingdom,14.94
552461,22752,SET 7 BABUSHKA NESTING BOXES,6,2011-06-04 13:57:00,7.18,12638,United Kingdom,43.08
536579,20725,LUNCH BAG RED RETROSPOT,5,2010-12-26 14:50:00,1.49,13825,United Kingdom,7.45
563084,84406B,CREAM CUPID HEARTS COAT HANGER,12,2011-08-14 15:05:00,3.0,12754,United Kingdom,36.0
568242,22138,BAKING SET 9 PIECE RETROSPOT,18,2011-07-05 10:17:00,5.39,12463,France,97.02
563986,23084,RABBIT NIGHT LIGHT,1,2011-05-31 16:07:00,2.19,13056,United Kingdom,2.19
582179,21071,VINTAGE BILLBOARD DRINK ME MUG,6,2011-04-16 11:44:00,1.2,13795,United Kingdom,7.2
544535,21929,JUMBO BAG PINK VINTAGE PAISLEY,1,2011-05-13 13:25:00,1.88,12417,United Kingdom,1.88
572174,21755,LOVE BUILDING BLOCK WORD,1,2010-12-01 10:23:00,6.7,13573,United Kingdom,6.7
581813,22178,VICTORIAN GLASS HANGING T-LIGHT,9,2011-02-16 09:07:00,1.39,15580,United Kingdom,12.51
569452,21212,PACK OF 72 RETROSPOT CAKE CASES,5,2011-06-05 13:31:00,0.38,14481,United Kingdom,1.9
582175,23298,SPOTTY BUNTING,13,2010-12-16 19:14:00,5.38,13795,United Kingdom,69.94
578078,22961,JAM MAKING SET PRINTED,1,2011-11-02 17:52:00,1.33,14207,France,1.33
567273,23203,JUMBO BAG DOILEY PATTERNS,8,2011-02-11 15:14:00,2.11,12765,United Kingdom,16.88
573348,21071,VINTAGE BILLBOARD DRINK ME MUG,9,2011-01-02 08:17:00,1.06,13590,United Kingdom,9.54
587353,23298,SPOTTY BUNTING,4,2010-12-06 12:44:00,5.09,14922,United Kingdom,20.36
558326,84029E,RED WOOLLY HOTTIE WHITE HEART,9,2011-07-29 17:11:00,4.29,13309,Ireland,38.61
555599,21730,GLASS STAR FROSTED T-LIGHT HOLDER,7,2010-12-07 07:50:00,3.85,15778,Belgium,26.95
554963,21755,LOVE BUILDING BLOCK WORD,18,2011-04-28 19:32:00,6.59,13697,United Kingdom,118.62
561131,23298,SPOTTY BUNTING,2,2011-02-06 16:00:00,5.04,15203,United Kingdom,10.08
554864,84406B,CREAM CUPID HEARTS COAT HANGER,8,2011-05-21 13:47:00,3.07,13016,Germany,24.56
581390,84406B,CREAM CUPID HEARTS COAT HANGER,8,2011-02-07 09:50:00,2.68,12368,United Kingdom,21.44
557032,85099B,JUMBO BAG RED RETROSPOT,15,2011-02-27 17:43:00,2.29,13784,United Kingdom,34.35
554704,21071,VINTAGE BILLBOARD DRINK ME MUG,10,2011-05-13 12:02:00,1.12,13121,United Kingdom,11.2
575346,20727,LUNCH BAG BLACK SKULL.,13,2011-11-27 17:39:00,1.84,12970,United Kingdom,23.92
544365,20725,LUNCH BAG RED RETROSPOT,2,2011-06-16 14:45:00,1.66,13248,United Kingdom,3.32
548874,84029E,RED WOOLLY HOTTIE WHITE HEART,10,2011-10-26 11:44:00,4.06,12836,France,40.6
577368,22632,HAND WARMER RED POLKA DOT,7,2011-04-12 07:00:00,1.78,12886,France,12.46
544741,22086,PAPER CHAIN KIT 50'S CHRISTMAS,1,2011-05-22 13:24:00,2.75,12550,United Kingdom,2.75
548709,22633,HAND WARMER UNION JACK,12,2011-08-04 14:27:00,1.95,12429,United Kingdom,23.4
538999,22961,JAM MAKING SET PRINTED,7,2011-02-23 14:23:00,1.36,15719,United Kingdom,9.52
551032,21929,JUMBO BAG PINK VINTAGE PAISLEY,19,2010-12-02 17:06:00,2.32,13450,United Kingdom,44.08
579585,20725,LUNCH BAG RED RETROSPOT,2,2011-06-29 16:03:00,1.64,13320,United Kingdom,3.28
550783,21212,PACK OF 72 RETROSPOT CAKE CASES,12,2011-03-18 18:48:00,0.43,12464,France,5.16
559485,22633,HAND WARMER UNION JACK,1,2011-02-08 10:56:00,1.8,12506,Netherlands,1.8
546105,22961,JAM MAKING SET PRINTED,11,2011-02-15 19:29:00,1.52,13770,Spain,16.72
575305,21071,VINTAGE BILLBOARD DRINK ME MUG,2,2011-07-01 14:12:00,1.1,13051,Germany,2.2
563177,22632,HAND WARMER RED POLKA DOT,10,2011-09-08 10:57:00,1.74,13244,United Kingdom,17.4
560273,84879,ASSORTED COLOUR BIRD ORNAMENT,2,2011-09-11 10:26:00,1.52,12870,United Kingdom,3.04
550247,21212,PACK OF 72 RETROSPOT CAKE CASES,1,2011-11-06 10:17:00,0.43,13147,France,0.43
587392,84029E,RED WOOLLY HOTTIE WHITE HEART,1,2010-12-23 07:54:00,3.42,13737,France,3.42
550577,20725,LUNCH BAG RED RETROSPOT,15,2011-05-16 15:03:00,1.85,13848,United Kingdom,27.75
561256,22178,VICTORIAN GLASS HANGING T-LIGHT,7,2011-09-14 08:10:00,1.21,12690,United Kingdom,8.47
566682,20727,LUNCH BAG BLACK SKULL.,2,2011-02-10 13:29:00,1.87,14535,United Kingdom,3.74
552658,22633,HAND WARMER UNION JACK,6,2011-05-24 13:34:00,1.96,12905,United Kingdom,11.76
542094,22178,VICTORIAN GLASS HANGING T-LIGHT,11,2011-02-23 16:36:00,1.33,13192,United Kingdom,14.63
586134,84879,ASSORTED COLOUR BIRD ORNAMENT,13,2011-02-17 16:44:00,1.92,13455,United Kingdom,24.96
577947,22633,HAND WARMER UNION JACK,6,2011-09-13 08:07:00,1.72,12921,United Kingdom,10.32
567235,22086,PAPER CHAIN KIT 50'S CHRISTMAS,1,2011-08-21 09:15:00,2.73,12784,United Kingdom,2.73
573711,22961,JAM MAKING SET PRINTED,6,2011-02-21 12:36:00,1.55,12692,United Kingdom,9.3
585246,23084,RABBIT NIGHT LIGHT,2,2011-05-26 11:53:00,1.93,15039,United Kingdom,3.86
576041,22383,LUNCH BAG SUKI DESIGN,8,2011-02-08 15:36:00,1.73,13688,United Kingdom,13.84
561001,22633,HAND WARMER UNION JACK,1,2011-01-05 14:13:00,2.03,13805,Germany,2.03
577524,84029G,KNITTED UNION FLAG HOT WATER BOTTLE,14,2010-12-02 07:49:00,3.93,13603,United Kingdom,55.02
555842,85099B,JUMBO BAG RED RETROSPOT,4,2011-05-19 15:36:00,2.07,12412,United Kingdom,8.28
578659,20725,LUNCH BAG RED RETROSPOT,1,2011-11-02 12:47:00,1.53,13957,United Kingdom,1.53
543662,23298,SPOTTY BUNTING,13,2011-07-29 17:21:00,5.56,12665,United Kingdom,72.28
539679,21212,PACK OF 72 RETROSPOT CAKE CASES,2,2011-03-08 13:53:00,0.43,14173,Ireland,0.86
567443,84029G,KNITTED UNION FLAG HOT WATER BOTTLE,15,2010-12-07 08:51:00,4.04,13599,United Kingdom,60.6
559056,21755,LOVE BUILDING BLOCK WORD,9,2011-09-19 12:45:00,6.01,12586,United Kingdom,54.09
567295,21212,PACK OF 72 RETROSPOT CAKE CASES,1,2011-06-18 15:41:00,0.45,12765,United Kingdom,0.45
543472,21730,GLASS STAR FROSTED T-LIGHT HOLDER,5,2011-02-05 07:46:00,4.76,13518,United Kingdom,23.8
537327,22383,LUNCH BAG SUKI DESIGN,2,2011-09-22 10:21:00,1.76,12496,United Kingdom,3.52
539828,85099B,JUMBO BAG RED RETROSPOT,7,2011-06-26 18:18:00,2.16,12434,Ireland,15.12
539386,20727,LUNCH BAG BLACK SKULL.,1,2011-05-30 14:19:00,1.5,12863,United Kingdom,1.5
551131,22138,BAKING SET 9 PIECE RETROSPOT,6,2011-11-05 19:00:00,4.82,12880,United Kingdom,28.92
540635,20725,LUNCH BAG RED RETROSPOT,4,2011-07-21 19:04:00,1.55,12924,United Kingdom,6.2
556570,22633,HAND WARMER UNION JACK,7,2011-03-07 15:41:00,2.02,12983,United Kingdom,14.14
576637,84406B,CREAM CUPID HEARTS COAT HANGER,3,2011-02-19 09:32:00,2.94,15297,United Kingdom,8.82
576218,23203,JUMBO BAG DOILEY PATTERNS,2,2011-03-13 14:43:00,2.17,13300,United Kingdom,4.34
575730,85099B,JUMBO BAG RED RETROSPOT,7,2011-03-16 19:40:00,2.29,13788,United Kingdom,16.03
581970,21754,HOME BUILDING BLOCK WORD,7,2011-01-01 12:27:00,5.49,16135,United Kingdom,38.43
561356,71053,WHITE METAL LANTERN,8,2011-05-13 12:51:00,3.62,12627,Germany,28.96
559574,84879,ASSORTED COLOUR BIRD ORNAMENT,1,2011-05-14 13:11:00,1.79,13178,Ireland,1.79
582267,21071,VINTAGE BILLBOARD DRINK ME MUG,6,2011-12-04 16:13:00,1.11,14560,United Kingdom,6.66
552011,23203,JUMBO BAG DOILEY PATTERNS,7,2011-02-13 17:11:00,2.1,13897,United Kingdom,14.7
572321,22960,JAM MAKING SET WITH JARS,1,2011-05-16 16:52:00,4.17,13595,United Kingdom,4.17
542262,22138,BAKING SET 9 PIECE RETROSPOT,1,2011-07-30 10:19:00,5.33,13274,United Kingdom,5.33
543020,22632,HAND WARMER RED POLKA DOT,6,2011-09-24 17:30:00,2.07,12696,United Kingdom,12.42
585077,22138,BAKING SET 9 PIECE RETROSPOT,4,2011-09-19 18:09:00,5.34,14490,United Kingdom,21.36
583296,21755,LOVE BUILDING BLOCK WORD,11,2011-11-05 17:54:00,6.57,13206,United Kingdom,72.27
586369,22383,LUNCH BAG SUKI DESIGN,4,2011-06-19 14:04:00,1.84,12812,France,7.36
571944,21730,GLASS STAR FROSTED T-LIGHT HOLDER,5,2011-07-29 19:25:00,3.96,14015,United Kingdom,19.8
539622,23298,SPOTTY BUNTING,7,2011-02-16 13:11:00,5.32,13050,Netherlands,37.24
546256,22197,SMALL POPCORN HOLDER,6,2011-11-04 18:26:00,0.89,12873,United Kingdom,5.34
579316,22961,JAM MAKING SET PRINTED,4,2010-12-16 10:21:00,1.51,13471,United Kingdom,6.04
548644,22752,SET 7 BABUSHKA NESTING BOXES,2,2011-04-12 14:43:00,8.23,13302,United Kingdom,16.46
545610,20725,LUNCH BAG RED RETROSPOT,5,2011-05-25 16:37:00,1.73,12362,United Kingdom,8.65
548962,22383,LUNCH BAG SUKI DESIGN,7,2011-09-13 13:57:00,1.65,13218,United Kingdom,11.55
550924,22383,LUNCH BAG SUKI DESIGN,6,2011-09-13 09:50:00,1.74,12675,Belgium,10.44
574041,22086,PAPER CHAIN KIT 50'S CHRISTMAS,10,2011-02-28 17:09:00,3.03,13210,United Kingdom,30.3
546734,22752,SET 7 BABUSHKA NESTING BOXES,11,2010-12-02 19:15:00,7.16,13425,United Kingdom,78.76
555591,22960,JAM MAKING SET WITH JARS,10,2011-09-12 10:53:00,4.24,12844,United Kingdom,42.4
554506,23084,RABBIT NIGHT LIGHT,5,2011-06-11 16:41:00,1.94,14365,United Kingdom,9.7
538653,71053,WHITE METAL LANTERN,8,2011-05-14 14:43:00,3.57,13254,Germany,28.56
586652,22960,JAM MAKING SET WITH JARS,1,2011-03-13 16:44:00,4.52,15242,United Kingdom,4.52
565116,22752,SET 7 BABUSHKA NESTING BOXES,10,2011-11-26 12:50:00,8.52,12435,United Kingdom,85.2
570780,23084,RABBIT NIGHT LIGHT,1,2011-02-07 15:43:00,2.0,12538,France,2.0
550377,85099B,JUMBO BAG RED RETROSPOT,9,2011-04-24 11:27:00,2.24,13085,United Kingdom,20.16
550698,22086,PAPER CHAIN KIT 50'S CHRISTMAS,11,2010-12-18 16:37:00,2.83,13475,Germany,31.13
585140,23298,SPOTTY BUNTING,12,2011-09-12 13:53:00,5.37,12476,United Kingdom,64.44
546834,21071,VINTAGE BILLBOARD DRINK ME MUG,5,2011-06-18 19:32:00,1.13,12450,Ireland,5.65
541784,84406B,CREAM CUPID HEARTS COAT HANGER,4,2011-06-16 17:09:00,2.87,14126,United Kingdom,11.48
582292,21929,JUMBO BAG PINK VINTAGE PAISLEY,11,2011-10-24 08:31:00,2.07,13080,United Kingdom,22.77
576657,21754,HOME BUILDING BLOCK WORD,9,2011-08-16 14:24:00,5.58,13019,United Kingdom,50.22
541744,84879,ASSORTED COLOUR BIRD ORNAMENT,9,2011-10-29 07:50:00,1.86,12982,France,16.74
558380,22383,LUNCH BAG SUKI DESIGN,15,2011-02-18 16:09:00,1.73,12386,United Kingdom,25.95
558017,84029G,KNITTED UNION FLAG HOT WATER BOTTLE,5,2011-03-08 10:48:00,3.54,13020,Portugal,17.7
556046,22633,HAND WARMER UNION JACK,1,2011-02-09 09:08:00,2.09,14668,United Kingdom,2.09
571610,23084,RABBIT NIGHT LIGHT,1,2011-10-29 15:20:00,2.06,15808,United Kingdom,2.06
543503,22633,HAND WARMER UNION JACK,10,2011-04-07 18:48:00,1.92,13481,United Kingdom,19.2
574809,21730,GLASS STAR FROSTED T-LIGHT HOLDER,3,2011-10-30 12:39:00,4.4,12659,United Kingdom,13.2
576605,22197,SMALL POPCORN HOLDER,3,2010-12-03 17:42:00,0.92,13554,Germany,2.76
579720,22752,SET 7 BABUSHKA NESTING BOXES,4,2011-02-23 09:04:00,8.32,12960,France,33.28
540124,22752,SET 7 BABUSHKA NESTING BOXES,16,2011-08-09 18:15:00,7.3,12648,Ireland,116.8
583059,85099B,JUMBO BAG RED RETROSPOT,11,2011-08-03 10:59:00,2.22,12893,United Kingdom,24.42
580009,22961,JAM MAKING SET PRINTED,5,2011-09-12 19:53:00,1.65,12768,Portugal,8.25
581404,21929,JUMBO BAG PINK VINTAGE PAISLEY,5,2011-05-01 17:10:00,1.95,12368,United Kingdom,9.75
567122,23084,RABBIT NIGHT LIGHT,8,2011-02-10 15:22:00,2.01,13729,United Kingdom,16.08
569177,22197,SMALL POPCORN HOLDER,9,2011-04-20 10:03:00,0.97,13468,United Kingdom,8.73
571092,22752,SET 7 BABUSHKA NESTING BOXES,1,2011-03-22 09:31:00,7.25,12420,United Kingdom,7.25
547630,85123A,WHITE HANGING HEART T-LIGHT HOLDER,4,2011-02-09 11:51:00,2.75,12851,United Kingdom,11.0
573199,21929,JUMBO BAG PINK VINTAGE PAISLEY,1,2010-12-03 09:26:00,2.04,15529,United Kingdom,2.04
542131,85123A,WHITE HANGING HEART T-LIGHT HOLDER,2,2010-12-13 09:26:00,2.91,13498,United Kingdom,5.82
568110,20727,LUNCH BAG BLACK SKULL.,2,2011-03-08 11:39:00,1.79,14444,Spain,3.58
544756,22178,VICTORIAN GLASS HANGING T-LIGHT,4,2011-11-12 13:30:00,1.16,12550,United Kingdom,4.64
570883,84406B,CREAM CUPID HEARTS COAT HANGER,11,2011-08-06 08:46:00,2.98,12375,Ireland,32.78
546997,22197,SMALL POPCORN HOLDER,6,2011-05-26 15:48:00,0.83,12777,United Kingdom,4.98
581982,84879,ASSORTED COLOUR BIRD ORNAMENT,6,2011-11-27 19:48:00,1.54,13072,France,9.24
537734,84879,ASSORTED COLOUR BIRD ORNAMENT,8,2011-09-12 13:36:00,1.92,12853,Ireland,15.36
584713,22632,HAND WARMER RED POLKA DOT,6,2011-11-05 19:29:00,1.69,12896,United Kingdom,10.14
567263,21730,GLASS STAR FROSTED T-LIGHT HOLDER,17,2011-11-28 08:38:00,4.79,12765,United Kingdom,81.43
584159,21212,PACK OF 72 RETROSPOT CAKE CASES,5,2010-12-19 11:17:00,0.42,15050,United Kingdom,2.1
546201,20725,LUNCH BAG RED RETROSPOT,2,2011-06-16 10:01:00,1.71,12498,United Kingdom,3.42
548886,22138,BAKING SET 9 PIECE RETROSPOT,6,2011-08-01 15:26:00,5.42,12836,France,32.52
556565,22178,VICTORIAN GLASS HANGING T-LIGHT,2,2011-04-25 13:47:00,1.39,13935,United Kingdom,2.78
581673,21730,GLASS STAR FROSTED T-LIGHT HOLDER,5,2011-07-29 19:40:00,4.42,14575,United Kingdom,22.1
556729,22632,HAND WARMER RED POLKA DOT,6,2011-03-10 16:46:00,2.12,15210,United Kingdom,12.72
561118,22197,SMALL POPCORN HOLDER,5,2011-03-29 11:09:00,0.83,13514,France,4.15
551070,85123A,WHITE HANGING HEART T-LIGHT HOLDER,8,2011-02-15 16:49:00,2.48,13105,Spain,19.84
538938,84029E,RED WOOLLY HOTTIE WHITE HEART,8,2011-02-19 07:50:00,4.12,13428,United Kingdom,32.96
562676,22752,SET 7 BABUSHKA NESTING BOXES,3,2011-04-13 15:43:00,7.42,14483,United Kingdom,22.26
539588,23298,SPOTTY BUNTING,9,2011-02-07 14:54:00,5.36,13145,United Kingdom,48.24
581088,22383,LUNCH BAG SUKI DESIGN,3,2010-12-21 18:33:00,1.64,13675,United Kingdom,4.92
571544,23084,RABBIT NIGHT LIGHT,7,2011-11-26 13:17:00,2.04,12348,United Kingdom,14.28
543838,21730,GLASS STAR FROSTED T-LIGHT HOLDER,4,2010-12-08 13:36:00,4.48,16331,Ireland,17.92
576922,84029E,RED WOOLLY HOTTIE WHITE HEART,3,2011-03-12 11:38:00,3.68,14209,United Kingdom,11.04
561048,22178,VICTORIAN GLASS HANGING T-LIGHT,15,2010-12-19 10:24:00,1.43,13871,United Kingdom,21.45
538194,22632,HAND WARMER RED POLKA DOT,6,2011-07-31 13:25:00,1.74,12438,United Kingdom,10.44
537463,84029G,KNITTED UNION FLAG HOT WATER BOTTLE,13,2011-02-04 19:13:00,3.63,13622,United Kingdom,47.19
539201,21755,LOVE BUILDING BLOCK WORD,3,2011-02-05 19:15:00,5.7,12351,United Kingdom,17.1
542820,22961,JAM MAKING SET PRINTED,1,2011-05-22 07:41:00,1.31,13252,United Kingdom,1.31
570867,22086,PAPER CHAIN KIT 50'S CHRISTMAS,1,2011-05-19 12:10:00,3.1,12938,United Kingdom,3.1
570349,22961,JAM MAKING SET PRINTED,7,2011-08-04 10:52:00,1.58,13155,United Kingdom,11.06
548673,21931,JUMBO STORAGE BAG SUKI,3,2011-03-12 09:18:00,2.0,14193,Germany,6.0
563579,21730,GLASS STAR FROSTED T-LIGHT HOLDER,15,2011-02-13 10:11:00,4.29,12581,United Kingdom,64.35
546430,21212,PACK OF 72 RETROSPOT CAKE CASES,6,2011-04-17 07:34:00,0.43,12946,United Kingdom,2.58
581636,22086,PAPER CHAIN KIT 50'S CHRISTMAS,14,2010-12-21 17:58:00,3.34,13701,Ireland,46.76
560288,22961,JAM MAKING SET PRINTED,9,2011-02-20 14:05:00,1.64,13764,United Kingdom,14.76
574901,71053,WHITE METAL LANTERN,4,2011-09-29 09:09:00,3.25,12509,France,13.0
585140,22138,BAKING SET 9 PIECE RETROSPOT,1,2011-09-12 13:53:00,5.11,12476,United Kingdom,5.11
536865,84029G,KNITTED UNION FLAG HOT WATER BOTTLE,9,2011-06-01 07:18:00,3.98,13332,United Kingdom,35.82
566431,22178,VICTORIAN GLASS HANGING T-LIGHT,1,2011-05-31 19:42:00,1.35,14149,Germany,1.35
577085,22633,HAND WARMER UNION JACK,3,2011-07-31 11:49:00,1.78,13672,United Kingdom,5.34
579588,84029G,KNITTED UNION FLAG HOT WATER BOTTLE,14,2011-09-19 07:25:00,4.03,13320,United Kingdom,56.42
555331,21931,JUMBO STORAGE BAG SUKI,14,2010-12-12 17:06:00,1.89,13584,Ireland,26.46
578430,85123A,WHITE HANGING HEART T-LIGHT HOLDER,5,2011-06-11 17:41:00,2.33,13298,United Kingdom,11.65
578903,22632,HAND WARMER RED POLKA DOT,6,2011-01-02 09:59:00,1.75,13790,United Kingdom,10.5
578297,71053,WHITE METAL LANTERN,1,2011-05-11 14:26:00,3.12,13699,United Kingdom,3.12
561696,21755,LOVE BUILDING BLOCK WORD,12,2010-12-22 11:36:00,5.8,13456,United Kingdom,69.6
538995,23203,JUMBO BAG DOILEY PATTERNS,4,2010-12-08 07:40:00,2.38,15618,United Kingdom,9.52
548906,84406B,CREAM CUPID HEARTS COAT HANGER,1,2010-12-25 12:32:00,2.97,13530,Belgium,2.97
557940,21730,GLASS STAR FROSTED T-LIGHT HOLDER,11,2010-12-27 17:03:00,4.32,13494,Netherlands,47.52
576087,84029G,KNITTED UNION FLAG HOT WATER BOTTLE,6,2011-03-16 17:24:00,4.02,13292,United Kingdom,24.12
572064,22086,PAPER CHAIN KIT 50'S CHRISTMAS,3,2010-12-04 11:28:00,3.17,14883,Portugal,9.51
543297,20727,LUNCH BAG BLACK SKULL.,8,2010-12-03 10:06:00,1.78,13866,Ireland,14.24
586664,71053,WHITE METAL LANTERN,9,2010-12-17 12:50:00,3.39,13811,United Kingdom,30.51
541537,23203,JUMBO BAG DOILEY PATTERNS,3,2011-04-27 19:22:00,2.29,13383,United Kingdom,6.87
536817,22086,PAPER CHAIN KIT 50'S CHRISTMAS,7,2011-06-20 07:25:00,2.8,12774,United Kingdom,19.6
565174,23298,SPOTTY BUNTING,5,2011-08-05 15:38:00,5.66,14700,Germany,28.3
564594,21730,GLASS STAR FROSTED T-LIGHT HOLDER,6,2011-04-26 12:53:00,4.77,14852,Ireland,28.62
543629,23084,RABBIT NIGHT LIGHT,7,2011-04-16 10:57:00,2.35,13479,United Kingdom,16.45
576840,22633,HAND WARMER UNION JACK,8,2011-06-14 09:55:00,1.94,13084,Ireland,15.52
561270,21730,GLASS STAR FROSTED T-LIGHT HOLDER,4,2011-02-18 18:27:00,4.62,14687,United Kingdom,18.48
578878,23298,SPOTTY BUNTING,2,2011-02-14 10:42:00,4.61,12877,United Kingdom,9.22
568571,85099B,JUMBO BAG RED RETROSPOT,12,2011-02-09 15:43:00,1.87,12799,France,22.44
537855,84029E,RED WOOLLY HOTTIE WHITE HEART,6,2011-10-28 07:50:00,3.93,12728,United Kingdom,23.58
580615,22178,VICTORIAN GLASS HANGING T-LIGHT,8,2011-02-13 13:19:00,1.13,13771,Ireland,9.04
563385,22197,SMALL POPCORN HOLDER,5,2011-02-06 11:38:00,0.78,15684,United Kingdom,3.9
551032,22960,JAM MAKING SET WITH JARS,14,2010-12-02 17:06:00,3.86,13450,United Kingdom,54.04
544278,85123A,WHITE HANGING HEART T-LIGHT HOLDER,6,2011-01-02 15:09:00,2.78,13637,United Kingdom,16.68
539405,22960,JAM MAKING SET WITH JARS,5,2010-12-16 09:50:00,4.69,16464,United Kingdom,23.45
581395,21754,HOME BUILDING BLOCK WORD,10,2011-06-01 19:11:00,6.3,12368,United Kingdom,63.0
582461,22960,JAM MAKING SET WITH JARS,5,2011-09-29 10:36:00,3.98,12611,United Kingdom,19.9
571754,22961,JAM MAKING SET PRINTED,10,2011-02-10 11:46:00,1.33,12965,Netherlands,13.3
568795,21755,LOVE BUILDING BLOCK WORD,5,2011-05-20 13:54:00,5.72,12846,United Kingdom,28.6
581582,21071,VINTAGE BILLBOARD DRINK ME MUG,11,2010-12-14 11:05:00,0.99,13447,United Kingdom,10.89
575553,22197,SMALL POPCORN HOLDER,1,2011-09-13 10:39:00,0.78,14561,United Kingdom,0.78
548921,22197,SMALL POPCORN HOLDER,1,2010-12-11 11:09:00,0.81,13464,United Kingdom,0.81
547085,22086,PAPER CHAIN KIT 50'S CHRISTMAS,6,2011-02-08 18:10:00,3.15,14357,Ireland,18.9
586664,22197,SMALL POPCORN HOLDER,1,2010-12-17 12:50:00,0.91,13811,United Kingdom,0.91
545911,84029E,RED WOOLLY HOTTIE WHITE HEART,6,2011-05-17 09:14:00,3.48,14862,United Kingdom,20.88
572335,84029G,KNITTED UNION FLAG HOT WATER BOTTLE,1,2011-05-14 15:29:00,4.15,14094,United Kingdom,4.15
542672,21929,JUMBO BAG PINK VINTAGE PAISLEY,5,2011-11-28 09:33:00,1.91,14715,Belgium,9.55
539372,84879,ASSORTED COLOUR BIRD ORNAMENT,20,2011-04-15 09:30:00,1.89,12863,United Kingdom,37.8
569625,21931,JUMBO STORAGE BAG SUKI,6,2011-08-09 17:28:00,1.8,12829,United Kingdom,10.8
568343,22138,BAKING SET 9 PIECE RETROSPOT,4,2011-05-14 13:57:00,5.43,12471,Ireland,21.72
583236,21212,PACK OF 72 RETROSPOT CAKE CASES,13,2011-07-31 12:45:00,0.42,13093,United Kingdom,5.46
542176,21212,PACK OF 72 RETROSPOT CAKE CASES,7,2010-12-16 15:43:00,0.45,13545,United Kingdom,3.15
553533,21754,HOME BUILDING BLOCK WORD,10,2011-02-10 12:17:00,6.1,13098,United Kingdom,61.0
542184,21929,JUMBO BAG PINK VINTAGE PAISLEY,1,2010-12-15 14:54:00,2.19,13545,United Kingdom,2.19
553831,23298,SPOTTY BUNTING,2,2011-06-06 13:33:00,5.11,14344,United Kingdom,10.22
585049,20727,LUNCH BAG BLACK SKULL.,15,2010-12-08 10:57:00,1.63,13469,United Kingdom,24.45
584450,84879,ASSORTED COLOUR BIRD ORNAMENT,4,2011-09-14 07:35:00,1.65,13010,United Kingdom,6.6
574530,23084,RABBIT NIGHT LIGHT,10,2011-07-30 07:04:00,2.12,12826,United Kingdom,21.2
580057,22383,LUNCH BAG SUKI DESIGN,1,2011-09-13 16:20:00,1.89,13377,United Kingdom,1.89
553220,22178,VICTORIAN GLASS HANGING T-LIGHT,9,2011-11-02 10:12:00,1.28,13087,United Kingdom,11.52
584576,21755,LOVE BUILDING BLOCK WORD,3,2011-02-18 14:34:00,5.99,13408,Ireland,17.97
555433,84879,ASSORTED COLOUR BIRD ORNAMENT,8,2011-05-24 14:02:00,1.52,16165,United Kingdom,12.16
569889,84029G,KNITTED UNION FLAG HOT WATER BOTTLE,1,2011-02-10 14:46:00,3.97,12395,United Kingdom,3.97
564857,21730,GLASS STAR FROSTED T-LIGHT HOLDER,1,2011-06-10 14:18:00,4.55,15587,United Kingdom,4.55
572851,21730,GLASS STAR FROSTED T-LIGHT HOLDER,10,2011-04-25 12:00:00,3.97,12725,Belgium,39.7
537147,21212,PACK OF 72 RETROSPOT CAKE CASES,9,2011-06-19 11:41:00,0.4,12598,France,3.6
555375,84029E,RED WOOLLY HOTTIE WHITE HEART,4,2011-05-15 08:11:00,4.0,13315,Ireland,16.0
540154,20727,LUNCH BAG BLACK SKULL.,8,2010-12-26 11:31:00,1.64,13835,United Kingdom,13.12
565658,21754,HOME BUILDING BLOCK WORD,4,2011-04-04 11:03:00,5.6,13538,United Kingdom,22.4
567584,22960,JAM MAKING SET WITH JARS,10,2010-12-02 08:04:00,4.18,13427,United Kingdom,41.8
570300,23203,JUMBO BAG DOILEY PATTERNS,1,2011-07-21 16:07:00,1.99,13998,United Kingdom,1.99
585270,21929,JUMBO BAG PINK VINTAGE PAISLEY,2,2011-09-12 13:40:00,2.26,12975,Germany,4.52
579663,23298,SPOTTY BUNTING,10,2011-05-11 13:25:00,5.56,12881,United Kingdom,55.6
554106,22961,JAM MAKING SET PRINTED,1,2011-03-15 19:13:00,1.32,15665,Germany,1.32
564949,85123A,WHITE HANGING HEART T-LIGHT HOLDER,9,2011-11-05 11:07:00,2.93,12734,United Kingdom,26.37
543682,23084,RABBIT NIGHT LIGHT,2,2011-06-19 18:33:00,2.14,12548,United Kingdom,4.28
539624,84406B,CREAM CUPID HEARTS COAT HANGER,16,2011-05-24 15:31:00,2.74,13050,Netherlands,43.84
574029,71053,WHITE METAL LANTERN,4,2011-02-05 12:40:00,3.41,15168,United Kingdom,13.64
563600,23298,SPOTTY BUNTING,4,2011-06-20 07:03:00,4.72,12744,United Kingdom,18.88
576198,84406B,CREAM CUPID HEARTS COAT HANGER,9,2011-03-06 09:42:00,2.53,13300,United Kingdom,22.77
540379,20727,LUNCH BAG BLACK SKULL.,1,2011-05-13 12:52:00,1.54,12926,United Kingdom,1.54
566012,21754,HOME BUILDING BLOCK WORD,11,2010-12-27 15:25:00,6.35,13424,United Kingdom,69.85
553972,21754,HOME BUILDING BLOCK WORD,10,2010-12-13 13:09:00,6.32,13641,United Kingdom,63.2
570882,21212,PACK OF 72 RETROSPOT CAKE CASES,4,2011-04-09 11:17:00,0.44,12375,Ireland,1.76
582400,22086,PAPER CHAIN KIT 50'S CHRISTMAS,1,2011-04-21 10:51:00,3.0,14343,United Kingdom,3.0
576765,23203,JUMBO BAG DOILEY PATTERNS,10,2011-05-25 07:58:00,2.3,12547,United Kingdom,23.0
567575,22138,BAKING SET 9 PIECE RETROSPOT,3,2011-03-07 14:29:00,4.52,14631,Ireland,13.56
574423,22178,VICTORIAN GLASS HANGING T-LIGHT,1,2011-02-04 18:36:00,1.39,14263,Belgium,1.39
559576,21929,JUMBO BAG PINK VINTAGE PAISLEY,3,2011-09-25 17:20:00,2.06,13178,Ireland,6.18
552981,22197,SMALL POPCORN HOLDER,4,2011-02-05 15:56:00,0.86,14340,United Kingdom,3.44
579419,85123A,WHITE HANGING HEART T-LIGHT HOLDER,9,2011-07-24 13:17:00,2.81,12583,United Kingdom,25.29
581627,22633,HAND WARMER UNION JACK,6,2011-03-05 15:44:00,1.85,13701,Ireland,11.1
575708,21730,GLASS STAR FROSTED T-LIGHT HOLDER,3,2011-11-05 17:08:00,4.03,14494,United Kingdom,12.09
562889,21931,JUMBO STORAGE BAG SUKI,4,2011-06-04 11:12:00,1.86,13058,United Kingdom,7.44
537355,20727,LUNCH BAG BLACK SKULL.,6,2011-07-24 14:34:00,1.52,13395,United Kingdom,9.12
543637,85099B,JUMBO BAG RED RETROSPOT,12,2011-03-30 16:58:00,2.05,13479,United Kingdom,24.6
536538,23084,RABBIT NIGHT LIGHT,10,2011-06-23 18:43:00,2.09,13856,United Kingdom,20.9
576428,84406B,CREAM CUPID HEARTS COAT HANGER,1,2011-02-11 08:07:00,2.72,13172,United Kingdom,2.72
562359,84879,ASSORTED COLOUR BIRD ORNAMENT,6,2011-02-07 11:28:00,1.88,14455,Netherlands,11.28
558851,21929,JUMBO BAG PINK VINTAGE PAISLEY,1,2011-03-02 13:54:00,2.33,14088,United Kingdom,2.33
579260,22632,HAND WARMER RED POLKA DOT,3,2011-08-18 10:23:00,1.88,13394,United Kingdom,5.64
579938,22752,SET 7 BABUSHKA NESTING BOXES,4,2011-02-09 19:57:00,8.29,14482,United Kingdom,33.16
577463,22197,SMALL POPCORN HOLDER,4,2010-12-14 12:14:00,0.84,15798,Netherlands,3.36
539183,21730,GLASS STAR FROSTED T-LIGHT HOLDER,10,2011-09-16 08:42:00,4.26,12351,United Kingdom,42.6
548432,21929,JUMBO BAG PINK VINTAGE PAISLEY,8,2011-08-30 14:29:00,2.15,12859,United Kingdom,17.2
577320,21755,LOVE BUILDING BLOCK WORD,3,2011-10-15 14:34:00,6.51,14545,France,19.53
564478,84879,ASSORTED COLOUR BIRD ORNAMENT,2,2011-02-10 09:38:00,1.94,15110,United Kingdom,3.88
577620,22138,BAKING SET 9 PIECE RETROSPOT,6,2011-06-19 08:27:00,5.5,13570,United Kingdom,33.0
540270,21754,HOME BUILDING BLOCK WORD,12,2010-12-01 07:00:00,6.02,13601,United Kingdom,72.24
549104,22960,JAM MAKING SET WITH JARS,4,2011-03-30 17:37:00,4.62,12495,United Kingdom,18.48
568017,23084,RABBIT NIGHT LIGHT,7,2011-09-14 10:06:00,2.0,12639,United Kingdom,14.0
580007,22086,PAPER CHAIN KIT 50'S CHRISTMAS,3,2011-09-21 13:22:00,2.81,12768,Portugal,8.43
550012,21929,JUMBO BAG PINK VINTAGE PAISLEY,7,2011-02-08 17:56:00,2.38,12415,United Kingdom,16.66
548563,22960,JAM MAKING SET WITH JARS,14,2011-04-25 08:19:00,4.67,13123,United Kingdom,65.38
541107,84029G,KNITTED UNION FLAG HOT WATER BOTTLE,11,2010-12-06 10:16:00,3.57,13564,United Kingdom,39.27
538579,84406B,CREAM CUPID HEARTS COAT HANGER,7,2010-12-12 19:52:00,3.02,13420,United Kingdom,21.14
552562,84029G,KNITTED UNION FLAG HOT WATER BOTTLE,6,2011-06-26 10:34:00,3.49,13347,United Kingdom,20.94
540950,23203,JUMBO BAG DOILEY PATTERNS,10,2011-09-12 14:40:00,2.23,12750,Ireland,22.3
548904,84029E,RED WOOLLY HOTTIE WHITE HEART,16,2010-12-14 07:31:00,4.27,13530,Belgium,68.32
563905,71053,WHITE METAL LANTERN,13,2010-12-05 19:32:00,3.07,13668,United Kingdom,39.91
572766,21730,GLASS STAR FROSTED T-LIGHT HOLDER,20,2011-06-01 13:00:00,4.29,13409,United Kingdom,85.8
540690,22752,SET 7 BABUSHKA NESTING BOXES,1,2011-11-06 07:04:00,7.6,14153,France,7.6
577404,22961,JAM MAKING SET PRINTED,2,2011-10-18 17:43:00,1.47,13174,United Kingdom,2.94
573030,21730,GLASS STAR FROSTED T-LIGHT HOLDER,9,2011-09-21 17:07:00,4.15,12620,Portugal,37.35
555425,23203,JUMBO BAG DOILEY PATTERNS,3,2011-06-21 07:35:00,2.03,13138,United Kingdom,6.09
538323,22752,SET 7 BABUSHKA NESTING BOXES,9,2011-05-03 07:27:00,7.51,13160,Portugal,67.59
577089,84029E,RED WOOLLY HOTTIE WHITE HEART,7,2011-05-21 16:14:00,4.18,13672,United Kingdom,29.26
552472,21931,JUMBO STORAGE BAG SUKI,1,2011-05-21 14:33:00,1.87,12638,United Kingdom,1.87
539268,23084,RABBIT NIGHT LIGHT,8,2011-08-12 09:27:00,2.15,12733,Spain,17.2
537816,22086,PAPER CHAIN KIT 50'S CHRISTMAS,1,2011-01-02 08:39:00,2.98,15336,Portugal,2.98
581893,22383,LUNCH BAG SUKI DESIGN,6,2011-06-05 13:05:00,1.6,12523,United Kingdom,9.6
565128,84029E,RED WOOLLY HOTTIE WHITE HEART,1,2011-02-06 18:32:00,3.68,12435,United Kingdom,3.68
538547,22961,JAM MAKING SET PRINTED,14,2011-04-08 10:20:00,1.35,13506,United Kingdom,18.9
543090,22961,JAM MAKING SET PRINTED,15,2011-05-13 10:33:00,1.33,13655,United Kingdom,19.95
573506,22086,PAPER CHAIN KIT 50'S CHRISTMAS,4,2011-09-01 07:22:00,2.81,13353,United Kingdom,11.24
542209,22633,HAND WARMER UNION JACK,4,2011-09-20 08:47:00,2.09,13318,United Kingdom,8.36
555517,22752,SET 7 BABUSHKA NESTING BOXES,17,2010-12-02 14:14:00,8.6,13477,Germany,146.2
555972,21929,JUMBO BAG PINK VINTAGE PAISLEY,4,2010-12-19 14:48:00,2.33,13411,United Kingdom,9.32
537362,22197,SMALL POPCORN HOLDER,19,2011-03-10 12:07:00,0.85,13395,United Kingdom,16.15
573342,20727,LUNCH BAG BLACK SKULL.,3,2010-12-17 10:01:00,1.71,13590,United Kingdom,5.13
542221,22197,SMALL POPCORN HOLDER,15,2011-02-15 19:55:00,0.81,12404,United Kingdom,12.15
556555,85099B,JUMBO BAG RED RETROSPOT,2,2011-02-11 12:09:00,1.98,12500,Ireland,3.96
557669,84406B,CREAM CUPID HEARTS COAT HANGER,2,2011-03-26 10:35:00,3.07,14746,United Kingdom,6.14
543295,22960,JAM MAKING SET WITH JARS,1,2011-04-24 08:59:00,4.17,13866,Ireland,4.17
572295,22633,HAND WARMER UNION JACK,6,2011-04-13 12:15:00,2.06,12365,United Kingdom,12.36
547410,23084,RABBIT NIGHT LIGHT,1,2010-12-10 10:49:00,2.25,13485,United Kingdom,2.25
555987,21212,PACK OF 72 RETROSPOT CAKE CASES,11,2011-06-01 13:22:00,0.41,13044,Belgium,4.51
554771,21931,JUMBO STORAGE BAG SUKI,2,2011-06-20 11:31:00,2.23,13096,United Kingdom,4.46
584719,23084,RABBIT NIGHT LIGHT,17,2011-09-17 11:43:00,1.93,12896,United Kingdom,32.81
567587,22178,VICTORIAN GLASS HANGING T-LIGHT,10,2011-04-08 11:25:00,1.19,13427,United Kingdom,11.9
581124,21754,HOME BUILDING BLOCK WORD,8,2011-03-29 15:07:00,6.45,12549,United Kingdom,51.6
540977,84406B,CREAM CUPID HEARTS COAT HANGER,5,2010-12-06 17:51:00,3.14,16214,Germany,15.7
552149,21929,JUMBO BAG PINK VINTAGE PAISLEY,8,2011-03-03 14:13:00,2.16,12521,Ireland,17.28
552518,22178,VICTORIAN GLASS HANGING T-LIGHT,12,2011-02-23 19:04:00,1.29,13492,United Kingdom,15.48
562143,20725,LUNCH BAG RED RETROSPOT,11,2011-03-02 14:05:00,1.51,12682,United Kingdom,16.61
560102,22086,PAPER CHAIN KIT 50'S CHRISTMAS,6,2011-02-08 12:12:00,3.39,13723,United Kingdom,20.34
549626,21071,VINTAGE BILLBOARD DRINK ME MUG,4,2011-05-28 07:56:00,1.06,12779,United Kingdom,4.24
559256,22197,SMALL POPCORN HOLDER,5,2011-09-14 08:32:00,0.77,12383,Ireland,3.85
552947,84029E,RED WOOLLY HOTTIE WHITE HEART,19,2011-02-20 09:45:00,3.48,12790,United Kingdom,66.12
537639,85123A,WHITE HANGING HEART T-LIGHT HOLDER,3,2011-02-26 07:58:00,2.85,15006,Ireland,8.55
553946,84406B,CREAM CUPID HEARTS COAT HANGER,7,2011-05-14 13:46:00,3.04,12999,United Kingdom,21.28
585807,84879,ASSORTED COLOUR BIRD ORNAMENT,7,2011-05-17 15:41:00,1.54,12533,United Kingdom,10.78
541857,22752,SET 7 BABUSHKA NESTING BOXES,8,2011-03-15 07:08:00,7.03,12443,United Kingdom,56.24
560358,22086,PAPER CHAIN KIT 50'S CHRISTMAS,4,2011-08-24 13:06:00,3.12,14442,United Kingdom,12.48
569517,85123A,WHITE HANGING HEART T-LIGHT HOLDER,1,2011-07-01 07:19:00,2.55,13107,United Kingdom,2.55
581298,84406B,CREAM CUPID HEARTS COAT HANGER,11,2011-02-28 18:33:00,2.69,13891,United Kingdom,29.59
578726,22178,VICTORIAN GLASS HANGING T-LIGHT,7,2011-11-01 15:24:00,1.19,12636,United Kingdom,8.33
581455,21071,VINTAGE BILLBOARD DRINK ME MUG,6,2011-08-20 18:39:00,1.19,13925,Germany,7.14
573897,22632,HAND WARMER RED POLKA DOT,3,2011-09-21 15:29:00,1.92,12976,Spain,5.76
579124,22632,HAND WARMER RED POLKA DOT,7,2011-08-20 18:37:00,2.02,13173,United Kingdom,14.14
582529,21212,PACK OF 72 RETROSPOT CAKE CASES,10,2011-06-18 18:51:00,0.38,12544,Ireland,3.8
539690,21929,JUMBO BAG PINK VINTAGE PAISLEY,6,2011-10-28 10:13:00,2.31,14629,United Kingdom,13.86
584594,21931,JUMBO STORAGE BAG SUKI,2,2010-12-20 15:21:00,2.02,15531,United Kingdom,4.04
561642,22383,LUNCH BAG SUKI DESIGN,11,2011-05-26 13:37:00,1.79,12477,France,19.69
559788,85123A,WHITE HANGING HEART T-LIGHT HOLDER,8,2011-06-12 16:54:00,2.35,13359,Netherlands,18.8
571552,22138,BAKING SET 9 PIECE RETROSPOT,10,2011-03-13 08:57:00,5.61,12348,United Kingdom,56.1
555431,22197,SMALL POPCORN HOLDER,6,2011-03-13 08:51:00,0.88,13138,United Kingdom,5.28
536744,85123A,WHITE HANGING HEART T-LIGHT HOLDER,11,2010-12-20 08:52:00,2.34,13842,United Kingdom,25.74
557499,22383,LUNCH BAG SUKI DESIGN,4,2011-02-28 17:23:00,1.67,14395,Netherlands,6.68
573199,22086,PAPER CHAIN KIT 50'S CHRISTMAS,4,2010-12-03 09:26:00,3.03,15529,United Kingdom,12.12
565827,21730,GLASS STAR FROSTED T-LIGHT HOLDER,7,2011-09-05 16:51:00,4.47,12356,Ireland,31.29
584777,21929,JUMBO BAG PINK VINTAGE PAISLEY,4,2010-12-11 08:32:00,1.89,15445,United Kingdom,7.56
579337,84406B,CREAM CUPID HEARTS COAT HANGER,12,2010-12-12 12:05:00,2.68,13602,Spain,32.16
552404,23203,JUMBO BAG DOILEY PATTERNS,10,2011-05-17 08:53:00,1.98,13183,United Kingdom,19.8
560501,23203,JUMBO BAG DOILEY PATTERNS,10,2010-12-07 14:10:00,2.18,13547,United Kingdom,21.8
567608,84029G,KNITTED UNION FLAG HOT WATER BOTTLE,6,2011-09-12 16:53:00,3.64,14549,United Kingdom,21.84
543638,21754,HOME BUILDING BLOCK WORD,11,2011-03-25 19:09:00,5.45,13479,United Kingdom,59.95
549138,20725,LUNCH BAG RED RETROSPOT,9,2010-12-02 19:30:00,1.86,13513,United Kingdom,16.74
581760,22383,LUNCH BAG SUKI DESIGN,1,2011-03-13 13:18:00,1.66,12390,Ireland,1.66
567644,85123A,WHITE HANGING HEART T-LIGHT HOLDER,7,2011-07-03 16:54:00,2.41,13189,United Kingdom,16.87
578735,84406B,CREAM CUPID HEARTS COAT HANGER,13,2011-05-25 19:28:00,3.0,12636,United Kingdom,39.0
560899,21071,VINTAGE BILLBOARD DRINK ME MUG,1,2011-04-05 17:55:00,1.17,14198,United Kingdom,1.17
557260,85123A,WHITE HANGING HEART T-LIGHT HOLDER,5,2011-02-20 18:02:00,2.81,12740,United Kingdom,14.05
553523,22960,JAM MAKING SET WITH JARS,3,2011-09-12 10:32:00,4.31,13098,United Kingdom,12.93
585634,22197,SMALL POPCORN HOLDER,10,2011-05-19 17:19:00,0.8,13630,United Kingdom,8.0
542428,20727,LUNCH BAG BLACK SKULL.,9,2011-02-09 18:59:00,1.53,13022,United Kingdom,13.77
539028,22086,PAPER CHAIN KIT 50'S CHRISTMAS,6,2011-02-09 17:21:00,3.0,13000,United Kingdom,18.0
555925,21212,PACK OF 72 RETROSPOT CAKE CASES,15,2010-12-10 16:42:00,0.42,13775,United Kingdom,6.3
562627,21755,LOVE BUILDING BLOCK WORD,3,2011-03-18 16:44:00,5.75,13642,United Kingdom,17.25
563338,22197,SMALL POPCORN HOLDER,8,2011-03-16 13:07:00,0.87,13864,United Kingdom,6.96
555340,23203,JUMBO BAG DOILEY PATTERNS,3,2011-04-01 11:59:00,2.0,13584,Ireland,6.0
562226,23203,JUMBO BAG DOILEY PATTERNS,11,2011-05-05 13:54:00,2.28,13853,United Kingdom,25.08
577731,20725,LUNCH BAG RED RETROSPOT,7,2010-12-20 18:56:00,1.86,13472,Belgium,13.02
581580,23298,SPOTTY BUNTING,4,2011-03-01 09:15:00,4.78,13447,United Kingdom,19.12
555537,21212,PACK OF 72 RETROSPOT CAKE CASES,12,2011-10-12 09:47:00,0.41,13285,United Kingdom,4.92
573484,84406B,CREAM CUPID HEARTS COAT HANGER,7,2011-06-19 13:10:00,3.15,13353,United Kingdom,22.05
542642,22383,LUNCH BAG SUKI DESIGN,5,2011-02-18 19:21:00,1.7,13148,United Kingdom,8.5
567160,22383,LUNCH BAG SUKI DESIGN,4,2011-06-19 15:50:00,1.71,14337,Germany,6.84
563449,22178,VICTORIAN GLASS HANGING T-LIGHT,1,2011-06-25 07:09:00,1.2,14720,United Kingdom,1.2
546387,21755,LOVE BUILDING BLOCK WORD,8,2011-06-19 10:25:00,6.03,13161,United Kingdom,48.24
552410,22633,HAND WARMER UNION JACK,4,2011-09-14 17:05:00,1.87,13183,United Kingdom,7.48
580634,21931,JUMBO STORAGE BAG SUKI,2,2011-07-30 07:47:00,1.92,14285,Ireland,3.84
540316,84029E,RED WOOLLY HOTTIE WHITE HEART,7,2011-08-16 18:59:00,3.55,12990,United Kingdom,24.85
558985,21071,VINTAGE BILLBOARD DRINK ME MUG,7,2011-03-08 08:35:00,1.01,12945,United Kingdom,7.07
577207,22960,JAM MAKING SET WITH JARS,3,2010-12-05 09:26:00,4.54,13634,Germany,13.62
542367,21730,GLASS STAR FROSTED T-LIGHT HOLDER,2,2011-05-17 14:29:00,4.04,13296,United Kingdom,8.08
565494,85099B,JUMBO BAG RED RETROSPOT,5,2011-05-30 14:02:00,2.2,13195,United Kingdom,11.0
586876,20727,LUNCH BAG BLACK SKULL.,6,2011-02-14 12:05:00,1.78,13457,United Kingdom,10.68
569310,21755,LOVE BUILDING BLOCK WORD,3,2011-04-21 16:54:00,5.53,14403,United Kingdom,16.59
547018,21931,JUMBO STORAGE BAG SUKI,7,2011-10-31 14:28:00,1.81,12947,United Kingdom,12.67
582279,21931,JUMBO STORAGE BAG SUKI,5,2011-11-27 16:17:00,1.81,13080,United Kingdom,9.05
556033,71053,WHITE METAL LANTERN,8,2011-09-12 13:42:00,3.65,12487,United Kingdom,29.2
564513,23298,SPOTTY BUNTING,1,2011-03-14 17:46:00,4.7,14725,France,4.7
540522,85099B,JUMBO BAG RED RETROSPOT,1,2010-12-15 09:22:00,2.0,13736,United Kingdom,2.0
536670,22961,JAM MAKING SET PRINTED,1,2011-03-20 13:24:00,1.54,15374,United Kingdom,1.54
551791,85099B,JUMBO BAG RED RETROSPOT,5,2011-11-10 17:03:00,2.38,12824,France,11.9
543789,21929,JUMBO BAG PINK VINTAGE PAISLEY,3,2010-12-10 08:53:00,1.96,13507,United Kingdom,5.88
545830,22383,LUNCH BAG SUKI DESIGN,9,2011-09-11 19:17:00,1.66,12510,United Kingdom,14.94
564988,22961,JAM MAKING SET PRINTED,12,2010-12-17 08:09:00,1.36,13774,United Kingdom,16.32
552444,22178,VICTORIAN GLASS HANGING T-LIGHT,5,2011-05-31 09:32:00,1.29,12638,United Kingdom,6.45
545108,20725,LUNCH BAG RED RETROSPOT,10,2011-04-16 12:53:00,1.85,13724,United Kingdom,18.5
565030,21755,LOVE BUILDING BLOCK WORD,6,2011-05-31 14:36:00,5.49,14156,United Kingdom,32.94
574048,85123A,WHITE HANGING HEART T-LIGHT HOLDER,4,2011-05-01 09:37:00,2.79,13210,United Kingdom,11.16
546745,20725,LUNCH BAG RED RETROSPOT,6,2011-05-20 10:11:00,1.67,13626,Ireland,10.02
560158,22138,BAKING SET 9 PIECE RETROSPOT,10,2011-05-03 15:25:00,4.87,13625,United Kingdom,48.7
560879,22752,SET 7 BABUSHKA NESTING BOXES,14,2011-09-03 14:47:00,8.12,12940,United Kingdom,113.68
545222,22752,SET 7 BABUSHKA NESTING BOXES,6,2011-02-16 19:01:00,7.56,14272,Spain,45.36
544623,22632,HAND WARMER RED POLKA DOT,5,2011-03-13 09:02:00,2.13,15693,United Kingdom,10.65
543821,22197,SMALL POPCORN HOLDER,10,2011-06-28 14:28:00,0.95,12466,United Kingdom,9.5
553830,23298,SPOTTY BUNTING,6,2011-03-12 08:45:00,4.96,14344,United Kingdom,29.76
564920,21730,GLASS STAR FROSTED T-LIGHT HOLDER,17,2011-10-30 07:50:00,4.55,13014,United Kingdom,77.35
561933,21730,GLASS STAR FROSTED T-LIGHT HOLDER,10,2011-09-22 09:00:00,3.95,13023,United Kingdom,39.5
544148,20727,LUNCH BAG BLACK SKULL.,3,2011-01-11 10:16:00,1.83,14214,Germany,5.49
573047,22086,PAPER CHAIN KIT 50'S CHRISTMAS,13,2010-12-24 13:18:00,3.09,13703,United Kingdom,40.17
587051,22086,PAPER CHAIN KIT 50'S CHRISTMAS,7,2010-12-18 16:52:00,2.8,13503,United Kingdom,19.6
563504,21730,GLASS STAR FROSTED T-LIGHT HOLDER,9,2011-04-09 08:54:00,3.93,12711,Germany,35.37
585171,85123A,WHITE HANGING HEART T-LIGHT HOLDER,8,2011-03-13 16:12:00,2.85,15261,United Kingdom,22.8
561417,22961,JAM MAKING SET PRINTED,3,2011-06-13 08:09:00,1.33,14313,United Kingdom,3.99
578268,22752,SET 7 BABUSHKA NESTING BOXES,3,2011-02-04 17:53:00,7.92,14230,United Kingdom,23.76
585260,84029E,RED WOOLLY HOTTIE WHITE HEART,9,2011-08-15 12:03:00,4.17,12975,Germany,37.53
571743,20727,LUNCH BAG BLACK SKULL.,6,2011-04-07 15:42:00,1.82,13032,United Kingdom,10.92
572104,84029G,KNITTED UNION FLAG HOT WATER BOTTLE,4,2011-05-06 17:32:00,4.09,12687,Spain,16.36
581960,84406B,CREAM CUPID HEARTS COAT HANGER,21,2010-12-26 10:11:00,3.13,13430,Netherlands,65.73
550880,20725,LUNCH BAG RED RETROSPOT,1,2011-06-19 14:36:00,1.69,14418,United Kingdom,1.69
575876,21931,JUMBO STORAGE BAG SUKI,6,2011-11-18 08:16:00,1.8,12956,United Kingdom,10.8
560506,71053,WHITE METAL LANTERN,7,2010-12-15 15:29:00,3.54,13547,United Kingdom,24.78
571674,21931,JUMBO STORAGE BAG SUKI,5,2011-02-07 16:59:00,1.8,13786,United Kingdom,9.0
540043,20725,LUNCH BAG RED RETROSPOT,6,2011-08-06 08:56:00,1.59,13365,United Kingdom,9.54
549714,20727,LUNCH BAG BLACK SKULL.,13,2011-03-01 18:01:00,1.71,13030,United Kingdom,22.23
578633,21931,JUMBO STORAGE BAG SUKI,5,2011-11-12 19:47:00,1.99,14381,Germany,9.95
578875,22633,HAND WARMER UNION JACK,15,2011-09-11 15:22:00,1.96,12877,United Kingdom,29.4
564974,84879,ASSORTED COLOUR BIRD ORNAMENT,1,2011-02-04 18:50:00,1.94,13912,Germany,1.94
552524,21071,VINTAGE BILLBOARD DRINK ME MUG,10,2011-02-05 07:58:00,1.04,13492,United Kingdom,10.4
577939,21929,JUMBO BAG PINK VINTAGE PAISLEY,5,2011-10-22 11:22:00,1.92,12921,United Kingdom,9.6
566444,22632,HAND WARMER RED POLKA DOT,2,2010-12-01 18:40:00,1.93,15753,United Kingdom,3.86
544759,85123A,WHITE HANGING HEART T-LIGHT HOLDER,1,2011-07-29 19:37:00,2.8,12550,United Kingdom,2.8
577508,21755,LOVE BUILDING BLOCK WORD,2,2011-02-05 08:44:00,5.68,13594,United Kingdom,11.36
543184,22086,PAPER CHAIN KIT 50'S CHRISTMAS,12,2011-07-24 17:02:00,2.7,13291,France,32.4
584603,20725,LUNCH BAG RED RETROSPOT,7,2011-07-26 07:53:00,1.5,14621,Germany,10.5
562556,84029G,KNITTED UNION FLAG HOT WATER BOTTLE,7,2011-02-08 14:29:00,4.07,15705,Spain,28.49
555785,22961,JAM MAKING SET PRINTED,1,2011-01-03 12:45:00,1.4,13719,Germany,1.4
575160,21754,HOME BUILDING BLOCK WORD,3,2011-11-04 17:46:00,6.06,12796,United Kingdom,18.18
565324,22632,HAND WARMER RED POLKA DOT,3,2010-12-16 17:05:00,1.98,13852,United Kingdom,5.94
581247,22138,BAKING SET 9 PIECE RETROSPOT,6,2011-06-21 09:00:00,4.76,13159,United Kingdom,28.56
582282,22632,HAND WARMER RED POLKA DOT,1,2011-02-08 18:27:00,1.97,13080,United Kingdom,1.97
548229,21929,JUMBO BAG PINK VINTAGE PAISLEY,15,2011-05-22 12:53:00,2.25,13346,United Kingdom,33.75
561290,23203,JUMBO BAG DOILEY PATTERNS,1,2011-02-07 13:29:00,2.29,13004,United Kingdom,2.29
550185,22633,HAND WARMER UNION JACK,12,2011-07-30 07:20:00,2.05,13336,United Kingdom,24.6
537056,22960,JAM MAKING SET WITH JARS,1,2011-03-16 08:06:00,4.67,13351,Germany,4.67
544754,22752,SET 7 BABUSHKA NESTING BOXES,9,2011-03-11 18:43:00,8.08,12550,United Kingdom,72.72
567399,84029E,RED WOOLLY HOTTIE WHITE HEART,8,2011-10-02 12:37:00,4.3,12528,United Kingdom,34.4
579829,22197,SMALL POPCORN HOLDER,12,2010-12-26 09:15:00,0.78,13536,United Kingdom,9.36
565628,22633,HAND WARMER UNION JACK,1,2011-02-13 18:29:00,2.07,12378,Ireland,2.07
559723,22178,VICTORIAN GLASS HANGING T-LIGHT,3,2011-03-14 17:27:00,1.17,14617,United Kingdom,3.51
546570,20727,LUNCH BAG BLACK SKULL.,11,2010-12-14 11:42:00,1.61,13810,United Kingdom,17.71
559039,84029G,KNITTED UNION FLAG HOT WATER BOTTLE,10,2011-03-13 12:19:00,3.44,13635,United Kingdom,34.4
582109,22178,VICTORIAN GLASS HANGING T-LIGHT,4,2011-03-16 14:38:00,1.25,13778,Germany,5.0
568537,21929,JUMBO BAG PINK VINTAGE PAISLEY,3,2011-08-24 18:52:00,2.21,13266,Belgium,6.63
562755,85099B,JUMBO BAG RED RETROSPOT,5,2010-12-14 16:45:00,2.24,14832,United Kingdom,11.2
548962,21931,JUMBO STORAGE BAG SUKI,12,2011-09-13 13:57:00,2.14,13218,United Kingdom,25.68
554282,20727,LUNCH BAG BLACK SKULL.,9,2011-03-15 16:26:00,1.65,13870,Portugal,14.85
552996,20725,LUNCH BAG RED RETROSPOT,4,2011-02-16 12:48:00,1.84,12825,United Kingdom,7.36
579206,22197,SMALL POPCORN HOLDER,5,2011-02-10 14:23:00,0.87,12721,United Kingdom,4.35
552220,22178,VICTORIAN GLASS HANGING T-LIGHT,4,2011-04-12 12:43:00,1.28,12794,United Kingdom,5.12
544208,22752,SET 7 BABUSHKA NESTING BOXES,11,2011-04-01 15:56:00,7.24,13319,United Kingdom,79.64
544401,22633,HAND WARMER UNION JACK,1,2011-02-10 09:47:00,1.76,12545,United Kingdom,1.76
561795,21754,HOME BUILDING BLOCK WORD,13,2010-12-08 18:21:00,6.59,13877,United Kingdom,85.67
548973,22178,VICTORIAN GLASS HANGING T-LIGHT,6,2011-07-02 19:45:00,1.21,13218,United Kingdom,7.26
541330,22960,JAM MAKING SET WITH JARS,7,2011-05-17 12:22:00,4.55,13392,Germany,31.85
567831,21071,VINTAGE BILLBOARD DRINK ME MUG,5,2011-03-17 10:43:00,0.97,15643,United Kingdom,4.85
536937,22383,LUNCH BAG SUKI DESIGN,16,2011-06-04 16:53:00,1.5,13534,Portugal,24.0
545580,23203,JUMBO BAG DOILEY PATTERNS,17,2011-02-04 18:25:00,1.98,13806,United Kingdom,33.66
557630,22752,SET 7 BABUSHKA NESTING BOXES,3,2011-09-12 12:57:00,8.57,13306,United Kingdom,25.71
578829,71053,WHITE METAL LANTERN,4,2010-12-22 13:50:00,3.46,15262,United Kingdom,13.84
573991,22961,JAM MAKING SET PRINTED,15,2011-11-02 08:14:00,1.33,13286,Germany,19.95
536620,21931,JUMBO STORAGE BAG SUKI,10,2011-06-23 17:50:00,2.14,13341,France,21.4
550557,21929,JUMBO BAG PINK VINTAGE PAISLEY,7,2011-02-18 09:17:00,1.88,12425,United Kingdom,13.16
560232,22086,PAPER CHAIN KIT 50'S CHRISTMAS,2,2011-06-03 07:08:00,3.0,13097,Spain,6.0
554974,85123A,WHITE HANGING HEART T-LIGHT HOLDER,2,2011-02-27 11:34:00,2.33,13697,United Kingdom,4.66
538210,22960,JAM MAKING SET WITH JARS,3,2011-02-14 13:15:00,3.98,15376,United Kingdom,11.94
544431,21212,PACK OF 72 RETROSPOT CAKE CASES,8,2010-12-04 09:35:00,0.4,13834,France,3.2
550020,23298,SPOTTY BUNTING,5,2011-07-30 08:49:00,5.69,12415,United Kingdom,28.45
566122,84029E,RED WOOLLY HOTTIE WHITE HEART,7,2011-02-05 18:42:00,4.26,13166,United Kingdom,29.82
580783,21212,PACK OF 72 RETROSPOT CAKE CASES,10,2011-02-10 15:05:00,0.48,13438,Germany,4.8
563125,21755,LOVE BUILDING BLOCK WORD,5,2011-05-13 10:33:00,6.68,12554,United Kingdom,33.4
551354,22383,LUNCH BAG SUKI DESIGN,8,2011-09-12 11:45:00,1.87,12401,United Kingdom,14.96
555744,21754,HOME BUILDING BLOCK WORD,10,2011-03-03 09:48:00,6.24,13780,United Kingdom,62.4
563001,84879,ASSORTED COLOUR BIRD ORNAMENT,17,2011-01-03 08:40:00,1.61,13501,Spain,27.37
587375,71053,WHITE METAL LANTERN,9,2011-02-06 19:34:00,3.58,13737,France,32.22
547704,23203,JUMBO BAG DOILEY PATTERNS,3,2011-09-11 14:15:00,2.06,12761,United Kingdom,6.18
544880,22961,JAM MAKING SET PRINTED,8,2011-03-08 11:28:00,1.57,13533,United Kingdom,12.56
567918,22178,VICTORIAN GLASS HANGING T-LIGHT,12,2011-02-19 15:45:00,1.43,13124,Portugal,17.16
558028,21755,LOVE BUILDING BLOCK WORD,9,2011-11-16 19:56:00,6.3,13968,Germany,56.7
582330,23084,RABBIT NIGHT LIGHT,2,2011-03-16 16:03:00,2.36,12357,United Kingdom,4.72
568930,23298,SPOTTY BUNTING,13,2011-05-27 08:29:00,5.69,12731,United Kingdom,73.97
539068,85123A,WHITE HANGING HEART T-LIGHT HOLDER,5,2011-04-20 09:08:00,2.77,12570,Germany,13.85
569661,21730,GLASS STAR FROSTED T-LIGHT HOLDER,9,2011-07-30 12:39:00,4.69,13026,United Kingdom,42.21
542708,84879,ASSORTED COLOUR BIRD ORNAMENT,1,2011-05-19 10:14:00,1.91,12520,United Kingdom,1.91
575585,21931,JUMBO STORAGE BAG SUKI,5,2010-12-17 07:43:00,2.03,13493,United Kingdom,10.15
540757,22197,SMALL POPCORN HOLDER,18,2011-03-14 18:40:00,0.88,12568,United Kingdom,15.84
570215,22752,SET 7 BABUSHKA NESTING BOXES,12,2011-02-19 09:07:00,7.87,13440,United Kingdom,94.44
538893,22633,HAND WARMER UNION JACK,10,2011-04-30 09:45:00,1.8,14938,Belgium,18.0
558554,21754,HOME BUILDING BLOCK WORD,4,2011-03-01 10:27:00,6.64,15727,United Kingdom,26.56
548358,85099B,JUMBO BAG RED RETROSPOT,12,2011-08-31 16:40:00,1.93,13275,United Kingdom,23.16
575648,21730,GLASS STAR FROSTED T-LIGHT HOLDER,16,2011-02-08 19:35:00,4.32,13772,United Kingdom,69.12
564266,21931,JUMBO STORAGE BAG SUKI,3,2011-02-25 16:48:00,1.9,12608,United Kingdom,5.7
568992,21212,PACK OF 72 RETROSPOT CAKE CASES,11,2011-03-11 07:52:00,0.41,12622,United Kingdom,4.51
570282,23084,RABBIT NIGHT LIGHT,12,2011-02-12 16:36:00,2.34,12791,France,28.08
551313,84879,ASSORTED COLOUR BIRD ORNAMENT,23,2011-06-18 11:15:00,1.83,13249,Portugal,42.09
547580,22086,PAPER CHAIN KIT 50'S CHRISTMAS,1,2011-05-17 13:22:00,2.66,12448,Belgium,2.66
553509,22383,LUNCH BAG SUKI DESIGN,4,2011-06-19 16:05:00,1.72,12670,United Kingdom,6.88
539139,22752,SET 7 BABUSHKA NESTING BOXES,10,2011-05-01 18:35:00,8.4,13638,United Kingdom,84.0
565669,21754,HOME BUILDING BLOCK WORD,8,2011-03-13 15:08:00,5.63,12569,United Kingdom,45.04
571640,84406B,CREAM CUPID HEARTS COAT HANGER,11,2010-12-13 19:23:00,2.48,13610,United Kingdom,27.28
557824,22086,PAPER CHAIN KIT 50'S CHRISTMAS,1,2010-12-15 10:48:00,2.93,15682,United Kingdom,2.93
561177,23298,SPOTTY BUNTING,3,2011-05-04 08:50:00,5.33,14600,Germany,15.99
554388,22197,SMALL POPCORN HOLDER,1,2011-03-11 15:58:00,0.9,13451,Netherlands,0.9
541424,21071,VINTAGE BILLBOARD DRINK ME MUG,1,2011-06-29 12:58:00,1.21,12551,Germany,1.21
581734,22632,HAND WARMER RED POLKA DOT,3,2010-12-13 11:19:00,1.74,13681,United Kingdom,5.22
570161,21931,JUMBO STORAGE BAG SUKI,1,2011-10-01 19:24:00,2.1,13001,Ireland,2.1
566649,23084,RABBIT NIGHT LIGHT,13,2011-11-02 09:38:00,2.02,12637,United Kingdom,26.26
554490,21755,LOVE BUILDING BLOCK WORD,6,2011-10-23 10:23:00,6.59,13380,Germany,39.54
550707,20727,LUNCH BAG BLACK SKULL.,12,2010-12-14 15:35:00,1.84,13475,Germany,22.08
575476,23084,RABBIT NIGHT LIGHT,4,2011-02-04 19:22:00,2.29,14799,Germany,9.16
539746,22383,LUNCH BAG SUKI DESIGN,16,2011-03-13 10:30:00,1.9,13879,France,30.4
585588,22632,HAND WARMER RED POLKA DOT,7,2011-07-02 18:28:00,1.9,14047,United Kingdom,13.3
567323,21755,LOVE BUILDING BLOCK WORD,6,2011-09-13 12:34:00,6.33,12467,Spain,37.98
554204,23203,JUMBO BAG DOILEY PATTERNS,2,2011-04-26 11:14:00,2.23,13959,United Kingdom,4.46
546867,21755,LOVE BUILDING BLOCK WORD,4,2011-02-20 12:49:00,6.52,15070,Portugal,26.08
570015,71053,WHITE METAL LANTERN,12,2011-03-28 18:52:00,3.11,12660,United Kingdom,37.32
564250,22752,SET 7 BABUSHKA NESTING BOXES,1,2011-09-26 16:23:00,8.47,12608,United Kingdom,8.47
574990,84029E,RED WOOLLY HOTTIE WHITE HEART,9,2011-09-16 07:29:00,4.01,13007,United Kingdom,36.09
560559,21929,JUMBO BAG PINK VINTAGE PAISLEY,9,2011-04-16 12:05:00,1.89,13370,United Kingdom,17.01
576301,23203,JUMBO BAG DOILEY PATTERNS,6,2011-11-26 11:07:00,2.35,12981,United Kingdom,14.1
562144,22086,PAPER CHAIN KIT 50'S CHRISTMAS,4,2011-11-02 08:21:00,2.9,12682,United Kingdom,11.6
550701,22633,HAND WARMER UNION JACK,16,2011-01-03 11:00:00,1.8,13475,Germany,28.8
582429,84029G,KNITTED UNION FLAG HOT WATER BOTTLE,3,2011-05-16 08:48:00,4.06,12798,United Kingdom,12.18
540019,22138,BAKING SET 9 PIECE RETROSPOT,2,2010-12-17 08:53:00,4.98,15167,United Kingdom,9.96
550492,21755,LOVE BUILDING BLOCK WORD,4,2011-11-01 19:34:00,6.51,12426,Ireland,26.04
552560,21755,LOVE BUILDING BLOCK WORD,5,2011-06-16 15:46:00,6.55,13347,United Kingdom,32.75
577424,21754,HOME BUILDING BLOCK WORD,19,2010-12-04 17:20:00,5.39,13596,United Kingdom,102.41
553353,84029G,KNITTED UNION FLAG HOT WATER BOTTLE,1,2011-05-31 11:52:00,4.31,12369,United Kingdom,4.31
563208,85099B,JUMBO BAG RED RETROSPOT,1,2011-06-21 08:35:00,1.99,13141,United Kingdom,1.99
556701,21071,VINTAGE BILLBOARD DRINK ME MUG,5,2011-05-30 12:28:00,1.17,13414,United Kingdom,5.85
580634,84406B,CREAM CUPID HEARTS COAT HANGER,5,2011-07-30 07:47:00,2.84,14285,Ireland,14.2
548366,22138,BAKING SET 9 PIECE RETROSPOT,10,2011-02-26 15:01:00,5.41,12514,United Kingdom,54.1
560870,23298,SPOTTY BUNTING,3,2011-07-29 12:34:00,5.21,15950,United Kingdom,15.63
548939,21730,GLASS STAR FROSTED T-LIGHT HOLDER,5,2011-05-01 16:20:00,4.55,14496,United Kingdom,22.75
569682,23203,JUMBO BAG DOILEY PATTERNS,13,2010-12-27 09:44:00,1.89,13604,France,24.57
566137,23298,SPOTTY BUNTING,1,2010-12-25 08:13:00,4.95,16281,United Kingdom,4.95
583131,22197,SMALL POPCORN HOLDER,7,2011-02-12 17:31:00,0.95,12803,United Kingdom,6.65
545252,22632,HAND WARMER RED POLKA DOT,2,2010-12-01 09:02:00,1.94,13753,Ireland,3.88
575988,85123A,WHITE HANGING HEART T-LIGHT HOLDER,3,2011-04-14 09:12:00,2.92,13539,Netherlands,8.76
582887,22383,LUNCH BAG SUKI DESIGN,3,2011-05-21 11:45:00,1.58,14249,Belgium,4.74
559708,21755,LOVE BUILDING BLOCK WORD,2,2010-12-27 15:17:00,6.03,13657,United Kingdom,12.06
550878,21730,GLASS STAR FROSTED T-LIGHT HOLDER,7,2011-02-06 10:11:00,3.98,14418,United Kingdom,27.86
558275,22086,PAPER CHAIN KIT 50'S CHRISTMAS,3,2011-02-10 12:05:00,3.34,14261,United Kingdom,10.02
537462,23298,SPOTTY BUNTING,12,2010-12-11 07:28:00,4.64,13622,United Kingdom,55.68
537970,21755,LOVE BUILDING BLOCK WORD,9,2011-02-10 19:48:00,5.48,13754,United Kingdom,49.32
548814,21212,PACK OF 72 RETROSPOT CAKE CASES,6,2011-11-19 13:53:00,0.42,14242,Germany,2.52
561575,22138,BAKING SET 9 PIECE RETROSPOT,12,2011-05-23 17:51:00,4.47,12441,United Kingdom,53.64
563298,85099B,JUMBO BAG RED RETROSPOT,9,2011-06-21 10:10:00,2.06,13027,Ireland,18.54
580800,22197,SMALL POPCORN HOLDER,1,2011-05-16 18:05:00,0.92,14502,United Kingdom,0.92
583764,84406B,CREAM CUPID HEARTS COAT HANGER,9,2011-05-17 16:01:00,3.11,13179,United Kingdom,27.99
544694,84029G,KNITTED UNION FLAG HOT WATER BOTTLE,17,2011-09-14 08:02:00,3.47,13185,United Kingdom,58.99
567769,85099B,JUMBO BAG RED RETROSPOT,15,2011-11-30 17:49:00,2.0,13152,United Kingdom,30.0
548205,21730,GLASS STAR FROSTED T-LIGHT HOLDER,4,2011-05-26 11:06:00,4.89,14669,United Kingdom,19.56
567288,21754,HOME BUILDING BLOCK WORD,5,2011-04-22 17:14:00,6.4,12765,United Kingdom,32.0
538022,21931,JUMBO STORAGE BAG SUKI,2,2011-07-16 15:52:00,1.88,12439,United Kingdom,3.76
538300,21754,HOME BUILDING BLOCK WORD,1,2011-04-02 17:27:00,5.4,12852,United Kingdom,5.4
584660,85099B,JUMBO BAG RED RETROSPOT,8,2011-11-04 10:27:00,1.96,12593,Spain,15.68
582078,84029E,RED WOOLLY HOTTIE WHITE HEART,11,2011-07-29 18:57:00,3.51,13228,United Kingdom,38.61
536886,20727,LUNCH BAG BLACK SKULL.,10,2011-05-14 13:35:00,1.51,13332,United Kingdom,15.1
582083,71053,WHITE METAL LANTERN,6,2011-03-16 11:47:00,3.85,13228,United Kingdom,23.1
574149,22178,VICTORIAN GLASS HANGING T-LIGHT,8,2011-09-11 14:47:00,1.22,12736,France,9.76
539247,71053,WHITE METAL LANTERN,12,2011-08-16 17:24:00,3.18,12392,Ireland,38.16
539666,21212,PACK OF 72 RETROSPOT CAKE CASES,3,2011-09-17 08:47:00,0.46,13164,United Kingdom,1.38
538929,20725,LUNCH BAG RED RETROSPOT,24,2011-04-25 07:36:00,1.6,13428,United Kingdom,38.4
554592,21071,VINTAGE BILLBOARD DRINK ME MUG,10,2011-08-18 09:24:00,1.16,13649,United Kingdom,11.6
557146,71053,WHITE METAL LANTERN,13,2011-02-23 18:09:00,3.63,12474,United Kingdom,47.19
580957,22752,SET 7 BABUSHKA NESTING BOXES,1,2011-03-08 12:54:00,7.26,14286,United Kingdom,7.26
559796,22086,PAPER CHAIN KIT 50'S CHRISTMAS,1,2011-03-13 09:02:00,2.74,13359,Netherlands,2.74
549941,22086,PAPER CHAIN KIT 50'S CHRISTMAS,10,2011-07-29 19:29:00,3.26,13037,United Kingdom,32.6
578003,22197,SMALL POPCORN HOLDER,7,2011-02-10 15:42:00,0.85,12571,United Kingdom,5.95
567788,21755,LOVE BUILDING BLOCK WORD,11,2011-04-28 07:43:00,5.67,13152,United Kingdom,62.37
586620,84406B,CREAM CUPID HEARTS COAT HANGER,1,2010-12-28 15:58:00,2.68,14962,Ireland,2.68
571583,22178,VICTORIAN GLASS HANGING T-LIGHT,7,2011-11-05 09:54:00,1.15,13122,France,8.05
556567,23203,JUMBO BAG DOILEY PATTERNS,10,2011-11-12 13:46:00,1.9,12983,United Kingdom,19.0
571781,22633,HAND WARMER UNION JACK,8,2011-03-29 07:58:00,1.75,13709,Ireland,14.0
556859,20727,LUNCH BAG BLACK SKULL.,1,2011-03-12 15:30:00,1.89,12656,United Kingdom,1.89
574650,22383,LUNCH BAG SUKI DESIGN,7,2011-05-26 10:56:00,1.65,14314,United Kingdom,11.55
565115,84406B,CREAM CUPID HEARTS COAT HANGER,9,2011-05-17 10:33:00,2.99,12588,United Kingdom,26.91
541424,22197,SMALL POPCORN HOLDER,9,2011-06-29 12:58:00,0.91,12551,Germany,8.19
562441,22086,PAPER CHAIN KIT 50'S CHRISTMAS,2,2011-04-30 15:53:00,2.79,12837,United Kingdom,5.58
539469,23084,RABBIT NIGHT LIGHT,4,2011-11-01 14:52:00,2.1,12614,France,8.4
577652,22086,PAPER CHAIN KIT 50'S CHRISTMAS,11,2011-11-03 17:34:00,3.08,13391,United Kingdom,33.88
565653,84029G,KNITTED UNION FLAG HOT WATER BOTTLE,9,2010-12-27 08:23:00,3.43,13538,United Kingdom,30.87
539083,85123A,WHITE HANGING HEART T-LIGHT HOLDER,11,2011-05-13 19:28:00,2.63,12600,United Kingdom,28.93
555714,21929,JUMBO BAG PINK VINTAGE PAISLEY,5,2011-06-30 18:50:00,2.04,14579,Ireland,10.2
553985,21212,PACK OF 72 RETROSPOT CAKE CASES,9,2011-07-25 10:30:00,0.41,13654,Belgium,3.69
560200,22086,PAPER CHAIN KIT 50'S CHRISTMAS,1,2011-02-07 18:31:00,2.78,12874,United Kingdom,2.78
561854,23298,SPOTTY BUNTING,1,2011-05-25 07:58:00,4.83,14330,United Kingdom,4.83
562100,21730,GLASS STAR FROSTED T-LIGHT HOLDER,12,2011-05-03 15:18:00,3.97,13235,United Kingdom,47.64
576500,84879,ASSORTED COLOUR BIRD ORNAMENT,11,2010-12-14 09:42:00,1.61,15276,United Kingdom,17.71
552725,21931,JUMBO STORAGE BAG SUKI,1,2011-10-17 13:57:00,1.98,14376,Ireland,1.98
547017,84879,ASSORTED COLOUR BIRD ORNAMENT,4,2011-11-01 14:17:00,1.71,12947,United Kingdom,6.84
556281,20725,LUNCH BAG RED RETROSPOT,7,2011-02-13 15:17:00,1.66,13262,Spain,11.62
557764,84406B,CREAM CUPID HEARTS COAT HANGER,8,2011-03-09 07:02:00,3.0,13314,United Kingdom,24.0
574264,21071,VINTAGE BILLBOARD DRINK ME MUG,1,2011-10-25 16:33:00,1.14,13180,United Kingdom,1.14
545484,23298,SPOTTY BUNTING,2,2011-02-07 16:14:00,5.57,12835,United Kingdom,11.14
569454,22383,LUNCH BAG SUKI DESIGN,1,2011-08-23 09:51:00,1.77,14481,United Kingdom,1.77
554333,23203,JUMBO BAG DOILEY PATTERNS,6,2011-05-14 16:05:00,2.27,14851,United Kingdom,13.62
553533,22752,SET 7 BABUSHKA NESTING BOXES,13,2011-02-10 12:17:00,7.25,13098,United Kingdom,94.25
583143,23298,SPOTTY BUNTING,1,2011-11-14 17:31:00,4.93,12803,United Kingdom,4.93
562409,22178,VICTORIAN GLASS HANGING T-LIGHT,1,2011-03-20 16:11:00,1.38,14292,United Kingdom,1.38
556471,22960,JAM MAKING SET WITH JARS,10,2011-05-09 07:33:00,4.55,13139,Germany,45.5
569007,21931,JUMBO STORAGE BAG SUKI,11,2011-06-07 09:36:00,1.84,12622,United Kingdom,20.24
553217,21071,VINTAGE BILLBOARD DRINK ME MUG,4,2011-03-24 07:19:00,1.06,13087,United Kingdom,4.24
574580,22961,JAM MAKING SET PRINTED,10,2011-10-01 10:46:00,1.39,12732,United Kingdom,13.9
565251,84879,ASSORTED COLOUR BIRD ORNAMENT,1,2011-06-08 16:01:00,1.59,14995,Netherlands,1.59
568079,22960,JAM MAKING SET WITH JARS,3,2011-08-27 19:05:00,4.7,13273,United Kingdom,14.1
577624,21755,LOVE BUILDING BLOCK WORD,1,2010-12-03 09:19:00,6.29,15066,Ireland,6.29
570413,21730,GLASS STAR FROSTED T-LIGHT HOLDER,7,2011-04-22 17:44:00,4.44,13113,United Kingdom,31.08
547236,22632,HAND WARMER RED POLKA DOT,4,2011-04-03 12:42:00,1.71,13509,United Kingdom,6.84
560672,23084,RABBIT NIGHT LIGHT,15,2011-08-23 13:13:00,2.13,12961,United Kingdom,31.95
572421,21730,GLASS STAR FROSTED T-LIGHT HOLDER,10,2011-05-14 13:42:00,3.92,13750,United Kingdom,39.2
575388,21212,PACK OF 72 RETROSPOT CAKE CASES,8,2010-12-07 08:11:00,0.47,13757,United Kingdom,3.76
549061,84029E,RED WOOLLY HOTTIE WHITE HEART,14,2011-04-26 08:42:00,4.09,13177,United Kingdom,57.26
561453,20725,LUNCH BAG RED RETROSPOT,10,2011-05-31 11:22:00,1.89,12910,United Kingdom,18.9
583879,22961,JAM MAKING SET PRINTED,1,2010-12-07 16:51:00,1.33,13421,Germany,1.33
542008,84029G,KNITTED UNION FLAG HOT WATER BOTTLE,1,2011-06-19 10:37:00,3.44,13081,United Kingdom,3.44
545452,23298,SPOTTY BUNTING,13,2010-12-02 15:30:00,5.34,13461,United Kingdom,69.42
573220,84406B,CREAM CUPID HEARTS COAT HANGER,3,2010-12-10 17:28:00,3.1,13647,Germany,9.3
576511,22197,SMALL POPCORN HOLDER,7,2011-03-13 14:31:00,0.94,12944,Ireland,6.58
582039,85099B,JUMBO BAG RED RETROSPOT,1,2010-12-13 15:03:00,2.21,13465,United Kingdom,2.21
561913,85123A,WHITE HANGING HEART T-LIGHT HOLDER,6,2011-06-13 12:12:00,2.53,13023,United Kingdom,15.18
547910,21730,GLASS STAR FROSTED T-LIGHT HOLDER,17,2011-02-11 07:34:00,4.22,13861,United Kingdom,71.74
542936,22632,HAND WARMER RED POLKA DOT,12,2011-04-08 11:34:00,1.86,13480,United Kingdom,22.32
555690,23298,SPOTTY BUNTING,1,2011-02-25 15:39:00,4.6,13583,Belgium,4.6
558602,22632,HAND WARMER RED POLKA DOT,3,2010-12-10 18:18:00,1.98,13495,United Kingdom,5.94
553029,22138,BAKING SET 9 PIECE RETROSPOT,11,2011-02-19 10:02:00,4.72,12912,Germany,51.92
579338,21755,LOVE BUILDING BLOCK WORD,6,2010-12-27 15:25:00,6.61,13602,Spain,39.66
581034,22961,JAM MAKING SET PRINTED,6,2011-06-30 12:23:00,1.35,13639,United Kingdom,8.1
542267,21212,PACK OF 72 RETROSPOT CAKE CASES,12,2011-03-09 10:48:00,0.48,12607,United Kingdom,5.76
582064,84029G,KNITTED UNION FLAG HOT WATER BOTTLE,3,2010-12-26 19:23:00,3.38,16529,France,10.14
545113,21754,HOME BUILDING BLOCK WORD,9,2010-12-25 16:52:00,5.78,13724,United Kingdom,52.02
547238,21755,LOVE BUILDING BLOCK WORD,7,2011-03-14 11:21:00,5.88,13509,United Kingdom,41.16
553578,85123A,WHITE HANGING HEART T-LIGHT HOLDER,9,2011-02-10 09:42:00,2.35,13226,United Kingdom,21.15
551197,20725,LUNCH BAG RED RETROSPOT,9,2011-09-12 18:57:00,1.59,13063,United Kingdom,14.31
576152,20725,LUNCH BAG RED RETROSPOT,2,2010-12-17 09:30:00,1.5,15925,Ireland,3.0
548815,20727,LUNCH BAG BLACK SKULL.,5,2011-09-22 09:43:00,1.63,14242,Germany,8.15
583163,22633,HAND WARMER UNION JACK,9,2011-07-06 10:51:00,1.69,12447,United Kingdom,15.21
568432,21212,PACK OF 72 RETROSPOT CAKE CASES,2,2011-02-06 10:53:00,0.48,13239,France,0.96
