InvoiceNo,StockCode,Description,Quantity,InvoiceDate,UnitPrice,CustomerID,Country
571557,21730,GLASS STAR FROSTED T-LIGHT HOLDER,5,08/06/2011 07:14,4.65,16326,United Kingdom
577279,23203,JUMBO BAG DOILEY PATTERNS,1,03/18/2011 13:53,2.38,15744,United Kingdom
547983,85099B,JUMBO BAG RED RETROSPOT,7,03/06/2011 14:49,2.0,13435,United Kingdom
571641,84029E,RED WOOLLY HOTTIE WHITE HEART,6,01/07/2011 09:03,3.76,13610,United Kingdom
544485,22383,LUNCH BAG SUKI DESIGN,4,09/15/2011 14:54,1.52,13976,Portugal
558532,23203,JUMBO BAG DOILEY PATTERNS,12,05/27/2011 16:19,2.06,12522,United Kingdom
564954,84029G,KNITTED UNION FLAG HOT WATER BOTTLE,8,01/30/2011 14:55,3.64,12734,United Kingdom
579676,22752,SET 7 BABUSHKA NESTING BOXES,4,02/12/2011 14:16,7.84,12371,United Kingdom
582697,22423,REGENCY CAKESTAND 3 TIER,6,04/08/2011 07:33,14.06,12502,United Kingdom
552490,22086,PAPER CHAIN KIT 50'S CHRISTMAS,8,06/14/2011 11:18,2.96,13197,United Kingdom
579350,21212,PACK OF 72 RETROSPOT CAKE CASES,12,06/30/2011 12:34,0.45,13602,Spain
558956,22138,BAKING SET 9 PIECE RETROSPOT,1,11/24/2011 08:51,5.49,,United Kingdom
582991,21754,HOME BUILDING BLOCK WORD,13,11/06/2011 15:24,5.87,12964,United Kingdom
560196,22633,HAND WARMER UNION JACK,9,12/03/2011 15:07,2.0,12874,United Kingdom
548080,21929,JUMBO BAG PINK VINTAGE PAISLEY,17,05/21/2011 07:46,2.27,12739,United Kingdom
558425,22752,SET 7 BABUSHKA NESTING BOXES,1,11/16/2011 09:16,7.44,12817,France
570751,21755,LOVE BUILDING BLOCK WORD,15,11/13/2011 17:57,6.12,12538,France
553537,23084,RABBIT NIGHT LIGHT,12,06/06/2011 18:05,2.07,13098,United Kingdom
556583,84879,ASSORTED COLOUR BIRD ORNAMENT,10,10/26/2011 15:02,1.93,12983,United Kingdom
576928,22633,HAND WARMER UNION JACK,4,02/24/2011 12:39,1.81,14772,United Kingdom
549512,22633,HAND WARMER UNION JACK,5,12/03/2010 10:16,2.01,15687,United Kingdom
581047,22633,HAND WARMER UNION JACK,1,12/24/2010 16:58,2.06,15083,United Kingdom
568842,84406B,CREAM CUPID HEARTS COAT HANGER,4,05/08/2011 15:46,3.12,14465,United Kingdom
568407,22960,JAM MAKING SET WITH JARS,1,02/26/2011 10:43,4.26,13202,United Kingdom
566320,85099B,JUMBO BAG RED RETROSPOT,5,06/15/2011 19:27,2.22,,United Kingdom
573474,22633,HAND WARMER UNION JACK,15,11/18/2011 19:32,1.88,12646,United Kingdom
543672,85099B,JUMBO BAG RED RETROSPOT,1,06/07/2011 09:13,2.08,12548,United Kingdom
561326,85123A,WHITE HANGING HEART T-LIGHT HOLDER,1,12/02/2010 18:56,2.69,15596,Netherlands
559032,21931,JUMBO STORAGE BAG SUKI,23,07/01/2011 18:21,2.14,,United Kingdom
556504,22752,SET 7 BABUSHKA NESTING BOXES,9,08/20/2011 16:03,8.5,12564,United Kingdom
575829,20727,LUNCH BAG BLACK SKULL.,14,03/05/2011 19:45,1.49,13711,Portugal
587348,22423,REGENCY CAKESTAND 3 TIER,5,03/28/2011 17:00,13.6,12396,Ireland
565272,21071,VINTAGE BILLBOARD DRINK ME MUG,4,02/17/2011 14:26,1.21,13133,United Kingdom
558159,21071,VINTAGE BILLBOARD DRINK ME MUG,11,08/20/2011 19:08,1.01,13029,United Kingdom
562882,21071,VINTAGE BILLBOARD DRINK ME MUG,4,07/05/2011 10:53,0.96,14671,Ireland
554320,22383,LUNCH BAG SUKI DESIGN,15,02/07/2011 07:54,1.79,,United Kingdom
547316,21929,JUMBO BAG PINK VINTAGE PAISLEY,5,10/06/2011 09:02,1.9,14106,United Kingdom
574266,22086,PAPER CHAIN KIT 50'S CHRISTMAS,3,08/28/2011 18:17,2.74,13180,United Kingdom
582709,20727,LUNCH BAG BLACK SKULL.,4,08/07/2011 11:45,1.86,12502,United Kingdom
572404,21071,VINTAGE BILLBOARD DRINK ME MUG,6,02/20/2011 10:31,0.99,14010,United Kingdom
577581,84029E,RED WOOLLY HOTTIE WHITE HEART,2,06/27/2011 08:57,4.21,13964,United Kingdom
568124,85123A,WHITE HANGING HEART T-LIGHT HOLDER,3,02/25/2011 16:09,2.64,15103,Ireland
C562917,84406B,CREAM CUPID HEARTS COAT HANGER,-1,11/24/2011 18:54,2.83,16185,United Kingdom
575347,84879,ASSORTED COLOUR BIRD ORNAMENT,13,08/24/2011 15:35,1.82,12970,United Kingdom
569683,23298,SPOTTY BUNTING,4,03/01/2011 08:33,5.1,13604,France
560461,20725,LUNCH BAG RED RETROSPOT,5,08/11/2011 12:14,1.56,13987,United Kingdom
564433,22197,SMALL POPCORN HOLDER,14,12/04/2010 16:27,0.78,13511,United Kingdom
587283,23298,SPOTTY BUNTING,5,09/12/2011 17:36,4.64,12718,United Kingdom
553520,21754,HOME BUILDING BLOCK WORD,2,04/26/2011 14:08,6.78,13098,United Kingdom
579774,22178,VICTORIAN GLASS HANGING T-LIGHT,1,11/24/2011 09:08,1.39,12804,United Kingdom
582972,22197,SMALL POPCORN HOLDER,4,09/02/2011 16:38,0.81,14405,Spain
565926,84406B,CREAM CUPID HEARTS COAT HANGER,4,04/11/2011 18:09,2.84,12742,United Kingdom
579402,21754,HOME BUILDING BLOCK WORD,3,10/19/2011 19:53,6.36,12583,United Kingdom
542165,21730,GLASS STAR FROSTED T-LIGHT HOLDER,15,04/12/2011 14:15,4.21,13005,United Kingdom
560193,22138,BAKING SET 9 PIECE RETROSPOT,5,01/26/2011 12:01,5.5,15037,Ireland
560625,21730,GLASS STAR FROSTED T-LIGHT HOLDER,11,05/28/2011 14:38,4.16,13397,United Kingdom
577535,71053,WHITE METAL LANTERN,8,11/13/2011 10:19,3.71,12556,United Kingdom
545082,21754,HOME BUILDING BLOCK WORD,7,02/16/2011 17:53,5.79,12393,France
560631,22383,LUNCH BAG SUKI DESIGN,6,01/03/2011 13:01,1.65,13397,United Kingdom
556077,22197,SMALL POPCORN HOLDER,13,04/19/2011 10:26,0.84,,United Kingdom
582009,22632,HAND WARMER RED POLKA DOT,5,05/20/2011 15:41,1.69,13072,France
554986,22423,REGENCY CAKESTAND 3 TIER,1,01/06/2011 07:49,12.87,13745,United Kingdom
566646,21754,HOME BUILDING BLOCK WORD,9,03/24/2011 09:24,6.46,13671,United Kingdom
585947,22178,VICTORIAN GLASS HANGING T-LIGHT,12,10/11/2011 11:37,1.3,12457,Ireland
548624,85123A,WHITE HANGING HEART T-LIGHT HOLDER,6,06/06/2011 19:12,2.78,12486,United Kingdom
563603,71053,WHITE METAL LANTERN,8,10/19/2011 19:09,3.58,12744,United Kingdom
582309,21730,GLASS STAR FROSTED T-LIGHT HOLDER,1,03/30/2011 09:30,4.56,13080,United Kingdom
547657,84406B,CREAM CUPID HEARTS COAT HANGER,2,04/29/2011 09:11,2.91,14573,France
549487,22197,SMALL POPCORN HOLDER,16,07/04/2011 11:47,0.96,13386,United Kingdom
579427,23084,RABBIT NIGHT LIGHT,11,06/17/2011 07:27,2.25,12583,United Kingdom
575668,20727,LUNCH BAG BLACK SKULL.,5,02/10/2011 10:18,1.5,14353,Ireland
564707,71053,WHITE METAL LANTERN,13,03/31/2011 13:41,3.4,13631,United Kingdom
578461,22632,HAND WARMER RED POLKA DOT,2,05/02/2011 09:23,1.77,,United Kingdom
570915,71053,WHITE METAL LANTERN,7,12/23/2010 17:16,3.27,13679,United Kingdom
558361,84029E,RED WOOLLY HOTTIE WHITE HEART,18,05/05/2011 19:18,3.43,12386,United Kingdom
561664,71053,WHITE METAL LANTERN,12,07/16/2011 10:10,3.64,12477,France
537340,84029E,RED WOOLLY HOTTIE WHITE HEART,9,01/13/2011 13:02,3.73,13478,United Kingdom
586371,23298,SPOTTY BUNTING,14,09/24/2011 15:42,5.07,12812,France
543761,84029G,KNITTED UNION FLAG HOT WATER BOTTLE,10,03/22/2011 08:28,4.17,13611,United Kingdom
540342,21754,HOME BUILDING BLOCK WORD,1,05/02/2011 19:29,5.36,13902,United Kingdom
538346,21754,HOME BUILDING BLOCK WORD,10,01/10/2011 08:38,5.97,13860,France
571657,22138,BAKING SET 9 PIECE RETROSPOT,9,02/14/2011 14:11,4.74,13610,United Kingdom
561690,22960,JAM MAKING SET WITH JARS,4,12/15/2010 18:30,4.19,13456,United Kingdom
558663,21071,VINTAGE BILLBOARD DRINK ME MUG,5,05/26/2011 10:55,1.04,13442,United Kingdom
542972,22632,HAND WARMER RED POLKA DOT,4,07/14/2011 09:15,1.8,12380,United Kingdom
580915,22632,HAND WARMER RED POLKA DOT,10,03/09/2011 07:09,2.02,13749,United Kingdom
574826,21071,VINTAGE BILLBOARD DRINK ME MUG,5,03/24/2011 12:44,1.17,12659,United Kingdom
539363,23084,RABBIT NIGHT LIGHT,6,07/10/2011 07:42,1.93,15383,United Kingdom
537126,20727,LUNCH BAG BLACK SKULL.,3,06/30/2011 17:14,1.86,14396,United Kingdom
553232,71053,WHITE METAL LANTERN,7,07/30/2011 09:51,3.78,13087,United Kingdom
553351,22961,JAM MAKING SET PRINTED,13,06/11/2011 08:48,1.64,12369,United Kingdom
553305,21755,LOVE BUILDING BLOCK WORD,2,04/15/2011 16:33,5.48,16096,United Kingdom
548398,21754,HOME BUILDING BLOCK WORD,5,07/24/2011 07:06,6.54,14152,United Kingdom
573017,21754,HOME BUILDING BLOCK WORD,12,04/12/2011 19:15,6.0,12620,Portugal
C550156,20727,LUNCH BAG BLACK SKULL.,-11,08/11/2011 18:34,1.89,12397,Ireland
562423,84879,ASSORTED COLOUR BIRD ORNAMENT,4,07/17/2011 19:07,1.73,12837,United Kingdom
583939,84879,ASSORTED COLOUR BIRD ORNAMENT,19,03/01/2011 16:48,1.68,12472,France
582593,21755,LOVE BUILDING BLOCK WORD,1,04/27/2011 12:38,6.44,12776,Portugal
542675,20727,LUNCH BAG BLACK SKULL.,5,06/13/2011 15:49,1.74,14715,Belgium
565280,22178,VICTORIAN GLASS HANGING T-LIGHT,1,04/16/2011 15:04,1.14,13133,United Kingdom
569052,23203,JUMBO BAG DOILEY PATTERNS,14,05/10/2011 11:32,2.0,13524,United Kingdom
581210,22197,SMALL POPCORN HOLDER,10,04/14/2011 07:56,0.93,12822,Netherlands
574586,22197,SMALL POPCORN HOLDER,13,08/21/2011 19:55,0.86,12732,United Kingdom
561918,85123A,WHITE HANGING HEART T-LIGHT HOLDER,7,03/04/2011 08:11,2.82,13023,United Kingdom
570907,84029G,KNITTED UNION FLAG HOT WATER BOTTLE,6,10/20/2011 07:00,3.47,14323,United Kingdom
548196,22178,VICTORIAN GLASS HANGING T-LIGHT,2,11/02/2011 11:11,1.23,12573,United Kingdom
550229,22632,HAND WARMER RED POLKA DOT,1,12/02/2010 10:39,1.76,13761,France
552279,21754,HOME BUILDING BLOCK WORD,1,06/11/2011 12:00,6.81,12967,Germany
549118,22632,HAND WARMER RED POLKA DOT,1,02/08/2011 16:13,1.68,12495,United Kingdom
580401,21754,HOME BUILDING BLOCK WORD,14,09/07/2011 17:11,6.46,13039,United Kingdom
550629,20725,LUNCH BAG RED RETROSPOT,5,05/02/2011 14:54,1.5,12537,Germany
542294,85099B,JUMBO BAG RED RETROSPOT,1,12/31/2010 14:10,2.38,14082,Spain
561700,84029E,RED WOOLLY HOTTIE WHITE HEART,5,03/23/2011 11:38,4.14,13456,United Kingdom
544299,84029E,RED WOOLLY HOTTIE WHITE HEART,5,01/07/2011 09:40,3.54,15084,United Kingdom
538535,22086,PAPER CHAIN KIT 50'S CHRISTMAS,1,01/15/2011 07:40,2.95,,United Kingdom
544066,22197,SMALL POPCORN HOLDER,8,02/18/2011 19:01,0.8,13334,Belgium
562468,20727,LUNCH BAG BLACK SKULL.,2,05/17/2011 15:56,1.72,13496,United Kingdom
C564460,21931,JUMBO STORAGE BAG SUKI,-7,04/01/2011 11:43,1.98,13028,United Kingdom
572235,22197,SMALL POPCORN HOLDER,9,02/27/2011 13:12,0.8,12413,Portugal
549144,21071,VINTAGE BILLBOARD DRINK ME MUG,8,01/07/2011 07:54,1.14,13513,United Kingdom
566460,84029G,KNITTED UNION FLAG HOT WATER BOTTLE,8,08/20/2011 17:59,3.96,12864,United Kingdom
551002,22633,HAND WARMER UNION JACK,9,03/17/2011 12:33,1.71,12911,United Kingdom
586073,22960,JAM MAKING SET WITH JARS,9,11/16/2011 16:19,4.23,12408,United Kingdom
556472,21071,VINTAGE BILLBOARD DRINK ME MUG,3,05/12/2011 14:09,1.0,13139,Germany
584290,21754,HOME BUILDING BLOCK WORD,4,06/07/2011 11:46,6.56,13220,Netherlands
540945,20725,LUNCH BAG RED RETROSPOT,18,11/13/2011 07:21,1.81,12750,Ireland
555076,22086,PAPER CHAIN KIT 50'S CHRISTMAS,7,03/07/2011 18:05,3.22,13882,United Kingdom
579271,21755,LOVE BUILDING BLOCK WORD,6,02/26/2011 07:04,6.8,13394,United Kingdom
551426,20727,LUNCH BAG BLACK SKULL.,4,02/24/2011 11:40,1.89,13517,United Kingdom
539558,84029G,KNITTED UNION FLAG HOT WATER BOTTLE,7,02/09/2011 15:02,3.47,13221,United Kingdom
570071,85123A,WHITE HANGING HEART T-LIGHT HOLDER,12,01/08/2011 16:08,2.83,13489,United Kingdom
571299,23298,SPOTTY BUNTING,7,11/14/2011 08:05,5.65,12657,United Kingdom
587272,84029E,RED WOOLLY HOTTIE WHITE HEART,22,02/13/2011 10:22,4.0,12718,United Kingdom
558780,84029G,KNITTED UNION FLAG HOT WATER BOTTLE,14,02/23/2011 11:11,3.86,13578,United Kingdom
541734,84406B,CREAM CUPID HEARTS COAT HANGER,1,07/24/2011 15:14,3.03,12982,France
545722,22961,JAM MAKING SET PRINTED,3,07/29/2011 17:56,1.66,12855,United Kingdom
552150,22086,PAPER CHAIN KIT 50'S CHRISTMAS,11,01/23/2011 17:28,2.81,12521,Ireland
583940,71053,WHITE METAL LANTERN,7,07/17/2011 11:20,3.12,12472,France
543793,22961,JAM MAKING SET PRINTED,6,01/22/2011 09:58,1.54,13507,United Kingdom
573212,23203,JUMBO BAG DOILEY PATTERNS,3,07/20/2011 07:03,1.91,14034,Germany
554428,23203,JUMBO BAG DOILEY PATTERNS,1,11/17/2011 08:34,2.04,14681,United Kingdom
572366,20725,LUNCH BAG RED RETROSPOT,9,08/08/2011 11:55,1.86,13282,Spain
557828,84029E,RED WOOLLY HOTTIE WHITE HEART,12,07/17/2011 19:30,4.06,13815,United Kingdom
538264,22961,JAM MAKING SET PRINTED,17,08/30/2011 08:02,1.41,13510,Spain
555401,23203,JUMBO BAG DOILEY PATTERNS,1,08/21/2011 16:47,2.24,13138,United Kingdom
564999,84879,ASSORTED COLOUR BIRD ORNAMENT,5,04/01/2011 15:24,1.64,13381,Belgium
567522,21754,HOME BUILDING BLOCK WORD,5,11/07/2011 19:06,5.76,13017,United Kingdom
554179,84406B,CREAM CUPID HEARTS COAT HANGER,6,10/22/2011 18:23,3.04,13310,United Kingdom
548623,22086,PAPER CHAIN KIT 50'S CHRISTMAS,5,06/29/2011 09:34,3.13,12486,United Kingdom
547960,22632,HAND WARMER RED POLKA DOT,12,03/05/2011 13:29,1.82,12584,United Kingdom
561214,21931,JUMBO STORAGE BAG SUKI,4,01/24/2011 19:00,2.1,13546,United Kingdom
559670,22961,JAM MAKING SET PRINTED,19,11/24/2011 18:23,1.4,12787,United Kingdom
C566868,84406B,CREAM CUPID HEARTS COAT HANGER,-7,09/13/2011 18:36,2.95,12913,United Kingdom
577320,22178,VICTORIAN GLASS HANGING T-LIGHT,2,10/15/2011 14:34,1.24,14545,France
545341,23084,RABBIT NIGHT LIGHT,11,01/12/2011 08:30,2.14,13572,Germany
553170,21071,VINTAGE BILLBOARD DRINK ME MUG,3,04/03/2011 18:36,1.08,12394,United Kingdom
587304,20725,LUNCH BAG RED RETROSPOT,2,04/04/2011 09:09,1.7,12515,United Kingdom
553701,84029E,RED WOOLLY HOTTIE WHITE HEART,6,02/09/2011 16:33,3.8,13947,United Kingdom
586310,22960,JAM MAKING SET WITH JARS,1,07/02/2011 15:11,3.86,12745,United Kingdom
580699,23298,SPOTTY BUNTING,1,09/08/2011 19:21,4.57,14571,United Kingdom
584178,22423,REGENCY CAKESTAND 3 TIER,1,08/13/2011 09:37,12.54,12788,Ireland
567671,21212,PACK OF 72 RETROSPOT CAKE CASES,12,01/31/2011 19:40,0.43,13796,United Kingdom
573362,22633,HAND WARMER UNION JACK,1,08/23/2011 15:54,2.0,13062,United Kingdom
538481,22752,SET 7 BABUSHKA NESTING BOXES,3,05/06/2011 12:16,8.66,12883,United Kingdom
559469,23298,SPOTTY BUNTING,5,11/24/2011 15:23,5.02,14531,Germany
540682,22633,HAND WARMER UNION JACK,1,09/27/2011 14:38,2.07,14168,Spain
557423,22086,PAPER CHAIN KIT 50'S CHRISTMAS,10,10/15/2011 19:36,3.19,13214,United Kingdom
543587,22086,PAPER CHAIN KIT 50'S CHRISTMAS,1,02/06/2011 15:00,3.08,12995,United Kingdom
575033,23084,RABBIT NIGHT LIGHT,3,11/24/2011 16:47,2.06,12809,United Kingdom
575092,21755,LOVE BUILDING BLOCK WORD,1,12/18/2010 14:19,5.36,15311,United Kingdom
549391,22086,PAPER CHAIN KIT 50'S CHRISTMAS,2,11/18/2011 10:31,2.66,,Germany
557715,21071,VINTAGE BILLBOARD DRINK ME MUG,4,07/15/2011 13:07,1.01,14322,Portugal
586051,22138,BAKING SET 9 PIECE RETROSPOT,12,07/13/2011 08:01,5.34,13669,United Kingdom
581172,22633,HAND WARMER UNION JACK,8,10/08/2011 18:07,2.02,,France
549787,22138,BAKING SET 9 PIECE RETROSPOT,4,11/23/2011 08:13,5.14,13088,Germany
563164,22960,JAM MAKING SET WITH JARS,7,01/15/2011 13:23,4.21,13843,United Kingdom
566872,23298,SPOTTY BUNTING,8,02/15/2011 09:45,4.57,12913,United Kingdom
558171,71053,WHITE METAL LANTERN,1,09/30/2011 18:13,3.79,13029,United Kingdom
581597,22197,SMALL POPCORN HOLDER,5,06/21/2011 18:33,0.84,15399,Ireland
577897,22961,JAM MAKING SET PRINTED,12,08/03/2011 07:49,1.5,12552,United Kingdom
561191,22086,PAPER CHAIN KIT 50'S CHRISTMAS,1,10/01/2011 17:05,3.05,14415,Spain
579421,71053,WHITE METAL LANTERN,13,07/08/2011 13:29,3.84,12583,United Kingdom
572138,71053,WHITE METAL LANTERN,8,02/22/2011 08:57,3.42,13720,United Kingdom
564148,22633,HAND WARMER UNION JACK,5,07/23/2011 09:08,2.0,12652,United Kingdom
566480,22633,HAND WARMER UNION JACK,1,03/08/2011 18:41,1.87,15394,United Kingdom
572438,84879,ASSORTED COLOUR BIRD ORNAMENT,12,02/06/2011 15:00,1.59,13750,United Kingdom
586742,84029G,KNITTED UNION FLAG HOT WATER BOTTLE,8,10/28/2011 15:57,3.87,14412,United Kingdom
584194,22178,VICTORIAN GLASS HANGING T-LIGHT,12,07/16/2011 09:45,1.21,12455,Ireland
570880,22086,PAPER CHAIN KIT 50'S CHRISTMAS,10,06/04/2011 19:50,2.99,12375,Ireland
583941,22138,BAKING SET 9 PIECE RETROSPOT,5,10/31/2011 08:04,5.64,12472,France
549975,20727,LUNCH BAG BLACK SKULL.,10,08/05/2011 13:00,1.64,13271,United Kingdom
559108,23084,RABBIT NIGHT LIGHT,10,04/01/2011 19:08,1.96,13153,United Kingdom
570071,22086,PAPER CHAIN KIT 50'S CHRISTMAS,13,01/08/2011 16:08,2.97,13489,United Kingdom
539257,85123A,WHITE HANGING HEART T-LIGHT HOLDER,15,06/08/2011 14:00,2.31,12733,Spain
548260,22423,REGENCY CAKESTAND 3 TIER,1,08/31/2011 07:30,12.54,13346,United Kingdom
554532,85123A,WHITE HANGING HEART T-LIGHT HOLDER,9,07/14/2011 18:50,2.37,12698,United Kingdom
572251,85099B,JUMBO BAG RED RETROSPOT,2,12/06/2010 08:26,2.15,14820,United Kingdom
539175,23203,JUMBO BAG DOILEY PATTERNS,1,08/03/2011 08:03,2.05,12351,United Kingdom
562333,84406B,CREAM CUPID HEARTS COAT HANGER,10,09/20/2011 07:51,3.04,12917,United Kingdom
C547477,21929,JUMBO BAG PINK VINTAGE PAISLEY,-16,12/19/2010 13:04,2.28,13707,United Kingdom
566303,22632,HAND WARMER RED POLKA DOT,7,03/17/2011 08:34,2.0,12927,United Kingdom
562364,20725,LUNCH BAG RED RETROSPOT,1,03/19/2011 19:12,1.86,14455,Netherlands
547070,21929,JUMBO BAG PINK VINTAGE PAISLEY,12,02/26/2011 09:45,1.89,12597,United Kingdom
554884,21754,HOME BUILDING BLOCK WORD,6,04/03/2011 14:32,6.6,12427,United Kingdom
540851,22383,LUNCH BAG SUKI DESIGN,1,09/27/2011 08:49,1.58,12930,United Kingdom
582946,22086,PAPER CHAIN KIT 50'S CHRISTMAS,8,02/21/2011 13:04,3.15,13787,United Kingdom
539043,22752,SET 7 BABUSHKA NESTING BOXES,10,01/30/2011 15:05,7.83,,Germany
562247,22383,LUNCH BAG SUKI DESIGN,6,10/21/2011 09:06,1.68,12941,United Kingdom
578355,84406B,CREAM CUPID HEARTS COAT HANGER,13,08/02/2011 19:30,2.71,12513,United Kingdom
584243,21071,VINTAGE BILLBOARD DRINK ME MUG,3,12/04/2010 11:20,1.08,13673,United Kingdom
539855,22633,HAND WARMER UNION JACK,5,05/13/2011 11:18,2.01,12416,Ireland
580668,22383,LUNCH BAG SUKI DESIGN,8,12/08/2010 19:46,1.83,15482,United Kingdom
559147,85099B,JUMBO BAG RED RETROSPOT,4,02/24/2011 17:08,2.29,12676,United Kingdom
571034,21931,JUMBO STORAGE BAG SUKI,5,10/18/2011 15:09,2.13,12834,United Kingdom
558551,84029E,RED WOOLLY HOTTIE WHITE HEART,6,11/01/2011 15:22,3.85,12522,United Kingdom
537126,22961,JAM MAKING SET PRINTED,3,06/30/2011 17:14,1.41,14396,United Kingdom
561598,23298,SPOTTY BUNTING,3,07/20/2011 16:36,4.83,12441,United Kingdom
547034,22961,JAM MAKING SET PRINTED,1,11/04/2011 08:06,1.46,13198,United Kingdom
583113,21730,GLASS STAR FROSTED T-LIGHT HOLDER,3,07/16/2011 10:21,4.13,12969,United Kingdom
580435,84406B,CREAM CUPID HEARTS COAT HANGER,6,06/17/2011 13:07,2.79,14507,United Kingdom
586796,22138,BAKING SET 9 PIECE RETROSPOT,7,12/16/2010 11:26,4.89,13730,Ireland
551092,20725,LUNCH BAG RED RETROSPOT,2,08/16/2011 16:07,1.57,13105,Spain
538349,84029G,KNITTED UNION FLAG HOT WATER BOTTLE,4,12/22/2010 12:17,4.11,15294,United Kingdom
556293,84406B,CREAM CUPID HEARTS COAT HANGER,4,08/10/2011 09:01,2.88,13262,Spain
576286,22752,SET 7 BABUSHKA NESTING BOXES,15,07/04/2011 18:18,7.25,12579,United Kingdom
566580,21754,HOME BUILDING BLOCK WORD,5,06/20/2011 15:47,6.58,12377,Ireland
539215,85123A,WHITE HANGING HEART T-LIGHT HOLDER,7,09/15/2011 07:38,2.64,12558,United Kingdom
576407,84406B,CREAM CUPID HEARTS COAT HANGER,7,12/29/2010 09:33,2.58,15559,Ireland
550069,21931,JUMBO STORAGE BAG SUKI,4,06/30/2011 12:04,1.78,13619,United Kingdom
549099,22961,JAM MAKING SET PRINTED,12,07/14/2011 19:42,1.39,12495,United Kingdom
558002,84406B,CREAM CUPID HEARTS COAT HANGER,1,06/25/2011 10:33,2.77,13020,Portugal
539682,23203,JUMBO BAG DOILEY PATTERNS,4,02/21/2011 13:45,2.08,14173,Ireland
574457,84406B,CREAM CUPID HEARTS COAT HANGER,2,09/13/2011 11:55,3.14,14563,United Kingdom
559094,21929,JUMBO BAG PINK VINTAGE PAISLEY,2,09/19/2011 16:45,2.08,13104,Spain
561994,22178,VICTORIAN GLASS HANGING T-LIGHT,9,06/08/2011 18:15,1.13,12618,United Kingdom
561213,21212,PACK OF 72 RETROSPOT CAKE CASES,1,12/02/2010 13:11,0.39,13546,United Kingdom
578499,22752,SET 7 BABUSHKA NESTING BOXES,6,03/20/2011 19:57,7.95,12613,United Kingdom
542327,22178,VICTORIAN GLASS HANGING T-LIGHT,8,11/17/2011 07:12,1.24,12424,United Kingdom
569030,21754,HOME BUILDING BLOCK WORD,13,11/11/2011 09:02,6.63,12884,Ireland
543579,22383,LUNCH BAG SUKI DESIGN,11,04/23/2011 13:28,1.51,12995,United Kingdom
586274,21212,PACK OF 72 RETROSPOT CAKE CASES,1,06/01/2011 19:36,0.44,12948,United Kingdom
555946,20727,LUNCH BAG BLACK SKULL.,1,09/13/2011 13:55,1.53,,United Kingdom
563425,22960,JAM MAKING SET WITH JARS,8,03/13/2011 18:08,3.88,13446,United Kingdom
541127,22383,LUNCH BAG SUKI DESIGN,4,06/03/2011 08:19,1.52,12353,United Kingdom
582038,21931,JUMBO STORAGE BAG SUKI,8,12/09/2010 18:34,2.03,13465,United Kingdom
561382,22961,JAM MAKING SET PRINTED,1,01/20/2011 12:07,1.61,14611,United Kingdom
542153,21071,VINTAGE BILLBOARD DRINK ME MUG,8,10/10/2011 16:37,1.11,13005,United Kingdom
580036,84406B,CREAM CUPID HEARTS COAT HANGER,19,02/09/2011 19:09,3.16,13883,United Kingdom
555945,23084,RABBIT NIGHT LIGHT,3,02/26/2011 18:22,2.34,14718,United Kingdom
571540,21755,LOVE BUILDING BLOCK WORD,15,10/23/2011 18:26,6.12,13065,United Kingdom
547687,84029E,RED WOOLLY HOTTIE WHITE HEART,1,10/16/2011 11:16,3.76,14134,United Kingdom
547487,21754,HOME BUILDING BLOCK WORD,2,08/22/2011 08:41,6.17,12950,United Kingdom
543009,21929,JUMBO BAG PINK VINTAGE PAISLEY,5,11/21/2011 12:56,2.0,12696,United Kingdom
538748,22197,SMALL POPCORN HOLDER,5,05/19/2011 13:44,0.82,12488,Portugal
552853,22960,JAM MAKING SET WITH JARS,1,05/26/2011 16:37,4.33,13449,France
564596,21212,PACK OF 72 RETROSPOT CAKE CASES,2,11/02/2011 12:58,0.43,14223,United Kingdom
561172,21212,PACK OF 72 RETROSPOT CAKE CASES,5,03/24/2011 11:18,0.38,14600,Germany
569667,71053,WHITE METAL LANTERN,5,04/30/2011 11:39,3.77,13026,United Kingdom
585237,21730,GLASS STAR FROSTED T-LIGHT HOLDER,4,06/13/2011 10:46,4.13,14702,Germany
556049,20727,LUNCH BAG BLACK SKULL.,1,06/05/2011 15:52,1.64,,United Kingdom
545009,22197,SMALL POPCORN HOLDER,1,11/16/2011 11:18,0.78,12507,United Kingdom
585089,21730,GLASS STAR FROSTED T-LIGHT HOLDER,11,05/14/2011 15:56,4.25,,United Kingdom
583252,22383,LUNCH BAG SUKI DESIGN,4,10/18/2011 08:06,1.6,14145,United Kingdom
539740,21071,VINTAGE BILLBOARD DRINK ME MUG,15,01/14/2011 17:19,1.05,13879,France
555237,22423,REGENCY CAKESTAND 3 TIER,4,02/14/2011 07:45,14.46,13352,United Kingdom
561278,21754,HOME BUILDING BLOCK WORD,3,09/28/2011 15:01,6.2,14162,United Kingdom
569356,21931,JUMBO STORAGE BAG SUKI,11,12/18/2010 17:23,2.19,13734,United Kingdom
545157,23084,RABBIT NIGHT LIGHT,7,08/11/2011 07:47,2.2,12422,France
584660,71053,WHITE METAL LANTERN,7,11/04/2011 10:27,3.25,12593,Spain
562439,84406B,CREAM CUPID HEARTS COAT HANGER,11,05/03/2011 12:32,2.5,12837,United Kingdom
587436,23084,RABBIT NIGHT LIGHT,7,09/11/2011 07:01,1.97,12704,United Kingdom
543146,23298,SPOTTY BUNTING,9,04/27/2011 10:21,4.61,13339,United Kingdom
559852,21929,JUMBO BAG PINK VINTAGE PAISLEY,2,10/23/2011 11:01,2.27,14724,United Kingdom
573016,20727,LUNCH BAG BLACK SKULL.,3,05/17/2011 18:10,1.72,12620,Portugal
572870,20727,LUNCH BAG BLACK SKULL.,8,11/15/2011 14:03,1.54,14031,United Kingdom
551258,22960,JAM MAKING SET WITH JARS,11,09/28/2011 17:07,4.56,12909,Ireland
560978,23298,SPOTTY BUNTING,9,09/17/2011 13:31,5.19,12541,United Kingdom
545201,22197,SMALL POPCORN HOLDER,2,05/22/2011 07:09,0.87,14050,Ireland
565484,22178,VICTORIAN GLASS HANGING T-LIGHT,5,01/04/2011 19:03,1.16,14104,United Kingdom
555926,21929,JUMBO BAG PINK VINTAGE PAISLEY,9,03/19/2011 17:35,2.2,13775,United Kingdom
561801,20725,LUNCH BAG RED RETROSPOT,16,03/12/2011 09:04,1.59,13877,United Kingdom
551723,23084,RABBIT NIGHT LIGHT,2,07/17/2011 07:20,1.93,16087,United Kingdom
587323,84879,ASSORTED COLOUR BIRD ORNAMENT,4,10/04/2011 11:56,1.59,14203,Germany
551955,21754,HOME BUILDING BLOCK WORD,5,11/13/2011 10:26,5.56,13312,United Kingdom
564559,21931,JUMBO STORAGE BAG SUKI,1,08/31/2011 10:44,2.23,12565,Ireland
584368,21071,VINTAGE BILLBOARD DRINK ME MUG,1,02/21/2011 14:50,1.21,,United Kingdom
586179,22138,BAKING SET 9 PIECE RETROSPOT,1,05/01/2011 07:45,4.54,12367,Ireland
553000,22961,JAM MAKING SET PRINTED,13,11/17/2011 17:05,1.32,12912,Germany
542254,23084,RABBIT NIGHT LIGHT,6,01/28/2011 08:02,2.31,13274,United Kingdom
568888,21929,JUMBO BAG PINK VINTAGE PAISLEY,1,08/06/2011 14:30,2.19,12669,Germany
546984,21071,VINTAGE BILLBOARD DRINK ME MUG,5,03/16/2011 14:31,1.06,12777,United Kingdom
574884,84029E,RED WOOLLY HOTTIE WHITE HEART,5,11/08/2011 17:40,3.86,14449,Ireland
584693,22633,HAND WARMER UNION JACK,4,06/08/2011 19:01,1.88,12847,United Kingdom
566391,23084,RABBIT NIGHT LIGHT,21,04/14/2011 17:11,2.38,12623,United Kingdom
559234,22138,BAKING SET 9 PIECE RETROSPOT,11,04/07/2011 17:46,5.56,12383,Ireland
539138,23203,JUMBO BAG DOILEY PATTERNS,1,03/18/2011 19:34,2.27,12882,United Kingdom
542217,84029G,KNITTED UNION FLAG HOT WATER BOTTLE,12,08/21/2011 10:39,4.05,12404,United Kingdom
536791,22960,JAM MAKING SET WITH JARS,2,05/17/2011 13:32,3.96,12446,France
540643,21929,JUMBO BAG PINK VINTAGE PAISLEY,4,06/27/2011 13:33,2.29,14480,United Kingdom
537009,21931,JUMBO STORAGE BAG SUKI,3,06/13/2011 19:38,1.98,13388,United Kingdom
582885,22138,BAKING SET 9 PIECE RETROSPOT,6,06/09/2011 07:04,4.66,14249,Belgium
563475,21931,JUMBO STORAGE BAG SUKI,11,11/28/2011 09:30,1.98,12612,Germany
537469,22960,JAM MAKING SET WITH JARS,13,05/07/2011 08:57,4.6,13622,United Kingdom
574581,22632,HAND WARMER RED POLKA DOT,12,04/14/2011 13:19,2.0,12732,United Kingdom
563907,21929,JUMBO BAG PINK VINTAGE PAISLEY,9,03/26/2011 07:08,2.05,13668,United Kingdom
563333,84879,ASSORTED COLOUR BIRD ORNAMENT,1,02/05/2011 08:55,1.86,13864,United Kingdom
C580732,84879,ASSORTED COLOUR BIRD ORNAMENT,-13,04/19/2011 11:09,1.53,12641,United Kingdom
558531,22633,HAND WARMER UNION JACK,17,03/15/2011 19:16,1.77,12522,United Kingdom
581691,21730,GLASS STAR FROSTED T-LIGHT HOLDER,12,12/09/2011 07:17,4.81,12516,United Kingdom
582093,22633,HAND WARMER UNION JACK,16,09/06/2011 19:22,2.0,13228,United Kingdom
573994,21755,LOVE BUILDING BLOCK WORD,1,03/30/2011 12:44,6.46,13286,Germany
546747,22752,SET 7 BABUSHKA NESTING BOXES,6,02/22/2011 10:30,8.03,13626,Ireland
548264,85123A,WHITE HANGING HEART T-LIGHT HOLDER,9,02/04/2011 11:50,2.41,14798,France
571394,20727,LUNCH BAG BLACK SKULL.,13,06/12/2011 08:58,1.89,12900,United Kingdom
545730,20727,LUNCH BAG BLACK SKULL.,6,06/10/2011 13:15,1.67,12855,United Kingdom
578377,84029E,RED WOOLLY HOTTIE WHITE HEART,5,10/03/2011 17:34,3.64,14565,United Kingdom
548670,22383,LUNCH BAG SUKI DESIGN,5,05/17/2011 17:46,1.71,14193,Germany
571572,22960,JAM MAKING SET WITH JARS,2,11/17/2011 10:44,4.68,13948,Germany
576587,22960,JAM MAKING SET WITH JARS,8,09/03/2011 11:32,4.21,13211,United Kingdom
572208,21730,GLASS STAR FROSTED T-LIGHT HOLDER,7,01/27/2011 11:26,4.28,12800,United Kingdom
540551,21071,VINTAGE BILLBOARD DRINK ME MUG,3,04/17/2011 13:19,1.1,15576,United Kingdom
577910,23084,RABBIT NIGHT LIGHT,4,05/25/2011 13:34,2.08,,United Kingdom
550452,21755,LOVE BUILDING BLOCK WORD,15,04/04/2011 11:29,5.39,12577,Germany
581862,21754,HOME BUILDING BLOCK WORD,5,05/06/2011 10:28,6.49,13151,France
540445,23298,SPOTTY BUNTING,4,03/20/2011 13:28,4.62,14117,United Kingdom
540265,22383,LUNCH BAG SUKI DESIGN,9,04/03/2011 17:25,1.78,12770,Ireland
583865,21929,JUMBO BAG PINK VINTAGE PAISLEY,3,06/15/2011 18:25,2.33,13421,Germany
550453,20727,LUNCH BAG BLACK SKULL.,1,06/20/2011 09:02,1.65,12577,Germany
565876,84406B,CREAM CUPID HEARTS COAT HANGER,1,06/01/2011 09:11,3.14,14514,United Kingdom
563444,22423,REGENCY CAKESTAND 3 TIER,6,07/25/2011 08:50,12.15,12407,Germany
551175,22961,JAM MAKING SET PRINTED,2,09/21/2011 13:29,1.49,14351,United Kingdom
558751,21754,HOME BUILDING BLOCK WORD,3,04/30/2011 09:09,6.52,13278,United Kingdom
553213,84879,ASSORTED COLOUR BIRD ORNAMENT,6,05/31/2011 17:13,1.65,13087,United Kingdom
579872,84406B,CREAM CUPID HEARTS COAT HANGER,10,06/07/2011 16:35,3.09,12707,United Kingdom
557278,23084,RABBIT NIGHT LIGHT,8,02/03/2011 18:17,2.2,13605,Portugal
572838,22086,PAPER CHAIN KIT 50'S CHRISTMAS,9,04/13/2011 10:42,3.19,15013,United Kingdom
558926,22632,HAND WARMER RED POLKA DOT,1,02/09/2011 17:34,1.98,14312,Ireland
570303,84406B,CREAM CUPID HEARTS COAT HANGER,3,03/27/2011 07:19,2.94,14142,United Kingdom
584895,84029E,RED WOOLLY HOTTIE WHITE HEART,5,06/04/2011 15:05,4.16,12755,United Kingdom
C565005,84879,ASSORTED COLOUR BIRD ORNAMENT,-3,01/09/2011 15:52,1.88,16309,Netherlands
555657,22423,REGENCY CAKESTAND 3 TIER,8,09/07/2011 12:49,12.94,12693,United Kingdom
558376,20727,LUNCH BAG BLACK SKULL.,7,09/02/2011 14:29,1.84,12386,United Kingdom
579567,21212,PACK OF 72 RETROSPOT CAKE CASES,19,02/19/2011 15:05,0.42,13865,United Kingdom
541666,21212,PACK OF 72 RETROSPOT CAKE CASES,12,10/25/2011 08:21,0.42,12814,United Kingdom
579274,22633,HAND WARMER UNION JACK,9,05/20/2011 15:46,2.03,13394,United Kingdom
568960,22383,LUNCH BAG SUKI DESIGN,6,01/18/2011 16:50,1.58,15617,France
571563,23298,SPOTTY BUNTING,6,07/22/2011 10:51,4.47,14506,United Kingdom
547741,22423,REGENCY CAKESTAND 3 TIER,2,06/24/2011 09:44,13.05,12672,United Kingdom
561261,21931,JUMBO STORAGE BAG SUKI,4,03/30/2011 07:29,1.79,12690,United Kingdom
565586,84406B,CREAM CUPID HEARTS COAT HANGER,6,03/01/2011 13:47,3.0,13201,France
550574,22960,JAM MAKING SET WITH JARS,1,05/23/2011 18:41,4.83,12425,United Kingdom
583445,84879,ASSORTED COLOUR BIRD ORNAMENT,6,08/23/2011 19:52,1.71,13369,United Kingdom
573719,21929,JUMBO BAG PINK VINTAGE PAISLEY,4,11/04/2011 17:18,2.04,12692,United Kingdom
546930,20727,LUNCH BAG BLACK SKULL.,8,06/04/2011 09:22,1.49,13443,France
553635,84029E,RED WOOLLY HOTTIE WHITE HEART,7,11/06/2011 08:38,3.72,13232,United Kingdom
569454,21754,HOME BUILDING BLOCK WORD,6,08/23/2011 09:51,5.4,14481,United Kingdom
548502,84029E,RED WOOLLY HOTTIE WHITE HEART,2,02/15/2011 10:01,3.46,13317,United Kingdom
538524,22178,VICTORIAN GLASS HANGING T-LIGHT,10,03/09/2011 15:51,1.2,16310,United Kingdom
552464,22752,SET 7 BABUSHKA NESTING BOXES,6,08/09/2011 10:09,8.21,12638,United Kingdom
582108,71053,WHITE METAL LANTERN,5,02/08/2011 10:01,3.26,13778,Germany
547964,21071,VINTAGE BILLBOARD DRINK ME MUG,6,05/16/2011 18:47,0.98,15423,United Kingdom
536460,21071,VINTAGE BILLBOARD DRINK ME MUG,3,10/19/2011 11:23,0.96,12590,United Kingdom
585318,22632,HAND WARMER RED POLKA DOT,14,01/10/2011 08:31,2.11,,United Kingdom
584122,85099B,JUMBO BAG RED RETROSPOT,2,10/09/2011 07:02,2.24,12615,United Kingdom
582229,85099B,JUMBO BAG RED RETROSPOT,2,07/16/2011 15:15,2.02,14581,United Kingdom
540609,22086,PAPER CHAIN KIT 50'S CHRISTMAS,5,08/29/2011 14:49,3.01,14431,France
562171,22632,HAND WARMER RED POLKA DOT,10,02/19/2011 07:34,1.98,13276,United Kingdom
554987,21071,VINTAGE BILLBOARD DRINK ME MUG,14,04/03/2011 07:50,1.15,13745,United Kingdom
552373,21929,JUMBO BAG PINK VINTAGE PAISLEY,1,10/28/2011 18:10,2.3,14006,Spain
556320,85099B,JUMBO BAG RED RETROSPOT,10,04/26/2011 08:41,1.94,13108,United Kingdom
547975,21931,JUMBO STORAGE BAG SUKI,1,12/18/2010 11:05,1.88,13435,United Kingdom
573496,22086,PAPER CHAIN KIT 50'S CHRISTMAS,8,08/03/2011 07:30,2.88,13353,United Kingdom
578634,20725,LUNCH BAG RED RETROSPOT,6,08/08/2011 10:27,1.85,14381,Germany
559739,84029G,KNITTED UNION FLAG HOT WATER BOTTLE,7,03/15/2011 18:28,3.42,13094,United Kingdom
564427,21929,JUMBO BAG PINK VINTAGE PAISLEY,8,04/27/2011 13:29,2.0,13511,United Kingdom
585792,85123A,WHITE HANGING HEART T-LIGHT HOLDER,2,04/10/2011 16:19,2.69,13717,Ireland
558881,22178,VICTORIAN GLASS HANGING T-LIGHT,8,10/13/2011 09:12,1.41,12749,United Kingdom
548423,21755,LOVE BUILDING BLOCK WORD,1,08/04/2011 14:54,6.5,12859,United Kingdom
582565,21212,PACK OF 72 RETROSPOT CAKE CASES,10,07/11/2011 13:37,0.39,12428,United Kingdom
555793,21755,LOVE BUILDING BLOCK WORD,3,01/27/2011 14:34,5.46,13919,United Kingdom
574944,21931,JUMBO STORAGE BAG SUKI,5,07/08/2011 14:28,2.03,12494,United Kingdom
579310,22197,SMALL POPCORN HOLDER,2,07/07/2011 12:42,0.97,13471,United Kingdom
568083,21755,LOVE BUILDING BLOCK WORD,10,07/02/2011 10:39,5.62,13273,United Kingdom
585241,21755,LOVE BUILDING BLOCK WORD,6,03/11/2011 11:35,6.74,14811,Germany
575586,21071,VINTAGE BILLBOARD DRINK ME MUG,13,12/06/2010 15:26,1.05,13493,United Kingdom
585617,21931,JUMBO STORAGE BAG SUKI,6,10/16/2011 15:51,2.23,12576,United Kingdom
557635,22197,SMALL POPCORN HOLDER,1,07/26/2011 14:32,0.89,13306,United Kingdom
544018,22138,BAKING SET 9 PIECE RETROSPOT,8,12/22/2010 07:06,5.24,13706,United Kingdom
C551242,22178,VICTORIAN GLASS HANGING T-LIGHT,-7,10/26/2011 08:56,1.17,14450,Spain
542675,84029G,KNITTED UNION FLAG HOT WATER BOTTLE,9,06/13/2011 15:49,3.95,14715,Belgium
545593,22383,LUNCH BAG SUKI DESIGN,7,03/19/2011 16:48,1.51,13418,United Kingdom
551689,23084,RABBIT NIGHT LIGHT,12,10/11/2011 18:15,2.05,13034,United Kingdom
553171,21755,LOVE BUILDING BLOCK WORD,8,05/04/2011 09:45,6.24,12394,United Kingdom
560756,22138,BAKING SET 9 PIECE RETROSPOT,11,07/16/2011 10:58,5.17,13207,United Kingdom
543509,23084,RABBIT NIGHT LIGHT,3,10/31/2011 19:18,1.9,14215,United Kingdom
545323,22086,PAPER CHAIN KIT 50'S CHRISTMAS,2,06/30/2011 08:51,3.38,12862,United Kingdom
540001,23298,SPOTTY BUNTING,1,12/17/2010 16:41,5.32,13858,Ireland
574560,84029G,KNITTED UNION FLAG HOT WATER BOTTLE,2,07/28/2011 12:36,4.12,12783,United Kingdom
573236,71053,WHITE METAL LANTERN,12,02/26/2011 19:43,3.07,12391,United Kingdom
582220,21730,GLASS STAR FROSTED T-LIGHT HOLDER,1,10/25/2011 11:22,4.23,14397,Ireland
586170,21755,LOVE BUILDING BLOCK WORD,5,08/12/2011 07:45,6.36,12367,Ireland
580430,21755,LOVE BUILDING BLOCK WORD,2,09/01/2011 10:13,5.53,14507,United Kingdom
571883,21931,JUMBO STORAGE BAG SUKI,16,03/29/2011 11:47,1.81,12517,France
545858,23084,RABBIT NIGHT LIGHT,7,06/21/2011 18:35,2.25,12499,United Kingdom
570449,84029G,KNITTED UNION FLAG HOT WATER BOTTLE,8,02/25/2011 19:07,3.5,13566,United Kingdom
582107,20725,LUNCH BAG RED RETROSPOT,8,12/17/2010 17:54,1.79,13778,Germany
565877,20725,LUNCH BAG RED RETROSPOT,5,08/16/2011 10:46,1.5,14514,United Kingdom
542896,22086,PAPER CHAIN KIT 50'S CHRISTMAS,1,08/16/2011 16:50,3.02,12954,France
586586,84879,ASSORTED COLOUR BIRD ORNAMENT,2,01/11/2011 17:01,1.86,14456,Germany
555187,22138,BAKING SET 9 PIECE RETROSPOT,7,04/02/2011 17:01,4.63,13040,France
570038,21931,JUMBO STORAGE BAG SUKI,4,11/13/2011 08:27,1.93,14635,United Kingdom
545598,22632,HAND WARMER RED POLKA DOT,19,01/09/2011 10:46,1.88,13418,United Kingdom
566473,22086,PAPER CHAIN KIT 50'S CHRISTMAS,14,08/07/2011 08:05,2.79,12864,United Kingdom
583420,84029E,RED WOOLLY HOTTIE WHITE HEART,7,03/31/2011 08:27,3.45,13008,United Kingdom
552066,22178,VICTORIAN GLASS HANGING T-LIGHT,2,03/22/2011 08:59,1.27,13247,United Kingdom
548136,23298,SPOTTY BUNTING,3,11/09/2011 12:58,5.68,13136,Spain
559086,22752,SET 7 BABUSHKA NESTING BOXES,21,12/04/2011 17:51,8.43,13104,Spain
556165,21754,HOME BUILDING BLOCK WORD,1,04/13/2011 10:06,6.54,14457,Portugal
571316,85123A,WHITE HANGING HEART T-LIGHT HOLDER,18,02/13/2011 09:06,2.43,12657,United Kingdom
574129,23203,JUMBO BAG DOILEY PATTERNS,7,10/09/2011 17:37,2.25,12780,Ireland
570784,85099B,JUMBO BAG RED RETROSPOT,14,04/14/2011 14:21,2.17,12538,France
560132,22138,BAKING SET 9 PIECE RETROSPOT,9,04/11/2011 08:42,5.14,13313,United Kingdom
C540639,85123A,WHITE HANGING HEART T-LIGHT HOLDER,-11,10/09/2011 14:37,2.41,12924,United Kingdom
551751,22423,REGENCY CAKESTAND 3 TIER,8,08/03/2011 11:17,12.96,13067,United Kingdom
580840,71053,WHITE METAL LANTERN,8,06/06/2011 17:10,3.44,12609,Belgium
547142,22178,VICTORIAN GLASS HANGING T-LIGHT,3,05/29/2011 17:17,1.13,14307,United Kingdom
570941,71053,WHITE METAL LANTERN,5,08/25/2011 07:39,3.68,12490,United Kingdom
566210,23084,RABBIT NIGHT LIGHT,5,02/11/2011 12:49,1.97,13283,Germany
568418,23203,JUMBO BAG DOILEY PATTERNS,12,06/01/2011 16:25,2.13,13202,United Kingdom
561989,84879,ASSORTED COLOUR BIRD ORNAMENT,14,10/03/2011 16:55,1.7,12618,United Kingdom
557928,84406B,CREAM CUPID HEARTS COAT HANGER,12,12/29/2010 11:36,2.67,13494,Netherlands
C560017,20727,LUNCH BAG BLACK SKULL.,-13,08/30/2011 19:50,1.88,13043,United Kingdom
583383,23203,JUMBO BAG DOILEY PATTERNS,9,05/30/2011 11:46,1.98,13656,Portugal
543856,84879,ASSORTED COLOUR BIRD ORNAMENT,5,08/12/2011 19:30,1.88,12989,France
542783,20725,LUNCH BAG RED RETROSPOT,5,12/18/2010 18:04,1.66,13532,United Kingdom
537095,71053,WHITE METAL LANTERN,2,04/15/2011 15:41,3.8,13463,United Kingdom
573817,22178,VICTORIAN GLASS HANGING T-LIGHT,1,07/21/2011 17:29,1.19,14083,United Kingdom
559080,22138,BAKING SET 9 PIECE RETROSPOT,1,06/01/2011 12:42,4.65,12586,United Kingdom
538807,22197,SMALL POPCORN HOLDER,5,06/19/2011 15:47,0.87,15392,United Kingdom
537772,21929,JUMBO BAG PINK VINTAGE PAISLEY,4,08/16/2011 09:11,2.16,13049,United Kingdom
573862,22633,HAND WARMER UNION JACK,1,09/18/2011 07:41,1.68,12473,United Kingdom
586091,22178,VICTORIAN GLASS HANGING T-LIGHT,17,02/23/2011 18:03,1.32,12408,United Kingdom
554513,22423,REGENCY CAKESTAND 3 TIER,2,10/20/2011 18:25,12.91,14365,United Kingdom
564159,84029E,RED WOOLLY HOTTIE WHITE HEART,17,05/23/2011 12:03,4.11,12652,United Kingdom
552822,21212,PACK OF 72 RETROSPOT CAKE CASES,8,01/30/2011 13:13,0.48,13405,United Kingdom
571464,23203,JUMBO BAG DOILEY PATTERNS,1,06/16/2011 11:10,2.28,,United Kingdom
559704,22632,HAND WARMER RED POLKA DOT,7,03/06/2011 16:35,1.71,13657,United Kingdom
561792,21730,GLASS STAR FROSTED T-LIGHT HOLDER,9,01/27/2011 15:29,4.38,13877,United Kingdom
576756,22086,PAPER CHAIN KIT 50'S CHRISTMAS,11,08/18/2011 07:33,2.96,12908,United Kingdom
582169,22423,REGENCY CAKESTAND 3 TIER,1,07/25/2011 09:55,12.08,13795,United Kingdom
543787,22752,SET 7 BABUSHKA NESTING BOXES,13,02/25/2011 08:57,7.44,13507,United Kingdom
537333,21755,LOVE BUILDING BLOCK WORD,12,06/05/2011 13:47,6.47,13478,United Kingdom
538821,22961,JAM MAKING SET PRINTED,2,02/18/2011 15:12,1.65,14060,Netherlands
567101,22197,SMALL POPCORN HOLDER,16,06/20/2011 17:34,0.8,12792,United Kingdom
564431,85123A,WHITE HANGING HEART T-LIGHT HOLDER,13,02/22/2011 18:38,2.77,13511,United Kingdom
558207,22086,PAPER CHAIN KIT 50'S CHRISTMAS,7,08/20/2011 09:07,2.82,12876,United Kingdom
584159,22423,REGENCY CAKESTAND 3 TIER,1,12/19/2010 11:17,12.07,15050,United Kingdom
573428,22633,HAND WARMER UNION JACK,6,03/12/2011 11:55,2.12,13728,United Kingdom
564602,21212,PACK OF 72 RETROSPOT CAKE CASES,1,04/09/2011 07:47,0.48,14223,United Kingdom
566704,22086,PAPER CHAIN KIT 50'S CHRISTMAS,8,11/01/2011 10:40,3.05,15935,United Kingdom
561719,22960,JAM MAKING SET WITH JARS,9,01/08/2011 10:09,4.49,13616,United Kingdom
578506,23084,RABBIT NIGHT LIGHT,5,01/27/2011 08:27,1.96,12613,United Kingdom
570280,21929,JUMBO BAG PINK VINTAGE PAISLEY,7,05/17/2011 10:42,2.36,12791,France
584990,22961,JAM MAKING SET PRINTED,1,06/08/2011 12:42,1.62,12887,United Kingdom
543070,23298,SPOTTY BUNTING,11,07/13/2011 12:29,5.04,13413,Ireland
552866,21755,LOVE BUILDING BLOCK WORD,16,04/22/2011 18:00,6.8,12832,United Kingdom
536807,22197,SMALL POPCORN HOLDER,9,01/28/2011 14:39,0.9,12446,France
546374,22960,JAM MAKING SET WITH JARS,7,03/04/2011 09:59,4.05,14040,United Kingdom
558540,23203,JUMBO BAG DOILEY PATTERNS,3,04/03/2011 07:03,2.18,,United Kingdom
536931,71053,WHITE METAL LANTERN,1,04/14/2011 08:31,3.6,13534,Portugal
568959,23084,RABBIT NIGHT LIGHT,1,01/06/2011 19:52,2.07,15617,France
546103,71053,WHITE METAL LANTERN,6,04/23/2011 13:32,3.69,13770,Spain
539488,20725,LUNCH BAG RED RETROSPOT,8,10/24/2011 13:52,1.51,12614,France
542995,22383,LUNCH BAG SUKI DESIGN,3,10/19/2011 08:22,1.73,12380,United Kingdom
566942,22960,JAM MAKING SET WITH JARS,7,06/20/2011 14:58,4.29,13006,United Kingdom
565564,22178,VICTORIAN GLASS HANGING T-LIGHT,3,03/04/2011 18:30,1.37,13201,France
546067,23203,JUMBO BAG DOILEY PATTERNS,9,12/07/2010 14:21,1.88,13794,Portugal
579927,84406B,CREAM CUPID HEARTS COAT HANGER,5,12/06/2010 15:44,2.77,13585,Germany
C546641,22423,REGENCY CAKESTAND 3 TIER,-7,02/10/2011 11:27,13.48,14875,Ireland
573602,85123A,WHITE HANGING HEART T-LIGHT HOLDER,16,03/22/2011 14:00,2.62,13344,Germany
544791,20725,LUNCH BAG RED RETROSPOT,1,10/12/2011 16:20,1.59,13303,United Kingdom
577687,22086,PAPER CHAIN KIT 50'S CHRISTMAS,4,04/18/2011 12:51,2.81,13629,United Kingdom
581119,22383,LUNCH BAG SUKI DESIGN,13,11/16/2011 09:15,1.51,12549,United Kingdom
555815,84029G,KNITTED UNION FLAG HOT WATER BOTTLE,9,08/11/2011 16:22,3.94,12936,United Kingdom
586191,22383,LUNCH BAG SUKI DESIGN,11,02/20/2011 18:36,1.71,12906,United Kingdom
577499,22633,HAND WARMER UNION JACK,11,10/22/2011 10:38,2.09,13364,United Kingdom
574166,23084,RABBIT NIGHT LIGHT,12,05/27/2011 10:33,2.32,12736,France
572752,23084,RABBIT NIGHT LIGHT,7,04/07/2011 10:13,2.2,12563,United Kingdom
568845,22633,HAND WARMER UNION JACK,14,05/13/2011 10:23,2.09,12442,United Kingdom
580553,20725,LUNCH BAG RED RETROSPOT,3,10/09/2011 11:18,1.82,13253,Belgium
553847,22960,JAM MAKING SET WITH JARS,20,07/14/2011 08:49,4.59,13338,Ireland
587332,71053,WHITE METAL LANTERN,4,04/30/2011 18:26,3.31,16307,France
546008,23298,SPOTTY BUNTING,2,11/06/2011 11:31,5.41,13981,United Kingdom
539818,21931,JUMBO STORAGE BAG SUKI,3,10/30/2011 08:01,2.09,12434,Ireland
563588,84879,ASSORTED COLOUR BIRD ORNAMENT,12,07/10/2011 19:51,1.62,12581,United Kingdom
558609,21212,PACK OF 72 RETROSPOT CAKE CASES,6,03/22/2011 09:32,0.39,13833,Germany
558038,21755,LOVE BUILDING BLOCK WORD,5,11/12/2011 17:58,5.82,12885,United Kingdom
582014,21754,HOME BUILDING BLOCK WORD,6,07/17/2011 07:50,5.82,15228,United Kingdom
550052,21071,VINTAGE BILLBOARD DRINK ME MUG,7,06/25/2011 17:12,1.16,,United Kingdom
C567899,22960,JAM MAKING SET WITH JARS,-2,05/09/2011 16:50,4.16,12805,United Kingdom
581301,22086,PAPER CHAIN KIT 50'S CHRISTMAS,3,02/04/2011 17:48,2.76,,United Kingdom
577996,22383,LUNCH BAG SUKI DESIGN,2,07/01/2011 07:28,1.78,12571,United Kingdom
551222,84029G,KNITTED UNION FLAG HOT WATER BOTTLE,7,11/02/2011 10:56,4.24,14732,Portugal
545225,85123A,WHITE HANGING HEART T-LIGHT HOLDER,3,03/06/2011 15:20,2.43,14272,Spain
557299,84029E,RED WOOLLY HOTTIE WHITE HEART,9,04/13/2011 08:37,3.63,13762,United Kingdom
561119,23298,SPOTTY BUNTING,10,02/18/2011 19:29,5.58,13514,France
556372,20727,LUNCH BAG BLACK SKULL.,6,01/27/2011 15:17,1.61,13267,United Kingdom
570812,23084,RABBIT NIGHT LIGHT,10,01/31/2011 19:11,1.97,15312,United Kingdom
564771,22423,REGENCY CAKESTAND 3 TIER,2,06/25/2011 08:39,14.58,14727,United Kingdom
561207,20727,LUNCH BAG BLACK SKULL.,13,05/14/2011 19:59,1.83,13546,United Kingdom
574362,22086,PAPER CHAIN KIT 50'S CHRISTMAS,1,08/09/2011 17:20,2.79,12519,United Kingdom
548304,22960,JAM MAKING SET WITH JARS,5,10/28/2011 18:28,4.07,12575,United Kingdom
550332,21931,JUMBO STORAGE BAG SUKI,5,09/12/2011 15:07,2.06,12594,United Kingdom
583870,85099B,JUMBO BAG RED RETROSPOT,8,04/12/2011 09:41,1.92,13421,Germany
559781,21931,JUMBO STORAGE BAG SUKI,2,06/22/2011 19:20,2.22,13359,Netherlands
579981,22752,SET 7 BABUSHKA NESTING BOXES,13,04/11/2011 08:41,8.78,13841,United Kingdom
549306,21071,VINTAGE BILLBOARD DRINK ME MUG,8,07/20/2011 16:07,0.99,12786,Germany
545418,22197,SMALL POPCORN HOLDER,11,05/17/2011 07:36,0.79,12389,United Kingdom
574610,85123A,WHITE HANGING HEART T-LIGHT HOLDER,4,11/26/2011 08:01,2.34,12957,United Kingdom
545404,23084,RABBIT NIGHT LIGHT,13,06/15/2011 14:00,1.98,12389,United Kingdom
538839,22752,SET 7 BABUSHKA NESTING BOXES,6,10/11/2011 14:35,8.58,14293,United Kingdom
555133,21212,PACK OF 72 RETROSPOT CAKE CASES,1,03/05/2011 09:36,0.43,12403,Netherlands
579587,84406B,CREAM CUPID HEARTS COAT HANGER,4,09/16/2011 18:05,3.13,13320,United Kingdom
564930,21929,JUMBO BAG PINK VINTAGE PAISLEY,5,07/14/2011 15:38,2.11,15130,Belgium
570936,21071,VINTAGE BILLBOARD DRINK ME MUG,11,07/10/2011 18:35,0.96,12490,United Kingdom
561456,23084,RABBIT NIGHT LIGHT,9,10/12/2011 10:32,2.21,12910,United Kingdom
547801,23084,RABBIT NIGHT LIGHT,3,07/26/2011 09:36,1.89,13047,United Kingdom
538383,23298,SPOTTY BUNTING,4,07/29/2011 12:19,5.5,13130,United Kingdom
572168,85099B,JUMBO BAG RED RETROSPOT,1,12/28/2010 18:42,1.96,13573,United Kingdom
548075,22632,HAND WARMER RED POLKA DOT,14,03/25/2011 17:46,2.05,12892,United Kingdom
553045,21754,HOME BUILDING BLOCK WORD,2,01/07/2011 09:38,6.59,15828,United Kingdom
572886,22960,JAM MAKING SET WITH JARS,1,09/10/2011 12:31,4.32,12603,United Kingdom
536470,21929,JUMBO BAG PINK VINTAGE PAISLEY,8,09/18/2011 19:36,1.88,12590,United Kingdom
555911,22423,REGENCY CAKESTAND 3 TIER,6,02/20/2011 16:46,14.57,14296,United Kingdom
577271,22632,HAND WARMER RED POLKA DOT,11,10/01/2011 09:52,1.67,12925,Germany
577495,84406B,CREAM CUPID HEARTS COAT HANGER,7,12/02/2011 08:34,3.1,13364,United Kingdom
540895,22961,JAM MAKING SET PRINTED,5,05/29/2011 14:09,1.57,15407,United Kingdom
551002,21755,LOVE BUILDING BLOCK WORD,15,03/17/2011 12:33,5.38,12911,United Kingdom
540309,20727,LUNCH BAG BLACK SKULL.,6,10/18/2011 17:05,1.71,12990,United Kingdom
547045,20727,LUNCH BAG BLACK SKULL.,9,04/24/2011 09:00,1.7,13198,United Kingdom
577056,21754,HOME BUILDING BLOCK WORD,9,10/01/2011 18:32,6.03,12491,Spain
551400,22632,HAND WARMER RED POLKA DOT,1,05/06/2011 14:08,1.68,15712,United Kingdom
541454,21755,LOVE BUILDING BLOCK WORD,6,11/13/2011 11:33,5.61,13134,United Kingdom
559155,22632,HAND WARMER RED POLKA DOT,7,08/26/2011 11:39,2.08,12676,United Kingdom
542218,22632,HAND WARMER RED POLKA DOT,14,05/12/2011 13:43,1.91,12404,United Kingdom
556797,85099B,JUMBO BAG RED RETROSPOT,7,05/12/2011 17:05,1.93,12751,United Kingdom
586313,23298,SPOTTY BUNTING,3,08/20/2011 09:32,5.41,12745,United Kingdom
547894,22752,SET 7 BABUSHKA NESTING BOXES,1,09/14/2011 15:32,8.04,12839,Netherlands
568589,22086,PAPER CHAIN KIT 50'S CHRISTMAS,4,06/25/2011 13:03,2.91,15492,United Kingdom
545745,22752,SET 7 BABUSHKA NESTING BOXES,5,04/16/2011 16:37,7.39,12920,United Kingdom
573522,22086,PAPER CHAIN KIT 50'S CHRISTMAS,4,09/22/2011 07:55,2.99,12601,United Kingdom
562324,22197,SMALL POPCORN HOLDER,9,04/28/2011 09:17,0.83,12917,United Kingdom
546736,20725,LUNCH BAG RED RETROSPOT,13,12/07/2010 13:04,1.89,13425,United Kingdom
538547,71053,WHITE METAL LANTERN,3,04/08/2011 10:20,3.47,13506,United Kingdom
565375,23203,JUMBO BAG DOILEY PATTERNS,9,09/28/2011 16:20,1.88,12762,United Kingdom
565584,21730,GLASS STAR FROSTED T-LIGHT HOLDER,14,04/13/2011 12:33,4.03,13201,France
550734,20725,LUNCH BAG RED RETROSPOT,5,11/24/2011 08:35,1.71,12596,United Kingdom
539270,23084,RABBIT NIGHT LIGHT,9,09/11/2011 18:48,2.25,12733,Spain
571920,21212,PACK OF 72 RETROSPOT CAKE CASES,12,09/09/2011 11:41,0.38,13233,Belgium
584405,71053,WHITE METAL LANTERN,15,03/18/2011 19:08,3.46,12465,United Kingdom
563789,20727,LUNCH BAG BLACK SKULL.,8,04/08/2011 14:09,1.72,13125,United Kingdom
576102,84029G,KNITTED UNION FLAG HOT WATER BOTTLE,7,07/25/2011 11:22,3.66,13292,United Kingdom
551640,71053,WHITE METAL LANTERN,3,04/01/2011 17:21,3.77,14533,Germany
578118,22197,SMALL POPCORN HOLDER,11,11/18/2011 09:49,0.9,12708,United Kingdom
578715,21071,VINTAGE BILLBOARD DRINK ME MUG,2,06/21/2011 11:07,1.02,12674,Netherlands
547460,22178,VICTORIAN GLASS HANGING T-LIGHT,9,06/20/2011 13:43,1.42,12444,United Kingdom
570160,71053,WHITE METAL LANTERN,12,06/10/2011 17:02,3.21,13001,Ireland
566861,23084,RABBIT NIGHT LIGHT,12,06/18/2011 17:52,2.07,12913,United Kingdom
562850,22423,REGENCY CAKESTAND 3 TIER,13,05/16/2011 13:15,12.24,12595,Spain
578126,84029E,RED WOOLLY HOTTIE WHITE HEART,9,02/14/2011 11:23,3.54,12708,United Kingdom
547008,23203,JUMBO BAG DOILEY PATTERNS,4,02/20/2011 08:18,2.16,13929,Germany
539832,20725,LUNCH BAG RED RETROSPOT,9,03/01/2011 11:08,1.49,12434,Ireland
547994,22197,SMALL POPCORN HOLDER,3,01/04/2011 15:49,0.86,13562,United Kingdom
568329,21754,HOME BUILDING BLOCK WORD,10,09/28/2011 16:06,6.17,12471,Ireland
564218,22197,SMALL POPCORN HOLDER,3,03/23/2011 15:04,0.94,12621,United Kingdom
585874,21755,LOVE BUILDING BLOCK WORD,8,11/11/2011 12:04,6.7,13061,United Kingdom
560142,21071,VINTAGE BILLBOARD DRINK ME MUG,9,10/03/2011 14:48,1.21,13313,United Kingdom
583531,84029E,RED WOOLLY HOTTIE WHITE HEART,1,03/01/2011 16:24,4.04,12709,United Kingdom
577281,84029E,RED WOOLLY HOTTIE WHITE HEART,3,02/18/2011 17:41,4.26,15744,United Kingdom
556923,22632,HAND WARMER RED POLKA DOT,3,10/17/2011 13:08,1.98,14023,Germany
576254,22632,HAND WARMER RED POLKA DOT,1,08/23/2011 18:42,1.82,14175,United Kingdom
546371,23203,JUMBO BAG DOILEY PATTERNS,6,12/30/2010 14:48,2.03,14040,United Kingdom
575847,21212,PACK OF 72 RETROSPOT CAKE CASES,1,11/27/2011 17:31,0.38,14107,Ireland
545639,22423,REGENCY CAKESTAND 3 TIER,7,02/05/2011 07:00,11.76,12362,United Kingdom
549016,84879,ASSORTED COLOUR BIRD ORNAMENT,1,12/03/2011 14:28,1.8,14569,Netherlands
560396,22178,VICTORIAN GLASS HANGING T-LIGHT,6,04/19/2011 17:14,1.13,13490,Ireland
544731,22383,LUNCH BAG SUKI DESIGN,3,03/12/2011 12:57,1.86,14204,United Kingdom
542991,23203,JUMBO BAG DOILEY PATTERNS,1,05/03/2011 17:14,2.11,12380,United Kingdom
572118,84029E,RED WOOLLY HOTTIE WHITE HEART,6,02/15/2011 10:17,3.94,13222,Spain
582031,21755,LOVE BUILDING BLOCK WORD,16,03/23/2011 18:05,6.04,13465,United Kingdom
564546,84029G,KNITTED UNION FLAG HOT WATER BOTTLE,6,04/17/2011 08:18,3.87,14552,United Kingdom
561420,84406B,CREAM CUPID HEARTS COAT HANGER,1,10/01/2011 15:18,3.02,14313,United Kingdom
548606,20727,LUNCH BAG BLACK SKULL.,5,08/20/2011 10:24,1.67,12486,United Kingdom
561360,21212,PACK OF 72 RETROSPOT CAKE CASES,8,11/10/2011 16:12,0.4,12627,Germany
563536,22383,LUNCH BAG SUKI DESIGN,7,07/30/2011 12:18,1.58,13387,United Kingdom
562202,22960,JAM MAKING SET WITH JARS,13,05/30/2011 18:22,4.69,13853,United Kingdom
556380,21754,HOME BUILDING BLOCK WORD,1,07/07/2011 07:27,6.18,12801,United Kingdom
586976,20727,LUNCH BAG BLACK SKULL.,7,05/26/2011 18:09,1.63,12842,United Kingdom
563598,21730,GLASS STAR FROSTED T-LIGHT HOLDER,1,06/17/2011 08:12,4.56,12744,United Kingdom
570798,22178,VICTORIAN GLASS HANGING T-LIGHT,1,02/06/2011 16:32,1.14,14427,United Kingdom
587386,21730,GLASS STAR FROSTED T-LIGHT HOLDER,7,02/19/2011 14:43,4.84,13737,France
574612,23203,JUMBO BAG DOILEY PATTERNS,5,10/30/2011 08:04,2.17,12957,United Kingdom
539380,84406B,CREAM CUPID HEARTS COAT HANGER,1,05/17/2011 17:49,2.81,12863,United Kingdom
552653,85099B,JUMBO BAG RED RETROSPOT,6,10/06/2011 10:20,2.1,12905,United Kingdom
573105,21730,GLASS STAR FROSTED T-LIGHT HOLDER,1,04/02/2011 17:53,4.5,13031,United Kingdom
571067,22423,REGENCY CAKESTAND 3 TIER,10,10/30/2011 16:11,13.0,12420,United Kingdom
549010,20725,LUNCH BAG RED RETROSPOT,5,03/18/2011 13:50,1.6,13876,United Kingdom
558562,22138,BAKING SET 9 PIECE RETROSPOT,2,02/11/2011 19:14,5.25,14614,United Kingdom
544810,23084,RABBIT NIGHT LIGHT,1,06/14/2011 12:27,2.27,,United Kingdom
586289,85123A,WHITE HANGING HEART T-LIGHT HOLDER,6,11/13/2011 15:29,2.76,12996,United Kingdom
572316,22383,LUNCH BAG SUKI DESIGN,13,03/13/2011 08:53,1.7,13595,United Kingdom
582697,22752,SET 7 BABUSHKA NESTING BOXES,12,04/08/2011 07:33,7.72,12502,United Kingdom
578782,84029E,RED WOOLLY HOTTIE WHITE HEART,11,07/25/2011 07:29,3.89,12606,France
582368,84879,ASSORTED COLOUR BIRD ORNAMENT,10,02/05/2011 17:42,1.84,12903,United Kingdom
566882,23298,SPOTTY BUNTING,14,02/15/2011 13:45,5.0,12913,United Kingdom
575838,21071,VINTAGE BILLBOARD DRINK ME MUG,16,01/23/2011 17:28,0.98,13711,Portugal
572820,21212,PACK OF 72 RETROSPOT CAKE CASES,5,07/29/2011 16:51,0.43,14734,United Kingdom
552188,71053,WHITE METAL LANTERN,1,05/23/2011 14:04,3.22,13259,Netherlands
586078,84406B,CREAM CUPID HEARTS COAT HANGER,16,01/25/2011 10:25,2.79,12408,United Kingdom
557691,21212,PACK OF 72 RETROSPOT CAKE CASES,9,05/07/2011 14:26,0.45,12658,United Kingdom
585182,23203,JUMBO BAG DOILEY PATTERNS,1,05/17/2011 15:51,2.32,13289,United Kingdom
567678,22633,HAND WARMER UNION JACK,3,08/11/2011 15:13,1.85,15351,United Kingdom
C544406,22752,SET 7 BABUSHKA NESTING BOXES,-3,07/17/2011 19:26,8.13,12545,United Kingdom
564037,84029G,KNITTED UNION FLAG HOT WATER BOTTLE,1,01/16/2011 09:12,4.11,12756,United Kingdom
585557,22423,REGENCY CAKESTAND 3 TIER,9,10/07/2011 19:56,13.03,12988,United Kingdom
558308,71053,WHITE METAL LANTERN,8,05/05/2011 12:13,3.87,13033,Germany
537518,84879,ASSORTED COLOUR BIRD ORNAMENT,12,10/16/2011 10:34,1.72,12918,United Kingdom
579750,21931,JUMBO STORAGE BAG SUKI,1,12/26/2010 15:50,1.83,15616,United Kingdom
575204,22632,HAND WARMER RED POLKA DOT,9,01/08/2011 17:09,1.84,15387,United Kingdom
538119,22138,BAKING SET 9 PIECE RETROSPOT,9,01/31/2011 10:43,5.21,13099,United Kingdom
544025,22960,JAM MAKING SET WITH JARS,5,12/06/2010 07:58,4.76,,United Kingdom
555791,20725,LUNCH BAG RED RETROSPOT,13,02/09/2011 15:26,1.49,13719,Germany
579609,22086,PAPER CHAIN KIT 50'S CHRISTMAS,1,09/29/2011 17:32,3.22,14479,United Kingdom
542412,22961,JAM MAKING SET PRINTED,1,09/15/2011 12:50,1.62,13022,United Kingdom
558634,22138,BAKING SET 9 PIECE RETROSPOT,7,03/20/2011 09:35,4.57,13191,Netherlands
582812,84879,ASSORTED COLOUR BIRD ORNAMENT,18,05/27/2011 18:59,1.74,13721,United Kingdom
575959,84029E,RED WOOLLY HOTTIE WHITE HEART,2,03/25/2011 14:30,3.58,14582,Portugal
584050,85099B,JUMBO BAG RED RETROSPOT,15,08/13/2011 19:50,2.11,13887,Germany
539185,22960,JAM MAKING SET WITH JARS,20,05/13/2011 13:42,4.01,12351,United Kingdom
549823,20727,LUNCH BAG BLACK SKULL.,1,07/01/2011 17:14,1.82,14275,United Kingdom
570016,84029E,RED WOOLLY HOTTIE WHITE HEART,15,06/21/2011 16:36,3.82,12660,United Kingdom
579607,23084,RABBIT NIGHT LIGHT,1,11/28/2011 16:11,2.18,14479,United Kingdom
583966,85123A,WHITE HANGING HEART T-LIGHT HOLDER,6,04/09/2011 18:25,2.32,13264,United Kingdom
584321,23203,JUMBO BAG DOILEY PATTERNS,1,10/31/2011 14:17,2.33,14390,Germany
576696,22633,HAND WARMER UNION JACK,18,11/16/2011 11:27,1.86,12405,Ireland
538033,23084,RABBIT NIGHT LIGHT,9,04/04/2011 18:57,2.27,13677,United Kingdom
544718,21755,LOVE BUILDING BLOCK WORD,2,04/27/2011 14:52,6.24,14691,France
572608,21929,JUMBO BAG PINK VINTAGE PAISLEY,17,02/15/2011 17:40,2.33,12625,United Kingdom
540926,20725,LUNCH BAG RED RETROSPOT,11,04/14/2011 14:04,1.66,13193,United Kingdom
575361,22752,SET 7 BABUSHKA NESTING BOXES,1,03/24/2011 19:04,7.03,13143,United Kingdom
C564694,85123A,WHITE HANGING HEART T-LIGHT HOLDER,-1,02/07/2011 19:07,2.84,13631,United Kingdom
586262,84029E,RED WOOLLY HOTTIE WHITE HEART,14,01/23/2011 14:10,3.39,12948,United Kingdom
568097,23084,RABBIT NIGHT LIGHT,8,06/22/2011 12:31,2.35,14022,United Kingdom
572295,84406B,CREAM CUPID HEARTS COAT HANGER,8,04/13/2011 12:15,3.06,12365,United Kingdom
554684,20725,LUNCH BAG RED RETROSPOT,1,02/01/2011 12:39,1.82,13121,United Kingdom
562015,20725,LUNCH BAG RED RETROSPOT,14,06/04/2011 12:23,1.83,13163,United Kingdom
546121,22632,HAND WARMER RED POLKA DOT,14,03/25/2011 11:11,1.85,13689,United Kingdom
540557,84879,ASSORTED COLOUR BIRD ORNAMENT,2,07/23/2011 17:17,1.81,14703,Germany
567611,22197,SMALL POPCORN HOLDER,4,09/01/2011 12:41,0.98,14549,United Kingdom
537908,20725,LUNCH BAG RED RETROSPOT,1,06/14/2011 15:56,1.5,12684,United Kingdom
582204,22961,JAM MAKING SET PRINTED,6,03/23/2011 12:36,1.58,12807,United Kingdom
552782,71053,WHITE METAL LANTERN,14,06/28/2011 07:56,3.53,13662,United Kingdom
552367,71053,WHITE METAL LANTERN,3,08/19/2011 14:11,3.81,14534,United Kingdom
561434,21754,HOME BUILDING BLOCK WORD,9,03/10/2011 08:30,5.59,13416,United Kingdom
550242,23298,SPOTTY BUNTING,5,12/06/2010 11:01,4.9,15042,United Kingdom
536659,84029E,RED WOOLLY HOTTIE WHITE HEART,9,05/30/2011 17:46,3.52,13140,Ireland
565659,22752,SET 7 BABUSHKA NESTING BOXES,12,02/13/2011 08:42,6.94,13538,United Kingdom
546273,22633,HAND WARMER UNION JACK,7,02/19/2011 19:17,1.7,13111,Spain
573775,22423,REGENCY CAKESTAND 3 TIER,8,02/01/2011 15:44,14.27,13542,United Kingdom
574424,71053,WHITE METAL LANTERN,1,05/11/2011 14:02,3.58,15853,United Kingdom
563287,23084,RABBIT NIGHT LIGHT,1,07/25/2011 14:19,2.04,13027,Ireland
558245,22961,JAM MAKING SET PRINTED,9,03/10/2011 11:17,1.54,13327,United Kingdom
539252,22632,HAND WARMER RED POLKA DOT,11,08/03/2011 16:40,1.87,12392,Ireland
586683,21212,PACK OF 72 RETROSPOT CAKE CASES,12,06/21/2011 12:35,0.47,13002,United Kingdom
564566,85123A,WHITE HANGING HEART T-LIGHT HOLDER,16,10/04/2011 08:52,2.68,12565,Ireland
585959,21212,PACK OF 72 RETROSPOT CAKE CASES,1,04/04/2011 17:56,0.45,13685,United Kingdom
571766,84029E,RED WOOLLY HOTTIE WHITE HEART,11,04/16/2011 09:52,3.74,12965,Netherlands
550621,22960,JAM MAKING SET WITH JARS,12,06/23/2011 08:39,4.84,12537,Germany
546922,21212,PACK OF 72 RETROSPOT CAKE CASES,8,06/15/2011 19:01,0.42,14298,Belgium
578940,22633,HAND WARMER UNION JACK,4,03/28/2011 08:27,1.7,,United Kingdom
547969,22632,HAND WARMER RED POLKA DOT,6,05/06/2011 16:38,1.88,14964,United Kingdom
579546,21071,VINTAGE BILLBOARD DRINK ME MUG,2,05/01/2011 07:36,0.96,13740,Germany
584676,21929,JUMBO BAG PINK VINTAGE PAISLEY,1,03/23/2011 14:45,2.38,12593,Spain
544318,84029E,RED WOOLLY HOTTIE WHITE HEART,5,06/08/2011 14:35,3.42,13288,United Kingdom
543563,21931,JUMBO STORAGE BAG SUKI,6,02/26/2011 14:58,1.96,12980,United Kingdom
543009,22086,PAPER CHAIN KIT 50'S CHRISTMAS,4,11/21/2011 12:56,3.37,12696,United Kingdom
556907,21755,LOVE BUILDING BLOCK WORD,1,02/26/2011 13:34,6.63,14505,United Kingdom
571773,21929,JUMBO BAG PINK VINTAGE PAISLEY,3,01/01/2011 19:11,2.1,13709,Ireland
582928,21071,VINTAGE BILLBOARD DRINK ME MUG,5,04/10/2011 09:47,1.19,,United Kingdom
571451,20725,LUNCH BAG RED RETROSPOT,16,06/27/2011 16:41,1.7,13374,United Kingdom
540926,84029E,RED WOOLLY HOTTIE WHITE HEART,8,04/14/2011 14:04,3.83,13193,United Kingdom
559080,22178,VICTORIAN GLASS HANGING T-LIGHT,10,06/01/2011 12:42,1.39,12586,United Kingdom
571345,22086,PAPER CHAIN KIT 50'S CHRISTMAS,5,05/29/2011 12:50,2.87,13384,Ireland
545593,22960,JAM MAKING SET WITH JARS,15,03/19/2011 16:48,4.47,13418,United Kingdom
575231,21929,JUMBO BAG PINK VINTAGE PAISLEY,8,10/21/2011 07:48,2.14,13360,Belgium
548357,22383,LUNCH BAG SUKI DESIGN,1,04/26/2011 14:59,1.49,13275,United Kingdom
566010,21212,PACK OF 72 RETROSPOT CAKE CASES,2,01/18/2011 07:44,0.38,15074,United Kingdom
568290,23084,RABBIT NIGHT LIGHT,4,07/11/2011 07:56,2.14,13260,United Kingdom
573371,71053,WHITE METAL LANTERN,6,01/30/2011 19:46,3.76,13062,United Kingdom
537284,20727,LUNCH BAG BLACK SKULL.,12,02/20/2011 13:53,1.59,13553,United Kingdom
563332,21755,LOVE BUILDING BLOCK WORD,13,03/02/2011 12:01,6.63,13864,United Kingdom
580425,22086,PAPER CHAIN KIT 50'S CHRISTMAS,8,05/24/2011 09:43,3.12,13039,United Kingdom
566516,23203,JUMBO BAG DOILEY PATTERNS,12,08/17/2011 09:04,1.87,12773,United Kingdom
557156,84879,ASSORTED COLOUR BIRD ORNAMENT,6,11/12/2011 14:22,1.79,,United Kingdom
563286,22961,JAM MAKING SET PRINTED,13,06/12/2011 10:34,1.43,13027,Ireland
545220,22383,LUNCH BAG SUKI DESIGN,2,11/18/2011 08:31,1.5,14272,Spain
585862,22423,REGENCY CAKESTAND 3 TIER,1,03/28/2011 07:19,846.39,12582,United Kingdom
562630,22197,SMALL POPCORN HOLDER,16,03/06/2011 19:30,0.92,13642,United Kingdom
565121,22423,REGENCY CAKESTAND 3 TIER,6,04/13/2011 16:40,12.12,12435,United Kingdom
555108,23203,JUMBO BAG DOILEY PATTERNS,3,03/01/2011 07:29,2.38,12869,United Kingdom
583445,21212,PACK OF 72 RETROSPOT CAKE CASES,20,08/23/2011 19:52,0.39,13369,United Kingdom
543488,21755,LOVE BUILDING BLOCK WORD,3,06/22/2011 08:48,6.01,13518,United Kingdom
548200,22178,VICTORIAN GLASS HANGING T-LIGHT,4,05/02/2011 07:32,1.3,,United Kingdom
568645,22423,REGENCY CAKESTAND 3 TIER,2,02/15/2011 19:19,12.62,12589,United Kingdom
538754,22632,HAND WARMER RED POLKA DOT,6,09/12/2011 10:48,1.99,,Portugal
562772,22197,SMALL POPCORN HOLDER,3,02/22/2011 13:34,0.8,14165,Spain
572559,22632,HAND WARMER RED POLKA DOT,9,07/26/2011 13:33,1.81,13379,France
549265,21754,HOME BUILDING BLOCK WORD,3,07/28/2011 15:16,6.73,12916,Netherlands
562311,22138,BAKING SET 9 PIECE RETROSPOT,8,05/09/2011 07:38,5.07,12917,United Kingdom
540966,20727,LUNCH BAG BLACK SKULL.,8,05/19/2011 15:47,1.65,13793,United Kingdom
542931,22632,HAND WARMER RED POLKA DOT,2,09/28/2011 10:46,2.0,14678,United Kingdom
556923,22633,HAND WARMER UNION JACK,4,10/17/2011 13:08,1.87,14023,Germany
536796,21755,LOVE BUILDING BLOCK WORD,9,11/22/2011 10:33,5.47,12446,France
585943,85123A,WHITE HANGING HEART T-LIGHT HOLDER,15,02/06/2011 07:58,2.78,12457,Ireland
549971,22086,PAPER CHAIN KIT 50'S CHRISTMAS,5,05/17/2011 19:10,2.77,13271,United Kingdom
578152,84879,ASSORTED COLOUR BIRD ORNAMENT,7,04/22/2011 08:29,1.84,12763,France
572977,84029G,KNITTED UNION FLAG HOT WATER BOTTLE,6,11/25/2011 15:39,3.42,14311,United Kingdom
570284,21754,HOME BUILDING BLOCK WORD,1,06/01/2011 09:13,6.49,12791,France
546483,22086,PAPER CHAIN KIT 50'S CHRISTMAS,11,08/09/2011 19:52,2.95,12562,United Kingdom
560208,22383,LUNCH BAG SUKI DESIGN,9,02/06/2011 09:24,1.51,12874,United Kingdom
555306,22961,JAM MAKING SET PRINTED,1,05/15/2011 12:28,1.56,13299,United Kingdom
571596,22960,JAM MAKING SET WITH JARS,1,10/21/2011 07:29,4.64,,France
557459,22633,HAND WARMER UNION JACK,3,10/31/2011 12:02,1.69,14137,United Kingdom
551719,21212,PACK OF 72 RETROSPOT CAKE CASES,1,08/07/2011 11:50,0.46,13217,United Kingdom
536463,71053,WHITE METAL LANTERN,13,08/03/2011 13:34,3.43,12590,United Kingdom
537984,21754,HOME BUILDING BLOCK WORD,12,03/25/2011 08:28,6.8,13754,United Kingdom
563686,85099B,JUMBO BAG RED RETROSPOT,3,09/19/2011 17:32,1.92,13086,Germany
545290,84406B,CREAM CUPID HEARTS COAT HANGER,10,03/08/2011 14:44,2.67,16503,Ireland
559709,22961,JAM MAKING SET PRINTED,1,01/10/2011 17:33,1.53,13657,United Kingdom
566033,22960,JAM MAKING SET WITH JARS,5,08/14/2011 10:22,4.3,15041,United Kingdom
577515,23203,JUMBO BAG DOILEY PATTERNS,14,04/05/2011 12:00,2.06,13603,United Kingdom
581197,23298,SPOTTY BUNTING,1,08/08/2011 09:02,5.34,12702,France
551693,84879,ASSORTED COLOUR BIRD ORNAMENT,3,05/09/2011 18:52,1.69,13034,United Kingdom
561072,21931,JUMBO STORAGE BAG SUKI,11,03/26/2011 13:42,1.91,12655,United Kingdom
568667,20725,LUNCH BAG RED RETROSPOT,3,11/12/2011 11:02,1.55,12915,United Kingdom
580539,21212,PACK OF 72 RETROSPOT CAKE CASES,5,10/01/2011 15:22,0.39,13253,Belgium
570541,20727,LUNCH BAG BLACK SKULL.,14,02/15/2011 13:21,1.8,12599,United Kingdom
546534,22383,LUNCH BAG SUKI DESIGN,2,03/09/2011 14:56,1.8,13499,Netherlands
566386,22632,HAND WARMER RED POLKA DOT,11,08/21/2011 15:55,1.77,12623,United Kingdom
549816,21755,LOVE BUILDING BLOCK WORD,4,11/02/2011 18:41,6.83,14275,United Kingdom
560474,21071,VINTAGE BILLBOARD DRINK ME MUG,14,03/21/2011 10:52,1.12,,United Kingdom
583389,22178,VICTORIAN GLASS HANGING T-LIGHT,12,12/07/2010 14:37,1.14,13656,Portugal
574058,71053,WHITE METAL LANTERN,1,08/20/2011 09:38,3.46,13210,United Kingdom
536875,20727,LUNCH BAG BLACK SKULL.,2,03/21/2011 14:26,1.64,13332,United Kingdom
578065,21929,JUMBO BAG PINK VINTAGE PAISLEY,1,08/29/2011 08:17,2.34,12572,United Kingdom
540845,22633,HAND WARMER UNION JACK,1,05/18/2011 16:26,1.76,12930,United Kingdom
568660,22961,JAM MAKING SET PRINTED,15,10/31/2011 10:29,1.45,12915,United Kingdom
571635,22086,PAPER CHAIN KIT 50'S CHRISTMAS,6,09/20/2011 09:10,2.99,14393,United Kingdom
580304,20727,LUNCH BAG BLACK SKULL.,9,11/24/2011 10:25,1.61,12971,United Kingdom
575405,84029E,RED WOOLLY HOTTIE WHITE HEART,1,07/09/2011 14:58,3.6,12352,United Kingdom
570317,21931,JUMBO STORAGE BAG SUKI,10,03/26/2011 10:33,1.88,13661,United Kingdom
574980,22086,PAPER CHAIN KIT 50'S CHRISTMAS,3,03/16/2011 07:19,3.19,14236,United Kingdom
541793,22961,JAM MAKING SET PRINTED,4,11/24/2011 07:05,1.45,14084,United Kingdom
582553,84879,ASSORTED COLOUR BIRD ORNAMENT,7,07/13/2011 07:10,1.77,12428,United Kingdom
566248,85123A,WHITE HANGING HEART T-LIGHT HOLDER,4,02/26/2011 16:34,2.66,14386,United Kingdom
577672,21730,GLASS STAR FROSTED T-LIGHT HOLDER,23,02/08/2011 09:54,3.94,13629,United Kingdom
552417,22178,VICTORIAN GLASS HANGING T-LIGHT,1,12/28/2010 07:46,1.42,13459,Spain
557305,22752,SET 7 BABUSHKA NESTING BOXES,12,04/02/2011 14:35,7.94,13762,United Kingdom
582883,84029E,RED WOOLLY HOTTIE WHITE HEART,1,02/19/2011 08:27,4.18,14249,Belgium
556878,21755,LOVE BUILDING BLOCK WORD,7,09/18/2011 16:23,6.65,16395,United Kingdom
564948,20725,LUNCH BAG RED RETROSPOT,13,04/11/2011 09:22,1.74,12734,United Kingdom
585697,84406B,CREAM CUPID HEARTS COAT HANGER,3,07/28/2011 15:59,2.99,12452,United Kingdom
537689,20725,LUNCH BAG RED RETROSPOT,8,12/19/2010 12:59,1.58,13862,France
561443,84406B,CREAM CUPID HEARTS COAT HANGER,1,04/13/2011 15:48,3.1,13416,United Kingdom
537980,84406B,CREAM CUPID HEARTS COAT HANGER,8,01/13/2011 16:09,2.54,13754,United Kingdom
539377,22383,LUNCH BAG SUKI DESIGN,2,07/07/2011 07:57,1.58,12863,United Kingdom
554684,21931,JUMBO STORAGE BAG SUKI,8,02/01/2011 12:39,2.06,13121,United Kingdom
578924,22383,LUNCH BAG SUKI DESIGN,9,02/19/2011 19:20,1.54,13398,United Kingdom
544819,21071,VINTAGE BILLBOARD DRINK ME MUG,1,11/09/2011 15:55,1.2,12811,United Kingdom
571529,23298,SPOTTY BUNTING,1,07/22/2011 10:47,5.66,13065,United Kingdom
539906,21755,LOVE BUILDING BLOCK WORD,12,10/28/2011 09:29,6.68,12898,United Kingdom
537614,21755,LOVE BUILDING BLOCK WORD,9,01/31/2011 12:06,6.64,12808,United Kingdom
538438,84406B,CREAM CUPID HEARTS COAT HANGER,6,03/13/2011 19:46,2.93,14105,United Kingdom
551200,21929,JUMBO BAG PINK VINTAGE PAISLEY,6,04/13/2011 12:58,2.28,13063,United Kingdom
542097,22632,HAND WARMER RED POLKA DOT,1,10/20/2011 08:34,2.12,13192,United Kingdom
573618,21212,PACK OF 72 RETROSPOT CAKE CASES,6,04/24/2011 14:26,0.46,13305,Belgium
C536975,23203,JUMBO BAG DOILEY PATTERNS,-2,02/12/2011 12:41,2.15,14838,France
564917,21931,JUMBO STORAGE BAG SUKI,18,03/31/2011 10:12,2.04,13014,United Kingdom
555507,84879,ASSORTED COLOUR BIRD ORNAMENT,3,11/07/2011 07:56,1.77,14458,Germany
568677,21754,HOME BUILDING BLOCK WORD,8,03/18/2011 13:51,5.94,12915,United Kingdom
564346,22197,SMALL POPCORN HOLDER,4,05/14/2011 12:41,0.81,13203,United Kingdom
564298,22632,HAND WARMER RED POLKA DOT,1,09/11/2011 07:58,1.69,12666,United Kingdom
563228,22197,SMALL POPCORN HOLDER,11,06/14/2011 07:04,0.94,12470,Germany
586340,21212,PACK OF 72 RETROSPOT CAKE CASES,1,01/11/2011 17:44,0.45,13403,United Kingdom
550323,20727,LUNCH BAG BLACK SKULL.,12,10/28/2011 16:35,1.62,13236,United Kingdom
575146,21929,JUMBO BAG PINK VINTAGE PAISLEY,10,08/30/2011 17:14,2.08,12796,United Kingdom
C568985,20727,LUNCH BAG BLACK SKULL.,-1,12/23/2010 12:07,1.86,15353,United Kingdom
560629,23084,RABBIT NIGHT LIGHT,6,01/16/2011 13:26,2.23,13397,United Kingdom
560485,84406B,CREAM CUPID HEARTS COAT HANGER,1,12/26/2010 14:33,2.65,13739,United Kingdom
572629,22086,PAPER CHAIN KIT 50'S CHRISTMAS,1,09/17/2011 18:34,2.85,12821,United Kingdom
558038,23298,SPOTTY BUNTING,4,11/12/2011 17:58,4.49,12885,United Kingdom
557973,21931,JUMBO STORAGE BAG SUKI,6,02/21/2011 09:33,2.23,12635,United Kingdom
576947,23298,SPOTTY BUNTING,1,03/09/2011 17:09,5.55,13204,United Kingdom
560550,22197,SMALL POPCORN HOLDER,13,07/26/2011 16:15,0.85,13370,United Kingdom
543709,21212,PACK OF 72 RETROSPOT CAKE CASES,2,05/25/2011 08:08,0.48,14053,United Kingdom
552121,21212,PACK OF 72 RETROSPOT CAKE CASES,1,10/27/2011 18:13,0.43,14612,United Kingdom
565490,84406B,CREAM CUPID HEARTS COAT HANGER,8,04/13/2011 07:00,2.54,13195,United Kingdom
558143,85123A,WHITE HANGING HEART T-LIGHT HOLDER,6,03/03/2011 15:32,2.68,12679,United Kingdom
575353,84879,ASSORTED COLOUR BIRD ORNAMENT,8,01/20/2011 16:46,1.92,13143,United Kingdom
539682,22423,REGENCY CAKESTAND 3 TIER,5,02/21/2011 13:45,14.23,14173,Ireland
550906,22197,SMALL POPCORN HOLDER,14,10/18/2011 15:14,0.79,13119,United Kingdom
571987,22138,BAKING SET 9 PIECE RETROSPOT,2,06/24/2011 11:55,5.47,13722,United Kingdom
584946,84029E,RED WOOLLY HOTTIE WHITE HEART,1,10/03/2011 09:29,4.1,12384,United Kingdom
C571822,71053,WHITE METAL LANTERN,-8,03/14/2011 11:52,3.32,,France
571363,22632,HAND WARMER RED POLKA DOT,17,04/17/2011 18:12,1.77,12900,United Kingdom
569065,22632,HAND WARMER RED POLKA DOT,1,09/25/2011 16:15,1.96,12858,United Kingdom
565840,22960,JAM MAKING SET WITH JARS,3,06/08/2011 14:02,4.78,14435,United Kingdom
576137,22633,HAND WARMER UNION JACK,6,02/10/2011 08:32,2.02,16349,United Kingdom
551753,21929,JUMBO BAG PINK VINTAGE PAISLEY,14,05/03/2011 17:59,2.08,13067,United Kingdom
579939,84879,ASSORTED COLOUR BIRD ORNAMENT,4,04/15/2011 10:11,1.84,14482,United Kingdom
567912,71053,WHITE METAL LANTERN,10,09/23/2011 15:47,3.89,12805,United Kingdom
560991,22197,SMALL POPCORN HOLDER,19,02/25/2011 18:01,0.85,13805,Germany
546000,85099B,JUMBO BAG RED RETROSPOT,1,11/19/2011 19:56,2.03,14316,France
543834,21071,VINTAGE BILLBOARD DRINK ME MUG,1,05/21/2011 13:27,1.05,12466,United Kingdom
585743,21730,GLASS STAR FROSTED T-LIGHT HOLDER,6,12/26/2010 08:41,4.22,13399,Germany
542444,21730,GLASS STAR FROSTED T-LIGHT HOLDER,2,05/16/2011 12:00,4.14,14325,France
557065,21931,JUMBO STORAGE BAG SUKI,10,06/06/2011 14:30,2.1,13813,United Kingdom
582290,85099B,JUMBO BAG RED RETROSPOT,1,06/12/2011 09:58,2.38,13080,United Kingdom
574388,22960,JAM MAKING SET WITH JARS,3,03/15/2011 16:15,4.2,14675,United Kingdom
C584471,71053,WHITE METAL LANTERN,-13,04/29/2011 13:42,3.15,13073,Germany
558561,85099B,JUMBO BAG RED RETROSPOT,3,11/12/2011 11:36,2.08,14614,United Kingdom
540054,85123A,WHITE HANGING HEART T-LIGHT HOLDER,9,03/01/2011 11:36,2.52,15943,Belgium
543953,84029E,RED WOOLLY HOTTIE WHITE HEART,4,05/02/2011 18:16,3.65,13009,United Kingdom
583867,22960,JAM MAKING SET WITH JARS,1,01/01/2011 09:54,4.15,13421,Germany
554165,23298,SPOTTY BUNTING,11,05/14/2011 15:04,4.64,14005,Germany
579614,84029G,KNITTED UNION FLAG HOT WATER BOTTLE,6,04/21/2011 09:05,4.18,14479,United Kingdom
574360,22632,HAND WARMER RED POLKA DOT,9,09/16/2011 18:35,1.69,12519,United Kingdom
574558,22383,LUNCH BAG SUKI DESIGN,15,07/13/2011 09:03,1.5,12783,United Kingdom
566346,85123A,WHITE HANGING HEART T-LIGHT HOLDER,7,04/19/2011 14:48,2.64,12567,United Kingdom
564362,21931,JUMBO STORAGE BAG SUKI,5,11/23/2011 07:33,2.15,12722,United Kingdom
585425,84879,ASSORTED COLOUR BIRD ORNAMENT,1,04/17/2011 14:39,1.85,14515,United Kingdom
547152,22197,SMALL POPCORN HOLDER,5,06/23/2011 07:05,0.79,13059,Spain
542616,22633,HAND WARMER UNION JACK,6,12/31/2010 07:15,2.11,13776,Portugal
576111,22178,VICTORIAN GLASS HANGING T-LIGHT,9,11/05/2011 08:17,1.25,13225,United Kingdom
545595,71053,WHITE METAL LANTERN,9,07/17/2011 16:28,3.71,13418,United Kingdom
585016,85099B,JUMBO BAG RED RETROSPOT,1,08/18/2011 15:23,2.38,12887,United Kingdom
553549,84029E,RED WOOLLY HOTTIE WHITE HEART,1,11/13/2011 08:39,4.23,14183,France
555976,22752,SET 7 BABUSHKA NESTING BOXES,4,04/25/2011 10:16,7.29,13411,United Kingdom
578992,21931,JUMBO STORAGE BAG SUKI,13,09/29/2011 18:27,2.2,12518,United Kingdom
585650,23203,JUMBO BAG DOILEY PATTERNS,1,02/02/2011 11:23,2.37,13630,United Kingdom
576893,22138,BAKING SET 9 PIECE RETROSPOT,4,06/01/2011 15:23,4.63,13182,United Kingdom
566027,21212,PACK OF 72 RETROSPOT CAKE CASES,2,01/21/2011 07:11,0.48,13424,United Kingdom
585797,21730,GLASS STAR FROSTED T-LIGHT HOLDER,10,03/05/2011 08:56,4.16,13717,Ireland
564074,22423,REGENCY CAKESTAND 3 TIER,1,10/13/2011 11:40,14.29,14190,United Kingdom
587330,23298,SPOTTY BUNTING,3,03/09/2011 09:33,5.39,15081,United Kingdom
574497,84879,ASSORTED COLOUR BIRD ORNAMENT,1,10/31/2011 13:11,1.9,12973,United Kingdom
586720,21730,GLASS STAR FROSTED T-LIGHT HOLDER,1,03/26/2011 15:21,4.59,13905,United Kingdom
538210,22961,JAM MAKING SET PRINTED,1,02/14/2011 13:15,1.55,15376,United Kingdom
554805,85099B,JUMBO BAG RED RETROSPOT,4,05/27/2011 15:42,2.27,12997,United Kingdom
570875,85099B,JUMBO BAG RED RETROSPOT,16,11/12/2011 11:01,2.26,12375,Ireland
580073,22423,REGENCY CAKESTAND 3 TIER,9,06/15/2011 17:44,12.06,13377,United Kingdom
576160,21730,GLASS STAR FROSTED T-LIGHT HOLDER,1,07/14/2011 16:33,3.96,14643,United Kingdom
571476,22178,VICTORIAN GLASS HANGING T-LIGHT,6,07/25/2011 12:50,1.2,16243,United Kingdom
542378,21754,HOME BUILDING BLOCK WORD,14,05/02/2011 11:03,6.8,13296,United Kingdom
583146,20725,LUNCH BAG RED RETROSPOT,9,09/28/2011 12:31,1.81,12803,United Kingdom
562170,20727,LUNCH BAG BLACK SKULL.,5,07/14/2011 18:54,1.87,13276,United Kingdom
566524,22178,VICTORIAN GLASS HANGING T-LIGHT,5,08/24/2011 15:15,1.22,13914,United Kingdom
547263,84879,ASSORTED COLOUR BIRD ORNAMENT,1,05/17/2011 08:57,1.54,15685,United Kingdom
583175,22423,REGENCY CAKESTAND 3 TIER,4,09/18/2011 18:54,12.67,12447,United Kingdom
554877,22960,JAM MAKING SET WITH JARS,1,09/19/2011 18:52,4.2,12427,United Kingdom
541253,22383,LUNCH BAG SUKI DESIGN,3,03/20/2011 09:59,1.89,12628,United Kingdom
584982,20725,LUNCH BAG RED RETROSPOT,1,07/13/2011 09:18,1.87,13382,United Kingdom
551816,84406B,CREAM CUPID HEARTS COAT HANGER,7,04/15/2011 19:52,3.04,14570,United Kingdom
582860,20725,LUNCH BAG RED RETROSPOT,9,07/17/2011 09:37,1.74,12716,United Kingdom
546271,22086,PAPER CHAIN KIT 50'S CHRISTMAS,8,07/08/2011 11:08,2.83,13111,Spain
C571904,22633,HAND WARMER UNION JACK,-2,09/10/2011 09:19,1.67,13233,Belgium
585711,20725,LUNCH BAG RED RETROSPOT,2,10/27/2011 10:32,1.65,12402,Ireland
551112,71053,WHITE METAL LANTERN,5,04/17/2011 08:47,3.49,12880,United Kingdom
544585,22423,REGENCY CAKESTAND 3 TIER,11,10/05/2011 07:38,12.16,13279,United Kingdom
550210,71053,WHITE METAL LANTERN,2,02/26/2011 07:45,3.79,14260,United Kingdom
574238,21730,GLASS STAR FROSTED T-LIGHT HOLDER,1,08/28/2011 14:42,4.27,13329,United Kingdom
551767,84879,ASSORTED COLOUR BIRD ORNAMENT,10,09/09/2011 18:40,1.71,13067,United Kingdom
564387,85099B,JUMBO BAG RED RETROSPOT,7,06/22/2011 09:51,2.1,12722,United Kingdom
543330,21071,VINTAGE BILLBOARD DRINK ME MUG,11,03/01/2011 17:54,1.05,13663,United Kingdom
585827,21754,HOME BUILDING BLOCK WORD,3,03/31/2011 18:24,6.28,15608,Ireland
552659,84029E,RED WOOLLY HOTTIE WHITE HEART,10,11/22/2011 10:55,3.77,12789,United Kingdom
572871,23084,RABBIT NIGHT LIGHT,5,12/08/2011 15:27,2.39,16297,United Kingdom
586141,84406B,CREAM CUPID HEARTS COAT HANGER,5,02/23/2011 13:04,2.55,13455,United Kingdom
568025,23298,SPOTTY BUNTING,6,03/04/2011 14:09,5.04,12639,United Kingdom
583821,22633,HAND WARMER UNION JACK,2,07/30/2011 14:53,1.67,13294,United Kingdom
561132,22961,JAM MAKING SET PRINTED,9,11/23/2011 10:05,1.6,12865,United Kingdom
552702,20725,LUNCH BAG RED RETROSPOT,15,01/16/2011 18:18,1.68,13563,United Kingdom
569250,21212,PACK OF 72 RETROSPOT CAKE CASES,9,04/10/2011 14:43,0.47,13311,United Kingdom
552052,22383,LUNCH BAG SUKI DESIGN,6,05/22/2011 17:37,1.58,14200,United Kingdom
550771,22423,REGENCY CAKESTAND 3 TIER,9,07/09/2011 10:44,12.99,15710,United Kingdom
579237,22633,HAND WARMER UNION JACK,1,07/18/2011 15:32,1.89,13434,United Kingdom
581021,20727,LUNCH BAG BLACK SKULL.,1,11/11/2011 14:24,1.73,14212,France
561975,21754,HOME BUILDING BLOCK WORD,5,06/17/2011 10:04,6.39,12449,Ireland
582168,22178,VICTORIAN GLASS HANGING T-LIGHT,8,01/21/2011 11:45,1.37,15785,United Kingdom
568882,22960,JAM MAKING SET WITH JARS,7,08/01/2011 09:58,3.98,12669,Germany
570941,22752,SET 7 BABUSHKA NESTING BOXES,8,08/25/2011 07:39,6.99,12490,United Kingdom
584459,71053,WHITE METAL LANTERN,12,10/24/2011 16:27,3.49,13010,United Kingdom
566961,22086,PAPER CHAIN KIT 50'S CHRISTMAS,4,03/21/2011 19:33,3.1,14472,United Kingdom
578554,84029G,KNITTED UNION FLAG HOT WATER BOTTLE,3,03/08/2011 18:49,3.68,14133,United Kingdom
563034,23084,RABBIT NIGHT LIGHT,7,04/16/2011 14:32,1.9,13308,United Kingdom
563359,85099B,JUMBO BAG RED RETROSPOT,16,12/11/2010 07:30,2.21,13859,Belgium
584261,22138,BAKING SET 9 PIECE RETROSPOT,7,10/09/2011 16:24,5.34,13215,Belgium
546273,21754,HOME BUILDING BLOCK WORD,1,02/19/2011 19:17,6.52,13111,Spain
580839,21212,PACK OF 72 RETROSPOT CAKE CASES,10,03/09/2011 18:14,0.39,12609,Belgium
587373,22632,HAND WARMER RED POLKA DOT,15,01/31/2011 07:52,1.8,13737,France
546041,23084,RABBIT NIGHT LIGHT,4,04/13/2011 10:24,2.16,15548,United Kingdom
584094,21754,HOME BUILDING BLOCK WORD,2,02/19/2011 18:04,6.45,14990,Ireland
569134,22632,HAND WARMER RED POLKA DOT,1,05/19/2011 09:48,2.02,12889,United Kingdom
580448,23203,JUMBO BAG DOILEY PATTERNS,8,12/19/2010 19:51,2.16,13838,Germany
536511,23203,JUMBO BAG DOILEY PATTERNS,4,04/30/2011 12:46,2.09,13144,United Kingdom
555224,23203,JUMBO BAG DOILEY PATTERNS,6,10/08/2011 16:41,2.23,13352,United Kingdom
566924,85123A,WHITE HANGING HEART T-LIGHT HOLDER,3,04/13/2011 08:19,2.53,14854,United Kingdom
560609,21929,JUMBO BAG PINK VINTAGE PAISLEY,6,11/18/2011 09:17,1.9,12585,United Kingdom
568760,22960,JAM MAKING SET WITH JARS,5,01/27/2011 14:23,4.63,13241,Germany
568863,22960,JAM MAKING SET WITH JARS,1,03/28/2011 09:29,3.83,14997,United Kingdom
545039,84879,ASSORTED COLOUR BIRD ORNAMENT,1,04/08/2011 18:25,1.86,14406,United Kingdom
582617,22178,VICTORIAN GLASS HANGING T-LIGHT,4,08/25/2011 12:23,1.26,14701,United Kingdom
545507,22383,LUNCH BAG SUKI DESIGN,3,03/01/2011 13:45,1.83,14981,United Kingdom
578818,23203,JUMBO BAG DOILEY PATTERNS,6,11/09/2011 07:36,2.0,,United Kingdom
539392,22960,JAM MAKING SET WITH JARS,11,10/12/2011 13:57,4.77,12863,United Kingdom
563219,22632,HAND WARMER RED POLKA DOT,1,07/30/2011 15:57,1.84,,United Kingdom
580630,22383,LUNCH BAG SUKI DESIGN,5,02/14/2011 15:22,1.77,14285,Ireland
581033,22138,BAKING SET 9 PIECE RETROSPOT,6,07/06/2011 13:08,4.99,13639,United Kingdom
550801,23084,RABBIT NIGHT LIGHT,1,07/06/2011 08:19,1.94,12464,France
558002,22633,HAND WARMER UNION JACK,13,06/25/2011 10:33,2.01,13020,Portugal
564724,84879,ASSORTED COLOUR BIRD ORNAMENT,17,06/25/2011 15:54,1.86,12671,France
549909,20725,LUNCH BAG RED RETROSPOT,11,02/20/2011 09:18,1.78,12649,United Kingdom
567699,21071,VINTAGE BILLBOARD DRINK ME MUG,1,06/30/2011 08:42,1.13,12411,United Kingdom
586095,21931,JUMBO STORAGE BAG SUKI,8,10/12/2011 08:04,1.97,12408,United Kingdom
560709,22961,JAM MAKING SET PRINTED,4,03/29/2011 16:40,1.36,13118,United Kingdom
563750,84879,ASSORTED COLOUR BIRD ORNAMENT,9,09/18/2011 12:37,1.62,12644,United Kingdom
547615,21212,PACK OF 72 RETROSPOT CAKE CASES,6,02/18/2011 14:54,0.47,12923,United Kingdom
578751,21931,JUMBO STORAGE BAG SUKI,15,03/04/2011 18:23,1.92,12636,United Kingdom
569066,22961,JAM MAKING SET PRINTED,10,04/10/2011 09:44,1.56,12858,United Kingdom
552391,21730,GLASS STAR FROSTED T-LIGHT HOLDER,1,06/03/2011 18:29,4.65,13183,United Kingdom
565191,84029G,KNITTED UNION FLAG HOT WATER BOTTLE,4,11/26/2011 17:01,4.22,14213,Germany
539828,20725,LUNCH BAG RED RETROSPOT,7,06/26/2011 18:18,1.54,12434,Ireland
566375,22197,SMALL POPCORN HOLDER,8,08/04/2011 14:04,0.77,12623,United Kingdom
549711,22086,PAPER CHAIN KIT 50'S CHRISTMAS,2,10/30/2011 14:36,3.07,,United Kingdom
543115,22383,LUNCH BAG SUKI DESIGN,4,02/02/2011 14:40,1.77,15583,Germany
563979,23298,SPOTTY BUNTING,13,04/29/2011 19:55,5.38,13056,United Kingdom
557674,22178,VICTORIAN GLASS HANGING T-LIGHT,1,04/03/2011 09:38,1.31,12658,United Kingdom
571307,84029E,RED WOOLLY HOTTIE WHITE HEART,11,11/29/2011 19:59,4.17,12657,United Kingdom
587161,21071,VINTAGE BILLBOARD DRINK ME MUG,13,03/06/2011 10:50,1.05,12626,United Kingdom
565904,84029G,KNITTED UNION FLAG HOT WATER BOTTLE,2,07/01/2011 07:28,4.16,13112,Belgium
547877,84406B,CREAM CUPID HEARTS COAT HANGER,7,08/08/2011 07:51,2.92,12839,Netherlands
572590,84406B,CREAM CUPID HEARTS COAT HANGER,1,10/17/2011 09:57,3.01,13379,France
585790,22383,LUNCH BAG SUKI DESIGN,9,06/12/2011 09:41,1.63,13717,Ireland
C553498,21754,HOME BUILDING BLOCK WORD,-8,08/28/2011 07:04,5.87,12670,United Kingdom
C584444,71053,WHITE METAL LANTERN,-13,08/01/2011 19:46,3.37,13010,United Kingdom
537251,84029G,KNITTED UNION FLAG HOT WATER BOTTLE,2,02/15/2011 16:04,3.64,13321,Ireland
541522,22178,VICTORIAN GLASS HANGING T-LIGHT,2,07/11/2011 19:00,1.42,13963,United Kingdom
549358,22383,LUNCH BAG SUKI DESIGN,1,11/05/2011 17:39,1.66,13358,United Kingdom
584202,21212,PACK OF 72 RETROSPOT CAKE CASES,12,10/20/2011 09:38,0.4,12455,Ireland
542330,21071,VINTAGE BILLBOARD DRINK ME MUG,4,07/06/2011 17:21,1.15,12424,United Kingdom
537000,84406B,CREAM CUPID HEARTS COAT HANGER,7,10/08/2011 10:50,2.69,13388,United Kingdom
561089,22086,PAPER CHAIN KIT 50'S CHRISTMAS,13,10/11/2011 11:40,3.39,12655,United Kingdom
538439,22961,JAM MAKING SET PRINTED,5,05/06/2011 07:13,1.58,14105,United Kingdom
546096,22178,VICTORIAN GLASS HANGING T-LIGHT,8,06/02/2011 13:33,1.14,13770,Spain
580169,22197,SMALL POPCORN HOLDER,15,05/03/2011 12:26,0.93,13665,United Kingdom
568243,21212,PACK OF 72 RETROSPOT CAKE CASES,1,07/31/2011 19:54,0.38,12463,France
546274,22423,REGENCY CAKESTAND 3 TIER,4,08/16/2011 07:49,13.8,13111,Spain
560718,22086,PAPER CHAIN KIT 50'S CHRISTMAS,17,03/22/2011 17:37,2.9,13431,Germany
540912,21754,HOME BUILDING BLOCK WORD,8,04/06/2011 10:28,6.73,13193,United Kingdom
537310,21071,VINTAGE BILLBOARD DRINK ME MUG,12,06/16/2011 15:45,1.17,12496,United Kingdom
559566,23203,JUMBO BAG DOILEY PATTERNS,3,06/17/2011 09:02,2.11,13178,Ireland
555538,21071,VINTAGE BILLBOARD DRINK ME MUG,1,07/04/2011 07:14,1.14,13285,United Kingdom
559882,22178,VICTORIAN GLASS HANGING T-LIGHT,4,08/14/2011 18:39,1.13,14605,United Kingdom
565788,20725,LUNCH BAG RED RETROSPOT,3,06/16/2011 12:36,1.84,12468,France
569936,84879,ASSORTED COLOUR BIRD ORNAMENT,3,12/09/2010 08:23,1.89,14928,United Kingdom
582985,21730,GLASS STAR FROSTED T-LIGHT HOLDER,1,08/06/2011 10:41,4.42,12964,United Kingdom
575450,21071,VINTAGE BILLBOARD DRINK ME MUG,8,11/26/2011 18:17,1.18,12759,United Kingdom
572800,71053,WHITE METAL LANTERN,12,05/02/2011 19:23,3.84,13011,United Kingdom
548382,21755,LOVE BUILDING BLOCK WORD,7,03/08/2011 11:34,5.42,12514,United Kingdom
582876,85099B,JUMBO BAG RED RETROSPOT,4,08/05/2011 15:19,2.09,13973,United Kingdom
572915,21071,VINTAGE BILLBOARD DRINK ME MUG,8,05/04/2011 17:02,1.0,12603,United Kingdom
559715,71053,WHITE METAL LANTERN,12,02/09/2011 14:10,3.58,13657,United Kingdom
536901,22138,BAKING SET 9 PIECE RETROSPOT,4,08/14/2011 09:32,5.51,13110,United Kingdom
546456,85099B,JUMBO BAG RED RETROSPOT,11,08/06/2011 08:51,2.14,12562,United Kingdom
559786,84879,ASSORTED COLOUR BIRD ORNAMENT,13,05/26/2011 08:00,1.9,13359,Netherlands
560581,22178,VICTORIAN GLASS HANGING T-LIGHT,15,09/14/2011 16:39,1.39,12585,United Kingdom
550804,22178,VICTORIAN GLASS HANGING T-LIGHT,6,04/16/2011 08:49,1.37,12464,France
546838,23203,JUMBO BAG DOILEY PATTERNS,7,10/20/2011 15:56,2.36,13335,United Kingdom
571093,23298,SPOTTY BUNTING,3,06/29/2011 11:47,4.68,15179,Germany
544427,21730,GLASS STAR FROSTED T-LIGHT HOLDER,1,03/27/2011 19:36,4.28,13834,France
557582,85099B,JUMBO BAG RED RETROSPOT,1,07/13/2011 14:40,2.17,14289,Ireland
584615,21931,JUMBO STORAGE BAG SUKI,12,07/22/2011 11:09,2.06,13186,Ireland
565671,22138,BAKING SET 9 PIECE RETROSPOT,3,05/28/2011 18:36,4.59,12569,United Kingdom
567527,85099B,JUMBO BAG RED RETROSPOT,4,04/26/2011 11:42,2.3,13017,United Kingdom
568428,22752,SET 7 BABUSHKA NESTING BOXES,10,07/04/2011 08:29,8.26,13239,France
546301,84029E,RED WOOLLY HOTTIE WHITE HEART,15,11/05/2011 11:10,3.97,13111,Spain
552073,22633,HAND WARMER UNION JACK,19,02/18/2011 16:37,1.92,13247,United Kingdom
546818,22178,VICTORIAN GLASS HANGING T-LIGHT,6,09/15/2011 16:59,1.31,12450,Ireland
580534,22138,BAKING SET 9 PIECE RETROSPOT,6,04/12/2011 09:47,5.11,13253,Belgium
573477,22632,HAND WARMER RED POLKA DOT,8,10/06/2011 17:05,50.09,12646,United Kingdom
538258,22423,REGENCY CAKESTAND 3 TIER,8,01/21/2011 08:49,13.67,13146,United Kingdom
555722,21755,LOVE BUILDING BLOCK WORD,6,03/16/2011 09:45,5.66,14579,Ireland
562825,22960,JAM MAKING SET WITH JARS,2,09/28/2011 12:48,4.31,14636,United Kingdom
543335,23298,SPOTTY BUNTING,12,12/20/2010 08:06,5.03,13663,United Kingdom
560616,22178,VICTORIAN GLASS HANGING T-LIGHT,3,05/01/2011 09:12,1.24,15671,United Kingdom
579704,22960,JAM MAKING SET WITH JARS,1,06/08/2011 17:52,4.37,12960,France
565478,21755,LOVE BUILDING BLOCK WORD,1,08/30/2011 16:21,5.62,14104,United Kingdom
561295,71053,WHITE METAL LANTERN,1,02/27/2011 11:11,3.17,13004,United Kingdom
580226,84879,ASSORTED COLOUR BIRD ORNAMENT,1,02/24/2011 12:27,1.63,15017,United Kingdom
545799,21754,HOME BUILDING BLOCK WORD,9,02/23/2011 18:09,6.19,12861,Germany
551609,23298,SPOTTY BUNTING,7,09/07/2011 12:25,5.52,12360,United Kingdom
562214,22197,SMALL POPCORN HOLDER,11,04/01/2011 11:47,0.83,13853,United Kingdom
539983,22138,BAKING SET 9 PIECE RETROSPOT,11,01/15/2011 07:57,4.66,13858,Ireland
537189,20725,LUNCH BAG RED RETROSPOT,3,06/14/2011 08:17,1.67,12845,United Kingdom
547408,20725,LUNCH BAG RED RETROSPOT,9,04/30/2011 10:49,1.82,13485,United Kingdom
586919,21931,JUMBO STORAGE BAG SUKI,4,02/10/2011 10:08,1.81,15207,United Kingdom
549897,71053,WHITE METAL LANTERN,8,10/06/2011 12:36,3.68,12649,United Kingdom
568611,21755,LOVE BUILDING BLOCK WORD,4,11/02/2011 12:18,6.61,14172,United Kingdom
552616,71053,WHITE METAL LANTERN,1,06/04/2011 08:00,3.07,14740,United Kingdom
556766,21730,GLASS STAR FROSTED T-LIGHT HOLDER,10,03/15/2011 13:45,4.29,13003,United Kingdom
556057,23203,JUMBO BAG DOILEY PATTERNS,14,03/22/2011 17:24,2.01,12418,United Kingdom
552451,85123A,WHITE HANGING HEART T-LIGHT HOLDER,14,03/08/2011 17:59,2.5,12638,United Kingdom
583455,22197,SMALL POPCORN HOLDER,5,08/19/2011 11:05,0.98,13369,United Kingdom
539329,22383,LUNCH BAG SUKI DESIGN,13,04/17/2011 08:42,1.63,13800,United Kingdom
544113,23084,RABBIT NIGHT LIGHT,7,04/14/2011 10:15,2.09,15231,United Kingdom
577145,22086,PAPER CHAIN KIT 50'S CHRISTMAS,2,04/19/2011 17:43,3.2,12624,Portugal
547494,22960,JAM MAKING SET WITH JARS,3,08/03/2011 12:21,4.62,12950,United Kingdom
C552988,21754,HOME BUILDING BLOCK WORD,-9,11/01/2011 17:45,5.58,12825,United Kingdom
C572782,71053,WHITE METAL LANTERN,-2,07/09/2011 18:52,3.67,15459,United Kingdom
583368,84406B,CREAM CUPID HEARTS COAT HANGER,5,03/03/2011 13:05,2.57,14202,United Kingdom
579825,71053,WHITE METAL LANTERN,12,02/28/2011 12:09,3.47,13536,United Kingdom
573471,22632,HAND WARMER RED POLKA DOT,7,04/05/2011 18:17,1.95,12646,United Kingdom
540008,23084,RABBIT NIGHT LIGHT,5,05/01/2011 07:54,2.26,14125,United Kingdom
549751,21071,VINTAGE BILLBOARD DRINK ME MUG,13,12/26/2010 18:23,0.98,13725,United Kingdom
552726,21730,GLASS STAR FROSTED T-LIGHT HOLDER,3,04/11/2011 15:46,4.16,14376,Ireland
548341,22961,JAM MAKING SET PRINTED,3,04/06/2011 16:03,1.45,13680,United Kingdom
551014,22138,BAKING SET 9 PIECE RETROSPOT,6,03/14/2011 19:23,4.63,13759,United Kingdom
567539,21212,PACK OF 72 RETROSPOT CAKE CASES,12,04/01/2011 07:08,0.47,13802,United Kingdom
541446,21931,JUMBO STORAGE BAG SUKI,3,06/24/2011 12:34,2.19,14401,United Kingdom
547654,23298,SPOTTY BUNTING,6,07/08/2011 18:48,5.64,14573,France
544662,23203,JUMBO BAG DOILEY PATTERNS,9,10/26/2011 10:36,2.21,13170,United Kingdom
540406,21929,JUMBO BAG PINK VINTAGE PAISLEY,1,03/18/2011 17:39,1.91,13255,United Kingdom
580256,85099B,JUMBO BAG RED RETROSPOT,1,10/31/2011 16:30,2.19,13074,United Kingdom
546550,85099B,JUMBO BAG RED RETROSPOT,13,08/02/2011 10:39,1.9,13810,United Kingdom
542372,22383,LUNCH BAG SUKI DESIGN,2,06/04/2011 14:49,1.56,13296,United Kingdom
548609,23298,SPOTTY BUNTING,17,09/21/2011 18:41,5.63,12486,United Kingdom
561056,22138,BAKING SET 9 PIECE RETROSPOT,3,02/28/2011 07:43,5.13,13871,United Kingdom
576217,22633,HAND WARMER UNION JACK,1,05/12/2011 13:50,1.81,13300,United Kingdom
567033,22633,HAND WARMER UNION JACK,6,07/02/2011 16:22,1.86,15164,Netherlands
560364,84029E,RED WOOLLY HOTTIE WHITE HEART,5,05/09/2011 17:20,3.5,14185,United Kingdom
566611,22633,HAND WARMER UNION JACK,9,01/22/2011 12:03,1.75,13733,United Kingdom
570251,22961,JAM MAKING SET PRINTED,1,12/13/2010 19:15,1.44,13412,United Kingdom
C547242,20725,LUNCH BAG RED RETROSPOT,-13,02/11/2011 08:56,1.8,13509,United Kingdom
543451,21754,HOME BUILDING BLOCK WORD,16,05/11/2011 13:47,5.8,13760,United Kingdom
575053,22383,LUNCH BAG SUKI DESIGN,13,11/30/2011 16:02,1.79,12738,United Kingdom
568635,21931,JUMBO STORAGE BAG SUKI,9,08/13/2011 16:58,1.84,12589,United Kingdom
561975,22383,LUNCH BAG SUKI DESIGN,7,06/17/2011 10:04,1.86,12449,Ireland
576551,22423,REGENCY CAKESTAND 3 TIER,10,04/22/2011 13:55,12.81,12998,United Kingdom
C537807,21755,LOVE BUILDING BLOCK WORD,-4,06/17/2011 19:50,6.0,14271,Germany
557549,22086,PAPER CHAIN KIT 50'S CHRISTMAS,3,07/06/2011 14:11,3.1,14315,United Kingdom
563290,21755,LOVE BUILDING BLOCK WORD,12,06/09/2011 08:46,6.43,13027,Ireland
573149,23203,JUMBO BAG DOILEY PATTERNS,14,03/06/2011 19:33,1.91,12953,United Kingdom
538352,22960,JAM MAKING SET WITH JARS,11,05/04/2011 19:08,4.17,13361,United Kingdom
536803,23298,SPOTTY BUNTING,7,03/09/2011 16:01,4.88,12446,France
569818,21730,GLASS STAR FROSTED T-LIGHT HOLDER,1,11/12/2011 07:11,4.55,13343,United Kingdom
539441,21212,PACK OF 72 RETROSPOT CAKE CASES,16,04/27/2011 19:16,0.43,13070,Netherlands
582472,22632,HAND WARMER RED POLKA DOT,10,04/13/2011 10:03,2.0,12611,United Kingdom
582914,84029G,KNITTED UNION FLAG HOT WATER BOTTLE,3,09/29/2011 08:23,3.47,12746,United Kingdom
555562,84879,ASSORTED COLOUR BIRD ORNAMENT,11,08/12/2011 08:42,1.65,12844,United Kingdom
584685,23084,RABBIT NIGHT LIGHT,9,10/19/2011 09:05,2.12,12593,Spain
566507,22960,JAM MAKING SET WITH JARS,1,04/06/2011 17:49,3.91,12773,United Kingdom
544200,85123A,WHITE HANGING HEART T-LIGHT HOLDER,6,08/09/2011 07:14,2.36,12939,United Kingdom
571119,21931,JUMBO STORAGE BAG SUKI,10,04/29/2011 18:31,1.9,13836,Germany
539553,84406B,CREAM CUPID HEARTS COAT HANGER,6,08/07/2011 09:11,3.06,13221,United Kingdom
547479,20727,LUNCH BAG BLACK SKULL.,5,03/10/2011 15:51,1.5,13707,United Kingdom
567995,23203,JUMBO BAG DOILEY PATTERNS,1,08/13/2011 15:44,2.19,14113,Germany
537505,21755,LOVE BUILDING BLOCK WORD,8,11/10/2011 09:58,399.48,12902,United Kingdom
C537883,23298,SPOTTY BUNTING,-7,08/25/2011 11:21,5.11,12728,United Kingdom
550579,84879,ASSORTED COLOUR BIRD ORNAMENT,11,12/20/2010 09:06,1.88,13848,United Kingdom
552951,21931,JUMBO STORAGE BAG SUKI,1,09/11/2011 17:36,1.91,12790,United Kingdom
567978,22138,BAKING SET 9 PIECE RETROSPOT,9,02/14/2011 18:14,5.17,16290,United Kingdom
585884,84879,ASSORTED COLOUR BIRD ORNAMENT,10,06/06/2011 17:22,1.69,13061,United Kingdom
578694,22197,SMALL POPCORN HOLDER,6,06/19/2011 16:32,0.82,12674,Netherlands
578218,21755,LOVE BUILDING BLOCK WORD,9,04/08/2011 08:38,6.55,13251,United Kingdom
556242,22961,JAM MAKING SET PRINTED,11,08/13/2011 14:14,1.53,12561,Ireland
548419,22197,SMALL POPCORN HOLDER,8,03/24/2011 13:22,0.91,12859,United Kingdom
565438,21754,HOME BUILDING BLOCK WORD,4,04/06/2011 18:50,6.54,12700,Ireland
546683,21212,PACK OF 72 RETROSPOT CAKE CASES,1,10/03/2011 11:36,0.48,12436,United Kingdom
581914,22383,LUNCH BAG SUKI DESIGN,8,03/20/2011 12:12,1.83,12629,Germany
573668,22197,SMALL POPCORN HOLDER,13,08/19/2011 19:46,0.86,13238,United Kingdom
545943,22752,SET 7 BABUSHKA NESTING BOXES,14,02/13/2011 08:52,8.68,12492,United Kingdom
568854,84879,ASSORTED COLOUR BIRD ORNAMENT,12,05/02/2011 19:42,1.53,12442,United Kingdom
566480,22383,LUNCH BAG SUKI DESIGN,4,03/08/2011 18:41,1.89,15394,United Kingdom
550996,20727,LUNCH BAG BLACK SKULL.,2,03/12/2011 09:53,1.52,12911,United Kingdom
577213,23298,SPOTTY BUNTING,4,02/13/2011 16:06,5.04,15716,Germany
575683,23298,SPOTTY BUNTING,7,12/27/2010 11:28,5.09,13537,United Kingdom
564853,22086,PAPER CHAIN KIT 50'S CHRISTMAS,3,02/14/2011 19:46,2.86,16067,France
568874,22086,PAPER CHAIN KIT 50'S CHRISTMAS,10,05/02/2011 08:19,2.72,12669,Germany
580471,21754,HOME BUILDING BLOCK WORD,6,04/11/2011 07:22,6.29,14512,Netherlands
552704,21754,HOME BUILDING BLOCK WORD,4,04/09/2011 15:24,6.7,13563,United Kingdom
566036,22138,BAKING SET 9 PIECE RETROSPOT,7,01/31/2011 16:33,4.66,15483,United Kingdom
584732,22961,JAM MAKING SET PRINTED,7,06/19/2011 10:31,1.54,14905,Germany
545783,84879,ASSORTED COLOUR BIRD ORNAMENT,6,03/17/2011 12:26,1.61,12861,Germany
578949,22383,LUNCH BAG SUKI DESIGN,4,05/10/2011 18:18,1.89,14112,United Kingdom
541615,21931,JUMBO STORAGE BAG SUKI,4,12/07/2011 17:12,2.06,14501,United Kingdom
584456,20727,LUNCH BAG BLACK SKULL.,5,08/04/2011 07:41,1.59,13010,United Kingdom
563174,21931,JUMBO STORAGE BAG SUKI,11,03/19/2011 19:10,2.05,13244,United Kingdom
576595,71053,WHITE METAL LANTERN,20,08/24/2011 18:46,3.32,13211,United Kingdom
559181,20727,LUNCH BAG BLACK SKULL.,13,06/10/2011 09:03,1.83,13731,Spain
569408,22633,HAND WARMER UNION JACK,1,10/24/2011 11:45,1.98,12894,United Kingdom
568546,71053,WHITE METAL LANTERN,7,09/05/2011 13:50,3.32,13266,Belgium
556800,71053,WHITE METAL LANTERN,12,03/16/2011 13:02,3.1,12751,United Kingdom
560035,22086,PAPER CHAIN KIT 50'S CHRISTMAS,1,03/17/2011 08:38,3.26,13258,United Kingdom
536575,22086,PAPER CHAIN KIT 50'S CHRISTMAS,12,02/24/2011 19:43,2.97,13825,United Kingdom
583166,21754,HOME BUILDING BLOCK WORD,9,08/22/2011 07:00,6.56,12447,United Kingdom
565114,84406B,CREAM CUPID HEARTS COAT HANGER,14,09/17/2011 12:02,2.68,12588,United Kingdom
561014,22383,LUNCH BAG SUKI DESIGN,10,10/29/2011 09:39,1.89,12897,Germany
576868,21755,LOVE BUILDING BLOCK WORD,1,05/21/2011 11:36,5.93,15874,United Kingdom
544625,71053,WHITE METAL LANTERN,1,11/13/2011 14:10,3.77,14334,Spain
562409,21929,JUMBO BAG PINK VINTAGE PAISLEY,1,03/20/2011 16:11,2.17,14292,United Kingdom
540704,22178,VICTORIAN GLASS HANGING T-LIGHT,1,11/14/2011 10:25,1.14,12978,United Kingdom
545650,22752,SET 7 BABUSHKA NESTING BOXES,9,11/15/2011 07:51,7.16,13269,United Kingdom
567249,23203,JUMBO BAG DOILEY PATTERNS,10,04/13/2011 11:51,2.36,13751,United Kingdom
545967,23298,SPOTTY BUNTING,5,03/01/2011 14:33,5.2,14250,Germany
577663,23203,JUMBO BAG DOILEY PATTERNS,5,02/03/2011 17:45,2.08,13918,Netherlands
564822,22138,BAKING SET 9 PIECE RETROSPOT,6,01/20/2011 07:11,5.57,13693,United Kingdom
551447,85099B,JUMBO BAG RED RETROSPOT,7,07/18/2011 14:24,2.36,,Portugal
582498,23084,RABBIT NIGHT LIGHT,6,03/08/2011 16:10,1.94,13643,United Kingdom
540112,85123A,WHITE HANGING HEART T-LIGHT HOLDER,9,08/30/2011 09:04,2.92,12648,Ireland
559722,21931,JUMBO STORAGE BAG SUKI,5,04/01/2011 07:07,2.16,14617,United Kingdom
543521,21929,JUMBO BAG PINK VINTAGE PAISLEY,10,11/14/2011 19:03,2.15,12775,United Kingdom
568842,21730,GLASS STAR FROSTED T-LIGHT HOLDER,6,05/08/2011 15:46,4.83,14465,United Kingdom
583776,22633,HAND WARMER UNION JACK,13,12/28/2010 11:09,1.68,13798,United Kingdom
540835,23203,JUMBO BAG DOILEY PATTERNS,11,04/09/2011 16:56,2.15,12930,United Kingdom
556161,84029E,RED WOOLLY HOTTIE WHITE HEART,3,09/17/2011 15:09,3.94,14457,Portugal
539666,22086,PAPER CHAIN KIT 50'S CHRISTMAS,13,09/17/2011 08:47,2.72,13164,United Kingdom
587278,22178,VICTORIAN GLASS HANGING T-LIGHT,10,02/24/2011 09:43,1.22,12718,United Kingdom
549154,22138,BAKING SET 9 PIECE RETROSPOT,3,04/30/2011 07:51,4.65,14491,Germany
C561967,22423,REGENCY CAKESTAND 3 TIER,-7,10/26/2011 18:59,12.88,12449,Ireland
572606,21071,VINTAGE BILLBOARD DRINK ME MUG,1,09/12/2011 11:55,1.08,12625,United Kingdom
559281,20725,LUNCH BAG RED RETROSPOT,5,05/14/2011 10:02,1.66,14539,United Kingdom
559412,23298,SPOTTY BUNTING,13,05/09/2011 16:07,5.68,13053,United Kingdom
540426,85099B,JUMBO BAG RED RETROSPOT,3,05/07/2011 10:09,2.16,13255,United Kingdom
546056,84029G,KNITTED UNION FLAG HOT WATER BOTTLE,13,12/08/2010 13:07,3.59,13794,Portugal
583509,21929,JUMBO BAG PINK VINTAGE PAISLEY,9,08/06/2011 09:18,2.15,13704,United Kingdom
545899,22086,PAPER CHAIN KIT 50'S CHRISTMAS,8,02/25/2011 08:19,3.04,,United Kingdom
582629,84406B,CREAM CUPID HEARTS COAT HANGER,8,11/19/2011 17:28,2.68,13295,Germany
567272,22633,HAND WARMER UNION JACK,11,02/23/2011 10:45,1.85,12765,United Kingdom
555251,21931,JUMBO STORAGE BAG SUKI,1,10/31/2011 14:12,2.12,12743,United Kingdom
566275,84406B,CREAM CUPID HEARTS COAT HANGER,13,03/04/2011 14:52,2.69,12831,Spain
562049,21212,PACK OF 72 RETROSPOT CAKE CASES,10,06/06/2011 08:03,0.46,13633,United Kingdom
543638,22423,REGENCY CAKESTAND 3 TIER,8,03/25/2011 19:09,13.55,13479,United Kingdom
551654,21929,JUMBO BAG PINK VINTAGE PAISLEY,3,02/15/2011 18:26,2.04,14093,United Kingdom
557791,22383,LUNCH BAG SUKI DESIGN,6,10/18/2011 14:45,1.5,12984,United Kingdom
587248,21931,JUMBO STORAGE BAG SUKI,15,03/01/2011 11:46,2.16,13523,United Kingdom
541085,22960,JAM MAKING SET WITH JARS,19,10/27/2011 12:15,4.79,13270,United Kingdom
564351,71053,WHITE METAL LANTERN,17,05/07/2011 17:38,3.47,13203,United Kingdom
570330,21929,JUMBO BAG PINK VINTAGE PAISLEY,9,03/09/2011 11:44,1.96,13661,United Kingdom
579542,22632,HAND WARMER RED POLKA DOT,6,06/12/2011 16:59,2.06,15630,United Kingdom
559562,22960,JAM MAKING SET WITH JARS,17,11/19/2011 12:39,4.71,13178,Ireland
548324,21931,JUMBO STORAGE BAG SUKI,5,07/01/2011 12:45,1.89,12575,United Kingdom
559512,85123A,WHITE HANGING HEART T-LIGHT HOLDER,4,08/10/2011 15:32,2.44,13670,United Kingdom
551438,21212,PACK OF 72 RETROSPOT CAKE CASES,13,04/04/2011 17:00,0.48,13517,United Kingdom
553591,22752,SET 7 BABUSHKA NESTING BOXES,10,03/14/2011 15:14,7.18,13226,United Kingdom
579626,21071,VINTAGE BILLBOARD DRINK ME MUG,14,04/14/2011 07:08,1.12,13849,United Kingdom
536553,21754,HOME BUILDING BLOCK WORD,6,03/13/2011 13:27,6.52,12555,United Kingdom
556821,85123A,WHITE HANGING HEART T-LIGHT HOLDER,10,04/06/2011 07:39,2.5,12849,Netherlands
552425,21929,JUMBO BAG PINK VINTAGE PAISLEY,7,06/08/2011 08:33,2.19,13459,Spain
571724,21212,PACK OF 72 RETROSPOT CAKE CASES,1,05/02/2011 09:03,0.46,13032,United Kingdom
536443,21755,LOVE BUILDING BLOCK WORD,24,09/27/2011 10:36,6.71,13176,United Kingdom
549381,22633,HAND WARMER UNION JACK,1,10/29/2011 16:35,2.08,13358,United Kingdom
571022,21071,VINTAGE BILLBOARD DRINK ME MUG,4,01/31/2011 08:51,1.13,12834,United Kingdom
572113,20727,LUNCH BAG BLACK SKULL.,10,03/20/2011 12:57,1.61,13222,Spain
564819,22423,REGENCY CAKESTAND 3 TIER,18,01/13/2011 16:54,12.32,13693,United Kingdom
566441,22178,VICTORIAN GLASS HANGING T-LIGHT,6,10/07/2011 12:31,1.25,14149,Germany
549533,84029G,KNITTED UNION FLAG HOT WATER BOTTLE,1,04/24/2011 10:50,3.65,15191,United Kingdom
552540,22178,VICTORIAN GLASS HANGING T-LIGHT,1,10/16/2011 08:50,1.22,12489,United Kingdom
570441,23298,SPOTTY BUNTING,1,11/05/2011 13:01,5.1,13113,United Kingdom
547136,84879,ASSORTED COLOUR BIRD ORNAMENT,1,05/24/2011 14:16,1.63,13268,Germany
542761,22960,JAM MAKING SET WITH JARS,16,02/18/2011 18:59,4.01,13357,United Kingdom
549050,22138,BAKING SET 9 PIECE RETROSPOT,1,03/17/2011 10:17,4.68,15251,United Kingdom
573622,22086,PAPER CHAIN KIT 50'S CHRISTMAS,1,11/19/2011 10:23,3.12,13305,Belgium
579940,22423,REGENCY CAKESTAND 3 TIER,2,11/14/2011 11:22,14.07,14487,United Kingdom
561154,23298,SPOTTY BUNTING,8,10/10/2011 07:20,4.91,12865,United Kingdom
548637,22423,REGENCY CAKESTAND 3 TIER,4,02/08/2011 14:30,14.11,15747,United Kingdom
555467,22960,JAM MAKING SET WITH JARS,2,11/12/2011 12:59,4.11,12878,France
538688,22178,VICTORIAN GLASS HANGING T-LIGHT,1,04/12/2011 12:04,1.19,15139,France
C542626,22632,HAND WARMER RED POLKA DOT,-8,03/26/2011 19:47,1.91,13776,Portugal
582461,20725,LUNCH BAG RED RETROSPOT,4,09/29/2011 10:36,1.73,12611,United Kingdom
C557952,23203,JUMBO BAG DOILEY PATTERNS,-2,09/12/2011 12:31,1.94,14729,Portugal
558043,21071,VINTAGE BILLBOARD DRINK ME MUG,19,02/22/2011 17:46,1.05,12885,United Kingdom
582987,22197,SMALL POPCORN HOLDER,7,05/06/2011 14:58,0.89,12964,United Kingdom
547990,22752,SET 7 BABUSHKA NESTING BOXES,14,03/19/2011 18:43,7.56,13435,United Kingdom
552234,84406B,CREAM CUPID HEARTS COAT HANGER,9,07/19/2011 16:51,2.86,12794,United Kingdom
558260,21754,HOME BUILDING BLOCK WORD,1,10/15/2011 11:29,6.75,13327,United Kingdom
560769,84879,ASSORTED COLOUR BIRD ORNAMENT,6,02/27/2011 15:39,1.8,13207,United Kingdom
C566347,21212,PACK OF 72 RETROSPOT CAKE CASES,-3,06/09/2011 08:56,0.46,12567,United Kingdom
583634,22960,JAM MAKING SET WITH JARS,10,11/19/2011 16:38,4.48,13234,United Kingdom
557575,21212,PACK OF 72 RETROSPOT CAKE CASES,1,12/20/2010 10:11,0.38,16494,United Kingdom
543900,23298,SPOTTY BUNTING,9,09/22/2011 10:00,5.17,13120,United Kingdom
549323,23084,RABBIT NIGHT LIGHT,10,08/02/2011 08:44,1.99,12959,United Kingdom
575144,22632,HAND WARMER RED POLKA DOT,4,04/19/2011 08:15,1.83,12796,United Kingdom
558229,85099B,JUMBO BAG RED RETROSPOT,4,03/05/2011 16:29,1.88,14138,United Kingdom
568424,21730,GLASS STAR FROSTED T-LIGHT HOLDER,6,07/30/2011 16:10,4.58,13239,France
565377,22178,VICTORIAN GLASS HANGING T-LIGHT,16,03/09/2011 18:40,1.16,12762,United Kingdom
549879,21730,GLASS STAR FROSTED T-LIGHT HOLDER,13,05/14/2011 19:05,4.4,13404,United Kingdom
579946,21754,HOME BUILDING BLOCK WORD,4,05/04/2011 17:10,5.42,14487,United Kingdom
569343,21931,JUMBO STORAGE BAG SUKI,15,03/24/2011 08:47,2.1,12617,United Kingdom
580372,21212,PACK OF 72 RETROSPOT CAKE CASES,16,12/31/2010 19:14,0.45,13845,United Kingdom
578483,84029G,KNITTED UNION FLAG HOT WATER BOTTLE,8,03/01/2011 07:10,3.99,14148,United Kingdom
563978,22961,JAM MAKING SET PRINTED,6,09/24/2011 08:58,1.38,13056,United Kingdom
587127,84029E,RED WOOLLY HOTTIE WHITE HEART,8,02/07/2011 13:25,3.77,13127,Germany
571487,23298,SPOTTY BUNTING,6,03/01/2011 13:28,5.37,14208,United Kingdom
576454,21929,JUMBO BAG PINK VINTAGE PAISLEY,6,09/06/2011 10:36,2.13,12760,Ireland
560607,22960,JAM MAKING SET WITH JARS,6,08/15/2011 11:23,4.44,12585,United Kingdom
562483,21931,JUMBO STORAGE BAG SUKI,14,05/09/2011 15:00,2.13,13188,United Kingdom
578290,84029G,KNITTED UNION FLAG HOT WATER BOTTLE,1,04/07/2011 07:54,3.85,13934,United Kingdom
578154,21212,PACK OF 72 RETROSPOT CAKE CASES,15,04/23/2011 18:54,0.42,12763,France
561463,71053,WHITE METAL LANTERN,8,06/26/2011 19:49,3.52,,United Kingdom
547734,71053,WHITE METAL LANTERN,9,02/23/2011 16:01,3.63,12672,United Kingdom
549416,21071,VINTAGE BILLBOARD DRINK ME MUG,3,11/21/2011 16:19,1.15,14077,Germany
550313,22178,VICTORIAN GLASS HANGING T-LIGHT,8,06/06/2011 17:07,1.24,13236,United Kingdom
561644,21755,LOVE BUILDING BLOCK WORD,13,07/30/2011 12:50,5.94,12477,France
566340,21071,VINTAGE BILLBOARD DRINK ME MUG,4,11/28/2011 07:23,1.01,12567,United Kingdom
561271,22961,JAM MAKING SET PRINTED,1,01/11/2011 10:08,1.56,14687,United Kingdom
578233,84406B,CREAM CUPID HEARTS COAT HANGER,15,04/14/2011 09:59,2.69,12830,United Kingdom
539093,22197,SMALL POPCORN HOLDER,9,07/02/2011 11:30,0.9,12600,United Kingdom
572673,21929,JUMBO BAG PINK VINTAGE PAISLEY,2,02/16/2011 12:43,2.01,13927,United Kingdom
556833,22178,VICTORIAN GLASS HANGING T-LIGHT,15,08/16/2011 17:49,1.28,12849,Netherlands
579068,23298,SPOTTY BUNTING,2,04/05/2011 10:47,5.43,13869,Germany
579014,22752,SET 7 BABUSHKA NESTING BOXES,15,01/18/2011 13:20,7.72,13850,United Kingdom
542138,22138,BAKING SET 9 PIECE RETROSPOT,13,03/31/2011 07:52,5.63,13498,United Kingdom
553432,22633,HAND WARMER UNION JACK,2,05/17/2011 18:14,1.99,15649,Ireland
578416,21755,LOVE BUILDING BLOCK WORD,9,10/15/2011 18:30,6.55,13298,United Kingdom
559924,21071,VINTAGE BILLBOARD DRINK ME MUG,11,09/07/2011 11:30,1.15,12529,United Kingdom
566460,22960,JAM MAKING SET WITH JARS,5,08/20/2011 17:59,4.74,12864,United Kingdom
572126,20725,LUNCH BAG RED RETROSPOT,2,10/30/2011 12:14,1.5,13222,Spain
559828,23084,RABBIT NIGHT LIGHT,6,12/25/2010 11:04,2.2,13797,United Kingdom
579460,20725,LUNCH BAG RED RETROSPOT,5,07/21/2011 19:48,1.59,13169,United Kingdom
584523,22633,HAND WARMER UNION JACK,8,10/05/2011 07:43,1.73,12958,United Kingdom
585334,22960,JAM MAKING SET WITH JARS,4,05/23/2011 15:30,4.39,14080,Ireland
540925,71053,WHITE METAL LANTERN,9,06/20/2011 07:18,3.84,13193,United Kingdom
575519,84406B,CREAM CUPID HEARTS COAT HANGER,5,04/28/2011 18:35,2.59,13277,United Kingdom
572546,21929,JUMBO BAG PINK VINTAGE PAISLEY,8,11/21/2011 07:15,2.16,13297,United Kingdom
546010,22383,LUNCH BAG SUKI DESIGN,5,08/23/2011 11:35,1.64,13981,United Kingdom
548713,84029G,KNITTED UNION FLAG HOT WATER BOTTLE,1,08/09/2011 09:54,3.69,12429,United Kingdom
566094,21929,JUMBO BAG PINK VINTAGE PAISLEY,6,06/20/2011 07:34,2.3,12546,United Kingdom
577498,22086,PAPER CHAIN KIT 50'S CHRISTMAS,7,07/10/2011 09:44,3.09,13364,United Kingdom
543366,22138,BAKING SET 9 PIECE RETROSPOT,10,02/18/2011 07:49,4.64,13071,France
544501,21755,LOVE BUILDING BLOCK WORD,2,02/11/2011 11:46,5.91,14235,United Kingdom
574748,21929,JUMBO BAG PINK VINTAGE PAISLEY,11,05/08/2011 07:44,1.99,13018,United Kingdom
572047,20727,LUNCH BAG BLACK SKULL.,14,03/06/2011 17:39,1.73,12480,United Kingdom
569739,21754,HOME BUILDING BLOCK WORD,2,08/23/2011 18:39,6.74,14037,United Kingdom
568094,84029E,RED WOOLLY HOTTIE WHITE HEART,2,07/16/2011 10:51,4.28,14022,United Kingdom
576282,22960,JAM MAKING SET WITH JARS,9,03/04/2011 19:37,3.98,12579,United Kingdom
538106,71053,WHITE METAL LANTERN,10,06/29/2011 16:03,3.78,13099,United Kingdom
586548,21754,HOME BUILDING BLOCK WORD,8,12/10/2010 17:45,6.66,13695,United Kingdom
542738,21071,VINTAGE BILLBOARD DRINK ME MUG,10,02/14/2011 14:00,1.14,12848,United Kingdom
572771,22086,PAPER CHAIN KIT 50'S CHRISTMAS,1,06/30/2011 15:28,3.15,13409,United Kingdom
565192,22138,BAKING SET 9 PIECE RETROSPOT,3,08/30/2011 12:46,5.64,14213,Germany
583675,84406B,CREAM CUPID HEARTS COAT HANGER,2,12/11/2010 16:53,2.74,13569,United Kingdom
544441,84029E,RED WOOLLY HOTTIE WHITE HEART,14,01/07/2011 10:34,4.0,13834,France
554302,22752,SET 7 BABUSHKA NESTING BOXES,1,02/15/2011 14:55,8.21,13054,United Kingdom
586834,22960,JAM MAKING SET WITH JARS,1,10/23/2011 13:20,4.47,12406,United Kingdom
569655,21212,PACK OF 72 RETROSPOT CAKE CASES,1,06/12/2011 09:27,0.45,15469,United Kingdom
567374,71053,WHITE METAL LANTERN,1,08/11/2011 11:42,3.45,12528,United Kingdom
547197,84406B,CREAM CUPID HEARTS COAT HANGER,1,07/08/2011 18:30,2.55,13895,United Kingdom
575094,84406B,CREAM CUPID HEARTS COAT HANGER,13,05/23/2011 10:44,2.86,12631,United Kingdom
580577,22197,SMALL POPCORN HOLDER,3,01/28/2011 11:05,0.78,14299,United Kingdom
579515,71053,WHITE METAL LANTERN,7,10/18/2011 08:00,3.7,12419,United Kingdom
577720,71053,WHITE METAL LANTERN,4,01/19/2011 17:21,3.61,,Belgium
577333,84029E,RED WOOLLY HOTTIE WHITE HEART,8,05/05/2011 10:51,4.06,13196,United Kingdom
565034,21755,LOVE BUILDING BLOCK WORD,2,09/05/2011 09:38,6.64,14156,United Kingdom
538249,22383,LUNCH BAG SUKI DESIGN,1,08/02/2011 19:01,1.83,13146,United Kingdom
571448,23203,JUMBO BAG DOILEY PATTERNS,8,02/07/2011 18:49,2.05,13374,United Kingdom
544015,23298,SPOTTY BUNTING,3,05/06/2011 15:14,5.19,14076,Ireland
547760,21754,HOME BUILDING BLOCK WORD,7,05/10/2011 13:35,6.03,12672,United Kingdom
551282,22197,SMALL POPCORN HOLDER,10,06/29/2011 13:44,0.92,13362,Ireland
579822,21212,PACK OF 72 RETROSPOT CAKE CASES,5,06/13/2011 10:23,0.43,13536,United Kingdom
580011,21071,VINTAGE BILLBOARD DRINK ME MUG,1,06/21/2011 08:05,1.1,12768,Portugal
584691,85099B,JUMBO BAG RED RETROSPOT,14,08/04/2011 16:19,2.24,12847,United Kingdom
558650,21929,JUMBO BAG PINK VINTAGE PAISLEY,3,10/27/2011 16:47,2.11,13191,Netherlands
567611,22960,JAM MAKING SET WITH JARS,3,09/01/2011 12:41,4.07,14549,United Kingdom
546495,22197,SMALL POPCORN HOLDER,15,07/11/2011 10:41,0.86,13304,United Kingdom
557453,21212,PACK OF 72 RETROSPOT CAKE CASES,3,04/17/2011 10:25,0.46,13373,United Kingdom
559522,71053,WHITE METAL LANTERN,11,11/09/2011 10:29,3.05,13208,United Kingdom
582573,22197,SMALL POPCORN HOLDER,6,03/16/2011 13:14,0.85,15330,United Kingdom
568894,23084,RABBIT NIGHT LIGHT,11,04/30/2011 16:59,2.18,12669,Germany
586762,21931,JUMBO STORAGE BAG SUKI,7,05/11/2011 14:43,2.09,13525,United Kingdom
C570949,23298,SPOTTY BUNTING,-13,11/12/2011 14:02,5.69,12490,United Kingdom
545901,21754,HOME BUILDING BLOCK WORD,1,06/23/2011 19:10,6.23,12508,United Kingdom
553923,84029G,KNITTED UNION FLAG HOT WATER BOTTLE,15,12/15/2010 16:25,4.27,13521,United Kingdom
542996,21730,GLASS STAR FROSTED T-LIGHT HOLDER,8,07/14/2011 08:33,4.19,,United Kingdom
569242,84029E,RED WOOLLY HOTTIE WHITE HEART,12,09/13/2011 08:42,3.61,13311,United Kingdom
550354,20725,LUNCH BAG RED RETROSPOT,7,03/02/2011 16:47,1.67,13085,United Kingdom
561579,84879,ASSORTED COLOUR BIRD ORNAMENT,6,03/28/2011 14:46,1.63,12441,United Kingdom
537540,20727,LUNCH BAG BLACK SKULL.,15,11/15/2011 07:13,1.86,13150,United Kingdom
538498,21755,LOVE BUILDING BLOCK WORD,10,11/10/2011 11:54,5.36,12767,United Kingdom
552929,23203,JUMBO BAG DOILEY PATTERNS,4,10/29/2011 14:05,2.06,14186,United Kingdom
544086,21755,LOVE BUILDING BLOCK WORD,7,05/26/2011 19:16,6.0,13334,Belgium
578771,22178,VICTORIAN GLASS HANGING T-LIGHT,1,11/24/2011 13:41,1.27,12606,France
569316,21755,LOVE BUILDING BLOCK WORD,6,02/07/2011 13:00,6.77,16161,United Kingdom
581453,22086,PAPER CHAIN KIT 50'S CHRISTMAS,3,12/29/2010 12:39,3.31,15958,United Kingdom
558364,21071,VINTAGE BILLBOARD DRINK ME MUG,5,11/16/2011 08:32,1.0,12386,United Kingdom
584360,23203,JUMBO BAG DOILEY PATTERNS,1,11/07/2011 19:30,2.01,13340,United Kingdom
548350,21755,LOVE BUILDING BLOCK WORD,12,04/28/2011 14:05,6.75,13275,United Kingdom
562525,23298,SPOTTY BUNTING,9,03/28/2011 19:31,4.49,16194,United Kingdom
564543,21730,GLASS STAR FROSTED T-LIGHT HOLDER,1,08/07/2011 11:19,4.86,14552,United Kingdom
583997,85099B,JUMBO BAG RED RETROSPOT,9,08/15/2011 17:41,1.95,15870,United Kingdom
583841,85099B,JUMBO BAG RED RETROSPOT,18,06/15/2011 07:11,1.94,13337,United Kingdom
552261,85099B,JUMBO BAG RED RETROSPOT,1,08/03/2011 15:37,2.29,16091,United Kingdom
560575,21931,JUMBO STORAGE BAG SUKI,4,08/08/2011 07:28,2.07,14954,United Kingdom
559460,22961,JAM MAKING SET PRINTED,6,04/22/2011 07:08,1.32,15080,United Kingdom
571419,84029E,RED WOOLLY HOTTIE WHITE HEART,5,03/19/2011 11:11,4.08,14451,Germany
559985,23203,JUMBO BAG DOILEY PATTERNS,10,02/04/2011 09:34,2.39,13735,United Kingdom
538901,85123A,WHITE HANGING HEART T-LIGHT HOLDER,1,07/13/2011 13:25,2.88,13660,Ireland
549151,21931,JUMBO STORAGE BAG SUKI,6,05/06/2011 08:58,2.05,14491,Germany
558720,21071,VINTAGE BILLBOARD DRINK ME MUG,4,06/25/2011 18:43,1.21,14139,Germany
536756,22961,JAM MAKING SET PRINTED,1,03/16/2011 12:07,1.63,12632,United Kingdom
548858,71053,WHITE METAL LANTERN,9,11/20/2011 13:04,3.21,12836,France
539151,20725,LUNCH BAG RED RETROSPOT,11,04/30/2011 07:19,1.74,13638,United Kingdom
571217,23084,RABBIT NIGHT LIGHT,14,03/30/2011 14:46,1.97,13829,Germany
564467,22960,JAM MAKING SET WITH JARS,5,03/27/2011 19:49,4.6,15862,United Kingdom
567267,22138,BAKING SET 9 PIECE RETROSPOT,6,11/06/2011 10:49,5.68,12765,United Kingdom
538783,84406B,CREAM CUPID HEARTS COAT HANGER,8,03/22/2011 18:11,2.56,12979,United Kingdom
561341,22961,JAM MAKING SET PRINTED,7,05/26/2011 09:45,1.59,12627,Germany
568238,20727,LUNCH BAG BLACK SKULL.,17,04/07/2011 18:17,1.74,12463,France
571656,22197,SMALL POPCORN HOLDER,10,05/11/2011 11:58,0.78,13610,United Kingdom
C551670,84029G,KNITTED UNION FLAG HOT WATER BOTTLE,-5,09/11/2011 08:47,3.53,13149,France
573397,23203,JUMBO BAG DOILEY PATTERNS,8,02/09/2011 15:04,2.34,16531,United Kingdom
567909,22138,BAKING SET 9 PIECE RETROSPOT,1,10/07/2011 07:19,4.66,12805,United Kingdom
576876,84406B,CREAM CUPID HEARTS COAT HANGER,12,10/17/2011 14:43,2.82,13182,United Kingdom
566217,22752,SET 7 BABUSHKA NESTING BOXES,14,08/31/2011 14:18,8.18,13283,Germany
583456,21730,GLASS STAR FROSTED T-LIGHT HOLDER,7,10/09/2011 15:46,4.54,13369,United Kingdom
563125,23084,RABBIT NIGHT LIGHT,10,05/13/2011 10:33,2.18,12554,United Kingdom
564768,22752,SET 7 BABUSHKA NESTING BOXES,8,06/20/2011 10:45,7.14,14727,United Kingdom
565292,22633,HAND WARMER UNION JACK,1,03/13/2011 17:54,1.97,13718,Netherlands
C561845,21929,JUMBO BAG PINK VINTAGE PAISLEY,-4,05/04/2011 08:18,2.33,13301,Ireland
568579,20727,LUNCH BAG BLACK SKULL.,2,09/22/2011 10:56,1.75,14550,United Kingdom
571861,20725,LUNCH BAG RED RETROSPOT,1,03/17/2011 17:57,1.53,12517,France
540406,21212,PACK OF 72 RETROSPOT CAKE CASES,10,03/18/2011 17:39,0.48,13255,United Kingdom
572441,23203,JUMBO BAG DOILEY PATTERNS,4,01/26/2011 17:36,2.15,13750,United Kingdom
576844,22633,HAND WARMER UNION JACK,6,03/28/2011 14:23,2.04,13084,Ireland
568266,22632,HAND WARMER RED POLKA DOT,11,03/30/2011 14:59,2.07,13055,Netherlands
537548,22197,SMALL POPCORN HOLDER,8,10/01/2011 11:48,0.87,13150,United Kingdom
544855,20725,LUNCH BAG RED RETROSPOT,5,05/27/2011 11:08,1.6,14176,Germany
559747,21071,VINTAGE BILLBOARD DRINK ME MUG,13,11/12/2011 07:00,1.11,13094,United Kingdom
587364,21755,LOVE BUILDING BLOCK WORD,1,01/10/2011 11:55,6.38,15304,United Kingdom
557836,20725,LUNCH BAG RED RETROSPOT,9,03/27/2011 18:15,1.84,13815,United Kingdom
553739,84029G,KNITTED UNION FLAG HOT WATER BOTTLE,5,11/26/2011 11:06,3.76,12602,United Kingdom
558165,22086,PAPER CHAIN KIT 50'S CHRISTMAS,13,05/28/2011 15:50,2.83,13029,United Kingdom
541076,22961,JAM MAKING SET PRINTED,20,05/27/2011 14:01,1.44,13270,United Kingdom
557731,21212,PACK OF 72 RETROSPOT CAKE CASES,19,08/11/2011 07:43,0.39,12539,Spain
584831,85123A,WHITE HANGING HEART T-LIGHT HOLDER,1,07/01/2011 09:55,2.82,12963,United Kingdom
581100,85123A,WHITE HANGING HEART T-LIGHT HOLDER,2,08/18/2011 08:31,2.54,15190,United Kingdom
581201,22960,JAM MAKING SET WITH JARS,9,05/16/2011 07:00,4.34,12702,France
548100,21212,PACK OF 72 RETROSPOT CAKE CASES,1,10/06/2011 07:38,0.41,12739,United Kingdom
550821,20725,LUNCH BAG RED RETROSPOT,8,07/14/2011 07:54,1.73,14613,United Kingdom
549800,22423,REGENCY CAKESTAND 3 TIER,7,06/30/2011 08:31,14.52,13401,France
543263,23203,JUMBO BAG DOILEY PATTERNS,7,03/30/2011 11:47,2.07,12758,Netherlands
570283,23203,JUMBO BAG DOILEY PATTERNS,11,06/27/2011 15:48,2.08,12791,France
573956,22197,SMALL POPCORN HOLDER,1,06/22/2011 12:32,0.87,12703,United Kingdom
541442,21754,HOME BUILDING BLOCK WORD,5,11/13/2011 08:33,6.65,14401,United Kingdom
538900,20727,LUNCH BAG BLACK SKULL.,9,02/12/2011 12:18,1.57,13660,Ireland
569223,22383,LUNCH BAG SUKI DESIGN,3,06/15/2011 11:07,1.52,15442,United Kingdom
546751,22752,SET 7 BABUSHKA NESTING BOXES,15,01/22/2011 18:27,8.04,13626,Ireland
C546389,22138,BAKING SET 9 PIECE RETROSPOT,-15,02/03/2011 14:08,4.99,13161,United Kingdom
548240,23084,RABBIT NIGHT LIGHT,7,06/02/2011 15:54,2.33,13346,United Kingdom
555272,20727,LUNCH BAG BLACK SKULL.,6,06/07/2011 10:21,1.52,14656,United Kingdom
556726,85123A,WHITE HANGING HEART T-LIGHT HOLDER,7,04/12/2011 10:09,2.52,13818,United Kingdom
557451,21754,HOME BUILDING BLOCK WORD,15,09/27/2011 15:14,5.58,13373,United Kingdom
543938,22632,HAND WARMER RED POLKA DOT,1,02/14/2011 17:59,1.71,13009,United Kingdom
587091,22960,JAM MAKING SET WITH JARS,5,10/22/2011 10:24,4.66,13157,United Kingdom
587142,22138,BAKING SET 9 PIECE RETROSPOT,1,08/07/2011 07:21,5.09,13127,Germany
548099,21754,HOME BUILDING BLOCK WORD,12,04/16/2011 11:47,6.05,12739,United Kingdom
543954,23298,SPOTTY BUNTING,16,11/12/2011 07:55,4.49,13009,United Kingdom
541785,22423,REGENCY CAKESTAND 3 TIER,2,12/02/2011 10:41,13.9,14239,Germany
544806,23203,JUMBO BAG DOILEY PATTERNS,3,09/02/2011 18:38,1.99,,United Kingdom
545100,21755,LOVE BUILDING BLOCK WORD,4,07/17/2011 13:26,6.03,14132,Germany
558187,84029E,RED WOOLLY HOTTIE WHITE HEART,5,03/22/2011 15:40,4.12,13029,United Kingdom
551523,22423,REGENCY CAKESTAND 3 TIER,9,06/07/2011 09:13,13.32,12667,Germany
545398,84406B,CREAM CUPID HEARTS COAT HANGER,15,10/14/2011 19:18,2.51,12389,United Kingdom
576282,22961,JAM MAKING SET PRINTED,5,03/04/2011 19:37,1.58,12579,United Kingdom
545307,84029G,KNITTED UNION FLAG HOT WATER BOTTLE,7,09/24/2011 15:44,4.1,12862,United Kingdom
584998,22138,BAKING SET 9 PIECE RETROSPOT,2,06/18/2011 11:52,5.34,12887,United Kingdom
584771,22086,PAPER CHAIN KIT 50'S CHRISTMAS,7,07/21/2011 14:56,3.06,12461,United Kingdom
575400,21071,VINTAGE BILLBOARD DRINK ME MUG,2,01/19/2011 10:57,1.2,13757,United Kingdom
548762,22960,JAM MAKING SET WITH JARS,3,08/01/2011 19:42,4.61,13684,Germany
C553181,22423,REGENCY CAKESTAND 3 TIER,-1,04/11/2011 16:36,13.73,14267,Ireland
577802,22138,BAKING SET 9 PIECE RETROSPOT,3,11/14/2011 09:42,5.08,13126,Germany
542818,23084,RABBIT NIGHT LIGHT,3,12/02/2011 19:08,2.29,13252,United Kingdom
537514,20725,LUNCH BAG RED RETROSPOT,1,12/04/2010 19:35,1.81,14834,United Kingdom
559554,22960,JAM MAKING SET WITH JARS,1,11/04/2011 09:39,4.63,,United Kingdom
563598,22961,JAM MAKING SET PRINTED,14,06/17/2011 08:12,1.44,12744,United Kingdom
575801,22961,JAM MAKING SET PRINTED,7,06/09/2011 16:45,1.44,12815,United Kingdom
543463,22178,VICTORIAN GLASS HANGING T-LIGHT,1,01/01/2011 14:51,1.32,13760,United Kingdom
574559,22423,REGENCY CAKESTAND 3 TIER,9,02/25/2011 14:58,14.34,12783,United Kingdom
562477,84406B,CREAM CUPID HEARTS COAT HANGER,4,03/05/2011 14:42,3.04,13188,United Kingdom
565852,22197,SMALL POPCORN HOLDER,6,09/17/2011 11:19,0.77,13013,United Kingdom
554531,23084,RABBIT NIGHT LIGHT,8,07/23/2011 13:33,2.36,12698,United Kingdom
579906,21755,LOVE BUILDING BLOCK WORD,1,05/26/2011 07:27,5.42,15059,Ireland
536727,23298,SPOTTY BUNTING,16,05/17/2011 08:47,5.0,13842,United Kingdom
579926,84879,ASSORTED COLOUR BIRD ORNAMENT,25,12/20/2010 17:37,1.83,13585,Germany
541774,85123A,WHITE HANGING HEART T-LIGHT HOLDER,5,06/03/2011 08:22,2.5,14126,United Kingdom
559883,21755,LOVE BUILDING BLOCK WORD,4,09/25/2011 10:52,5.95,14605,United Kingdom
583127,21754,HOME BUILDING BLOCK WORD,3,02/15/2011 17:12,6.0,12969,United Kingdom
C545879,85099B,JUMBO BAG RED RETROSPOT,-3,11/21/2011 15:26,2.39,12499,United Kingdom
561658,22633,HAND WARMER UNION JACK,15,06/05/2011 09:46,1.8,12477,France
578971,21931,JUMBO STORAGE BAG SUKI,5,03/18/2011 10:58,1.95,13556,United Kingdom
551065,22086,PAPER CHAIN KIT 50'S CHRISTMAS,10,07/07/2011 19:15,3.01,,Spain
568631,22178,VICTORIAN GLASS HANGING T-LIGHT,13,11/13/2011 15:23,1.2,12589,United Kingdom
567013,71053,WHITE METAL LANTERN,10,04/21/2011 12:15,3.12,12433,United Kingdom
556209,85123A,WHITE HANGING HEART T-LIGHT HOLDER,5,02/11/2011 09:09,2.39,12561,Ireland
562754,21931,JUMBO STORAGE BAG SUKI,1,04/25/2011 14:07,2.05,14832,United Kingdom
574873,22138,BAKING SET 9 PIECE RETROSPOT,2,08/28/2011 16:59,4.65,14038,United Kingdom
548640,20725,LUNCH BAG RED RETROSPOT,8,07/09/2011 19:38,1.86,13302,United Kingdom
548302,84029G,KNITTED UNION FLAG HOT WATER BOTTLE,11,09/07/2011 17:41,3.83,12575,United Kingdom
575043,21755,LOVE BUILDING BLOCK WORD,5,10/28/2011 10:45,6.78,12809,United Kingdom
537707,22197,SMALL POPCORN HOLDER,16,03/30/2011 08:01,0.83,12853,Ireland
539348,21755,LOVE BUILDING BLOCK WORD,14,03/07/2011 08:01,6.17,13800,United Kingdom
562193,22383,LUNCH BAG SUKI DESIGN,11,09/10/2011 11:15,1.73,13276,United Kingdom
557729,21754,HOME BUILDING BLOCK WORD,5,10/25/2011 10:20,5.98,12539,Spain
538103,22632,HAND WARMER RED POLKA DOT,10,07/10/2011 11:48,2.12,13099,United Kingdom
550265,85099B,JUMBO BAG RED RETROSPOT,1,01/23/2011 11:43,2.31,13147,France
579711,22138,BAKING SET 9 PIECE RETROSPOT,19,07/30/2011 11:44,4.8,12960,France
576135,22632,HAND WARMER RED POLKA DOT,1,08/20/2011 15:22,1.96,16065,United Kingdom
550720,23203,JUMBO BAG DOILEY PATTERNS,9,01/18/2011 16:23,2.39,13687,United Kingdom
547782,71053,WHITE METAL LANTERN,3,04/29/2011 12:22,3.75,14097,United Kingdom
546107,84029E,RED WOOLLY HOTTIE WHITE HEART,11,12/14/2010 18:40,4.04,13770,Spain
568876,21212,PACK OF 72 RETROSPOT CAKE CASES,1,03/08/2011 12:37,0.47,12669,Germany
542959,84029G,KNITTED UNION FLAG HOT WATER BOTTLE,4,07/26/2011 08:50,4.04,13816,United Kingdom
565416,22632,HAND WARMER RED POLKA DOT,3,03/30/2011 14:23,1.91,14475,United Kingdom
555282,84879,ASSORTED COLOUR BIRD ORNAMENT,11,03/03/2011 17:22,1.85,15216,United Kingdom
573591,85099B,JUMBO BAG RED RETROSPOT,5,02/24/2011 18:59,2.33,13344,Germany
539188,21730,GLASS STAR FROSTED T-LIGHT HOLDER,6,03/15/2011 07:51,4.21,12351,United Kingdom
567515,84029G,KNITTED UNION FLAG HOT WATER BOTTLE,23,08/08/2011 18:07,3.57,13017,United Kingdom
586798,85099B,JUMBO BAG RED RETROSPOT,11,12/15/2010 08:38,2.07,13730,Ireland
567112,21931,JUMBO STORAGE BAG SUKI,1,03/10/2011 07:07,2.19,,United Kingdom
540222,22383,LUNCH BAG SUKI DESIGN,6,06/25/2011 10:48,1.72,14504,United Kingdom
554414,23084,RABBIT NIGHT LIGHT,7,08/31/2011 17:59,2.17,15200,United Kingdom
558330,84879,ASSORTED COLOUR BIRD ORNAMENT,3,03/19/2011 19:28,1.62,13309,Ireland
580720,20725,LUNCH BAG RED RETROSPOT,11,08/22/2011 16:28,1.68,12641,United Kingdom
573985,85099B,JUMBO BAG RED RETROSPOT,3,03/20/2011 11:36,1.91,12703,United Kingdom
556403,20727,LUNCH BAG BLACK SKULL.,7,01/27/2011 09:30,1.88,12801,United Kingdom
585583,20727,LUNCH BAG BLACK SKULL.,4,09/19/2011 09:39,1.58,14047,United Kingdom
556620,21212,PACK OF 72 RETROSPOT CAKE CASES,10,06/14/2011 11:30,0.42,13814,United Kingdom
564806,71053,WHITE METAL LANTERN,1,09/13/2011 11:23,3.78,12354,United Kingdom
579250,23203,JUMBO BAG DOILEY PATTERNS,1,04/15/2011 13:48,2.08,16233,Germany
C546389,21730,GLASS STAR FROSTED T-LIGHT HOLDER,-7,02/03/2011 14:08,4.55,13161,United Kingdom
565006,85123A,WHITE HANGING HEART T-LIGHT HOLDER,3,12/02/2011 07:11,2.31,13393,Netherlands
575260,23203,JUMBO BAG DOILEY PATTERNS,5,02/15/2011 13:44,2.3,14188,United Kingdom
580423,23084,RABBIT NIGHT LIGHT,5,02/27/2011 09:49,2.39,13039,United Kingdom
555805,23084,RABBIT NIGHT LIGHT,5,01/24/2011 07:43,2.27,,United Kingdom
563728,71053,WHITE METAL LANTERN,1,05/12/2011 15:06,3.86,14944,Germany
546477,21754,HOME BUILDING BLOCK WORD,11,02/01/2011 18:24,6.36,12562,United Kingdom
546820,21754,HOME BUILDING BLOCK WORD,5,02/04/2011 14:00,5.42,12450,Ireland
576486,21071,VINTAGE BILLBOARD DRINK ME MUG,8,11/11/2011 13:18,0.98,13194,United Kingdom
570879,84029E,RED WOOLLY HOTTIE WHITE HEART,2,11/03/2011 12:43,4.09,,Ireland
573589,22138,BAKING SET 9 PIECE RETROSPOT,11,09/29/2011 16:50,5.64,13344,Germany
554305,21754,HOME BUILDING BLOCK WORD,16,04/05/2011 17:48,6.05,13054,United Kingdom
584091,21071,VINTAGE BILLBOARD DRINK ME MUG,3,04/17/2011 13:26,1.07,13992,United Kingdom
582118,22961,JAM MAKING SET PRINTED,1,03/23/2011 07:25,1.33,13778,Germany
568462,85099B,JUMBO BAG RED RETROSPOT,12,08/16/2011 19:29,2.1,13290,Ireland
538992,20727,LUNCH BAG BLACK SKULL.,5,08/22/2011 14:30,1.72,13994,United Kingdom
565904,21071,VINTAGE BILLBOARD DRINK ME MUG,12,07/01/2011 07:28,0.99,13112,Belgium
580686,21929,JUMBO BAG PINK VINTAGE PAISLEY,7,08/06/2011 14:41,2.01,,United Kingdom
585143,22633,HAND WARMER UNION JACK,6,09/26/2011 19:34,2.09,12476,United Kingdom
562957,22178,VICTORIAN GLASS HANGING T-LIGHT,1,11/01/2011 10:19,1.19,12797,United Kingdom
580565,22960,JAM MAKING SET WITH JARS,5,10/30/2011 17:57,4.52,13253,Belgium
536901,23203,JUMBO BAG DOILEY PATTERNS,8,08/14/2011 09:32,2.34,13110,United Kingdom
553346,84029E,RED WOOLLY HOTTIE WHITE HEART,10,07/05/2011 09:57,3.43,12369,United Kingdom
574396,23084,RABBIT NIGHT LIGHT,9,10/16/2011 12:16,1.96,13354,United Kingdom
568638,22197,SMALL POPCORN HOLDER,10,04/20/2011 08:03,0.95,12589,United Kingdom
563838,21929,JUMBO BAG PINK VINTAGE PAISLEY,4,02/23/2011 11:23,2.07,15751,United Kingdom
546182,22961,JAM MAKING SET PRINTED,2,10/25/2011 14:19,1.41,12719,United Kingdom
570118,22752,SET 7 BABUSHKA NESTING BOXES,5,08/10/2011 11:28,8.12,13636,United Kingdom
587223,21212,PACK OF 72 RETROSPOT CAKE CASES,8,08/02/2011 19:19,0.45,15496,United Kingdom
570131,84029G,KNITTED UNION FLAG HOT WATER BOTTLE,11,08/01/2011 12:33,3.59,13636,United Kingdom
C551113,22632,HAND WARMER RED POLKA DOT,-11,06/24/2011 17:33,2.01,12880,United Kingdom
555218,21212,PACK OF 72 RETROSPOT CAKE CASES,5,05/07/2011 17:37,0.48,13352,United Kingdom
556243,21212,PACK OF 72 RETROSPOT CAKE CASES,8,07/23/2011 18:25,0.46,12561,Ireland
554181,84029G,KNITTED UNION FLAG HOT WATER BOTTLE,14,01/27/2011 10:26,4.09,13310,United Kingdom
584273,84879,ASSORTED COLOUR BIRD ORNAMENT,1,11/08/2011 17:15,1.69,13940,United Kingdom
537311,23084,RABBIT NIGHT LIGHT,16,03/12/2011 08:33,2.21,12496,United Kingdom
585843,22197,SMALL POPCORN HOLDER,4,08/01/2011 19:53,0.91,14043,United Kingdom
547404,21730,GLASS STAR FROSTED T-LIGHT HOLDER,4,01/24/2011 18:48,4.83,13485,United Kingdom
546857,22197,SMALL POPCORN HOLDER,7,01/28/2011 18:16,0.85,13335,United Kingdom
558779,21730,GLASS STAR FROSTED T-LIGHT HOLDER,4,01/26/2011 12:33,4.54,13578,United Kingdom
561150,85123A,WHITE HANGING HEART T-LIGHT HOLDER,2,06/07/2011 15:48,2.56,12865,United Kingdom
549689,22961,JAM MAKING SET PRINTED,6,05/11/2011 15:48,1.45,13030,United Kingdom
554690,84406B,CREAM CUPID HEARTS COAT HANGER,3,06/18/2011 12:38,2.64,13121,United Kingdom
C575954,21212,PACK OF 72 RETROSPOT CAKE CASES,-9,03/07/2011 13:58,0.46,12730,United Kingdom
583052,21754,HOME BUILDING BLOCK WORD,12,07/15/2011 16:34,5.84,12893,United Kingdom
554746,21755,LOVE BUILDING BLOCK WORD,12,03/09/2011 10:06,6.39,13612,United Kingdom
579058,21929,JUMBO BAG PINK VINTAGE PAISLEY,18,12/28/2010 13:15,2.12,13869,Germany
549595,21754,HOME BUILDING BLOCK WORD,7,02/23/2011 10:56,5.41,15012,United Kingdom
541287,21730,GLASS STAR FROSTED T-LIGHT HOLDER,2,06/15/2011 10:20,4.55,12540,United Kingdom
538825,22752,SET 7 BABUSHKA NESTING BOXES,3,07/23/2011 16:34,7.83,14060,Netherlands
560290,22383,LUNCH BAG SUKI DESIGN,11,12/24/2010 13:38,1.57,13764,United Kingdom
551044,22086,PAPER CHAIN KIT 50'S CHRISTMAS,6,11/03/2011 16:19,3.38,14410,United Kingdom
545507,84029E,RED WOOLLY HOTTIE WHITE HEART,5,03/01/2011 13:45,3.82,14981,United Kingdom
585206,84406B,CREAM CUPID HEARTS COAT HANGER,12,06/18/2011 14:01,2.61,13289,United Kingdom
578591,20725,LUNCH BAG RED RETROSPOT,5,05/21/2011 07:38,1.87,14655,France
549984,21212,PACK OF 72 RETROSPOT CAKE CASES,3,02/16/2011 14:15,0.43,13271,United Kingdom
568767,21212,PACK OF 72 RETROSPOT CAKE CASES,8,01/20/2011 15:27,0.48,13241,Germany
560403,21071,VINTAGE BILLBOARD DRINK ME MUG,4,02/15/2011 17:40,1.16,13490,Ireland
568292,21754,HOME BUILDING BLOCK WORD,15,08/19/2011 10:32,6.3,13260,United Kingdom
571898,22178,VICTORIAN GLASS HANGING T-LIGHT,8,08/29/2011 15:46,1.16,13233,Belgium
C580386,22086,PAPER CHAIN KIT 50'S CHRISTMAS,-5,06/19/2011 09:27,3.15,16348,United Kingdom
538297,21071,VINTAGE BILLBOARD DRINK ME MUG,7,01/18/2011 08:04,1.03,12852,United Kingdom
586469,22178,VICTORIAN GLASS HANGING T-LIGHT,1,05/17/2011 16:28,1.2,15620,Netherlands
572054,23084,RABBIT NIGHT LIGHT,1,10/24/2011 19:22,2.19,12480,United Kingdom
579067,20727,LUNCH BAG BLACK SKULL.,1,06/12/2011 07:02,1.78,13869,Germany
561017,22138,BAKING SET 9 PIECE RETROSPOT,11,11/20/2011 11:44,4.85,12897,Germany
582851,84029G,KNITTED UNION FLAG HOT WATER BOTTLE,4,09/03/2011 19:27,3.44,,United Kingdom
559147,21754,HOME BUILDING BLOCK WORD,5,02/24/2011 17:08,5.38,12676,United Kingdom
545614,85123A,WHITE HANGING HEART T-LIGHT HOLDER,1,04/06/2011 12:21,2.38,12362,United Kingdom
544579,84029G,KNITTED UNION FLAG HOT WATER BOTTLE,7,02/15/2011 18:42,4.24,13279,United Kingdom
577370,23298,SPOTTY BUNTING,2,02/20/2011 09:15,5.61,12886,France
585902,22138,BAKING SET 9 PIECE RETROSPOT,1,08/15/2011 11:01,4.71,14007,United Kingdom
564290,84406B,CREAM CUPID HEARTS COAT HANGER,1,03/15/2011 18:31,3.14,12666,United Kingdom
579600,22960,JAM MAKING SET WITH JARS,8,09/06/2011 15:53,4.04,13320,United Kingdom
568643,20725,LUNCH BAG RED RETROSPOT,9,04/07/2011 08:52,1.69,12589,United Kingdom
580176,21754,HOME BUILDING BLOCK WORD,3,01/07/2011 18:58,6.08,13665,United Kingdom
537249,84879,ASSORTED COLOUR BIRD ORNAMENT,3,09/08/2011 18:44,1.78,13937,United Kingdom
569411,21212,PACK OF 72 RETROSPOT CAKE CASES,9,09/29/2011 14:51,0.44,12894,United Kingdom
542338,21730,GLASS STAR FROSTED T-LIGHT HOLDER,8,05/13/2011 15:19,4.55,12424,United Kingdom
548926,22086,PAPER CHAIN KIT 50'S CHRISTMAS,15,01/29/2011 12:19,2.68,,United Kingdom
550546,71053,WHITE METAL LANTERN,11,10/21/2011 19:28,3.58,12425,United Kingdom
581235,23203,JUMBO BAG DOILEY PATTERNS,16,06/23/2011 10:42,2.11,13159,United Kingdom
537332,21754,HOME BUILDING BLOCK WORD,4,08/21/2011 11:53,5.99,13478,United Kingdom
544338,21212,PACK OF 72 RETROSPOT CAKE CASES,6,05/11/2011 09:43,0.39,14559,United Kingdom
571881,84029E,RED WOOLLY HOTTIE WHITE HEART,13,01/18/2011 12:09,3.97,12517,France
539415,84029G,KNITTED UNION FLAG HOT WATER BOTTLE,1,02/15/2011 15:58,3.65,13700,United Kingdom
577758,84029G,KNITTED UNION FLAG HOT WATER BOTTLE,3,07/16/2011 10:40,3.46,13109,United Kingdom
560923,84879,ASSORTED COLOUR BIRD ORNAMENT,7,05/27/2011 12:23,1.89,12382,United Kingdom
557956,22423,REGENCY CAKESTAND 3 TIER,5,05/30/2011 13:01,14.23,14729,Portugal
556053,22178,VICTORIAN GLASS HANGING T-LIGHT,1,06/01/2011 07:45,1.13,12418,United Kingdom
565569,21754,HOME BUILDING BLOCK WORD,8,07/16/2011 17:25,5.39,13201,France
586024,22960,JAM MAKING SET WITH JARS,9,05/01/2011 19:01,4.02,12459,United Kingdom
556041,71053,WHITE METAL LANTERN,7,04/29/2011 13:51,3.7,12487,United Kingdom
C576376,71053,WHITE METAL LANTERN,-4,11/14/2011 13:36,3.14,13263,United Kingdom
538977,84406B,CREAM CUPID HEARTS COAT HANGER,5,04/25/2011 08:40,3.05,12680,Germany
568830,84029G,KNITTED UNION FLAG HOT WATER BOTTLE,3,11/07/2011 07:24,3.47,,United Kingdom
C558369,23084,RABBIT NIGHT LIGHT,-21,06/04/2011 09:49,2.06,12386,United Kingdom
566675,21929,JUMBO BAG PINK VINTAGE PAISLEY,13,10/12/2011 13:41,2.08,12637,United Kingdom
559460,84029G,KNITTED UNION FLAG HOT WATER BOTTLE,3,04/22/2011 07:08,3.99,15080,United Kingdom
557078,21929,JUMBO BAG PINK VINTAGE PAISLEY,7,11/30/2011 18:45,2.2,13041,Netherlands
569612,22632,HAND WARMER RED POLKA DOT,2,10/12/2011 10:54,1.99,,United Kingdom
C565726,21929,JUMBO BAG PINK VINTAGE PAISLEY,-1,06/12/2011 17:48,2.37,14548,Ireland
565022,21212,PACK OF 72 RETROSPOT CAKE CASES,4,06/16/2011 17:57,0.44,13393,Netherlands
560328,84029E,RED WOOLLY HOTTIE WHITE HEART,1,09/25/2011 13:31,3.96,13129,United Kingdom
585449,85099B,JUMBO BAG RED RETROSPOT,7,04/11/2011 15:52,2.03,13209,United Kingdom
553509,21071,VINTAGE BILLBOARD DRINK ME MUG,7,06/19/2011 16:05,0.96,12670,United Kingdom
553230,84029E,RED WOOLLY HOTTIE WHITE HEART,15,08/22/2011 07:11,3.6,13087,United Kingdom
582497,85099B,JUMBO BAG RED RETROSPOT,21,01/25/2011 17:37,1.93,13643,United Kingdom
575664,85099B,JUMBO BAG RED RETROSPOT,8,02/15/2011 10:07,1.92,13772,United Kingdom
546527,22752,SET 7 BABUSHKA NESTING BOXES,4,05/19/2011 09:43,6.93,13499,Netherlands
586093,84879,ASSORTED COLOUR BIRD ORNAMENT,7,02/26/2011 16:23,1.68,12408,United Kingdom
569405,84029E,RED WOOLLY HOTTIE WHITE HEART,7,04/19/2011 17:06,3.92,12894,United Kingdom
574684,23084,RABBIT NIGHT LIGHT,8,02/07/2011 15:15,2.05,15769,United Kingdom
558216,21212,PACK OF 72 RETROSPOT CAKE CASES,8,07/29/2011 12:07,0.47,12876,United Kingdom
557438,22197,SMALL POPCORN HOLDER,9,09/03/2011 18:51,0.83,13214,United Kingdom
548867,22752,SET 7 BABUSHKA NESTING BOXES,7,05/15/2011 08:45,8.68,12836,France
538170,20725,LUNCH BAG RED RETROSPOT,12,12/02/2011 08:35,1.81,12438,United Kingdom
575814,21929,JUMBO BAG PINK VINTAGE PAISLEY,2,03/08/2011 18:22,1.99,13991,Spain
562173,21754,HOME BUILDING BLOCK WORD,5,03/03/2011 16:52,5.6,13276,United Kingdom
548937,22752,SET 7 BABUSHKA NESTING BOXES,1,03/12/2011 17:43,8.48,14496,United Kingdom
546898,21754,HOME BUILDING BLOCK WORD,9,09/12/2011 13:01,6.53,12866,United Kingdom
557833,21755,LOVE BUILDING BLOCK WORD,5,07/27/2011 07:56,5.75,13815,United Kingdom
544644,21071,VINTAGE BILLBOARD DRINK ME MUG,2,09/08/2011 12:23,1.1,13170,United Kingdom
582283,22383,LUNCH BAG SUKI DESIGN,7,07/22/2011 18:47,1.52,13080,United Kingdom
549019,20727,LUNCH BAG BLACK SKULL.,6,05/13/2011 16:56,1.83,14569,Netherlands
C559160,22633,HAND WARMER UNION JACK,-1,06/23/2011 15:14,1.88,12676,United Kingdom
579987,23084,RABBIT NIGHT LIGHT,12,05/26/2011 14:36,2.09,13841,United Kingdom
561392,71053,WHITE METAL LANTERN,10,05/17/2011 09:06,3.69,13199,United Kingdom
581874,22633,HAND WARMER UNION JACK,7,11/30/2011 07:45,2.07,12523,United Kingdom
548437,84879,ASSORTED COLOUR BIRD ORNAMENT,6,06/02/2011 19:04,1.88,13205,Spain
565037,22632,HAND WARMER RED POLKA DOT,3,04/01/2011 15:08,1.98,13548,Spain
536724,22086,PAPER CHAIN KIT 50'S CHRISTMAS,11,03/31/2011 07:58,3.33,13842,United Kingdom
573795,22178,VICTORIAN GLASS HANGING T-LIGHT,1,10/11/2011 08:38,1.28,12795,United Kingdom
562282,85099B,JUMBO BAG RED RETROSPOT,5,11/10/2011 11:16,1.94,12941,United Kingdom
550145,71053,WHITE METAL LANTERN,3,06/11/2011 16:50,3.49,15280,Belgium
584653,22961,JAM MAKING SET PRINTED,1,06/21/2011 17:45,1.38,14572,United Kingdom
581830,22423,REGENCY CAKESTAND 3 TIER,10,08/16/2011 17:07,12.87,12543,France
583339,85099B,JUMBO BAG RED RETROSPOT,8,10/05/2011 11:39,2.08,12560,United Kingdom
577786,20727,LUNCH BAG BLACK SKULL.,5,02/20/2011 09:28,1.84,14469,United Kingdom
562725,22960,JAM MAKING SET WITH JARS,1,12/06/2011 19:17,4.2,14329,United Kingdom
576127,22138,BAKING SET 9 PIECE RETROSPOT,7,03/09/2011 14:53,4.77,13225,United Kingdom
554813,22960,JAM MAKING SET WITH JARS,7,01/20/2011 10:53,3.87,,United Kingdom
576899,21929,JUMBO BAG PINK VINTAGE PAISLEY,14,02/08/2011 11:19,1.91,13182,United Kingdom
567016,23084,RABBIT NIGHT LIGHT,1,06/05/2011 13:38,2.22,14931,Germany
545985,22383,LUNCH BAG SUKI DESIGN,14,01/07/2011 10:05,1.54,13758,Germany
569888,21931,JUMBO STORAGE BAG SUKI,1,07/04/2011 11:03,2.14,12395,United Kingdom
571643,84029E,RED WOOLLY HOTTIE WHITE HEART,14,03/09/2011 10:41,3.99,13610,United Kingdom
578394,22423,REGENCY CAKESTAND 3 TIER,12,11/11/2011 18:24,13.35,13167,United Kingdom
568910,22960,JAM MAKING SET WITH JARS,1,09/15/2011 12:53,4.02,14677,United Kingdom
537201,22383,LUNCH BAG SUKI DESIGN,2,09/03/2011 15:33,1.63,12845,United Kingdom
561646,22423,REGENCY CAKESTAND 3 TIER,7,03/08/2011 08:47,13.69,12477,France
552112,23084,RABBIT NIGHT LIGHT,15,03/31/2011 10:38,1.95,13738,United Kingdom
550012,85099B,JUMBO BAG RED RETROSPOT,7,02/08/2011 17:56,1.92,12415,United Kingdom
536675,85099B,JUMBO BAG RED RETROSPOT,3,10/26/2011 13:39,1.95,14368,Spain
544827,22752,SET 7 BABUSHKA NESTING BOXES,5,07/02/2011 14:24,7.12,12811,United Kingdom
578240,22960,JAM MAKING SET WITH JARS,9,08/02/2011 18:31,4.72,12830,United Kingdom
559414,21730,GLASS STAR FROSTED T-LIGHT HOLDER,9,09/07/2011 19:20,3.86,13053,United Kingdom
540991,22197,SMALL POPCORN HOLDER,4,02/27/2011 15:13,0.87,14002,United Kingdom
571212,22383,LUNCH BAG SUKI DESIGN,10,04/13/2011 18:57,1.81,13829,Germany
572396,22383,LUNCH BAG SUKI DESIGN,6,10/01/2011 19:17,1.76,14010,United Kingdom
577842,84879,ASSORTED COLOUR BIRD ORNAMENT,2,04/09/2011 18:50,1.63,,Germany
580385,71053,WHITE METAL LANTERN,12,03/21/2011 07:44,3.06,13845,United Kingdom
575036,22383,LUNCH BAG SUKI DESIGN,11,10/11/2011 16:17,1.87,12809,United Kingdom
548386,21754,HOME BUILDING BLOCK WORD,12,03/19/2011 15:44,6.59,12514,United Kingdom
557086,22197,SMALL POPCORN HOLDER,8,11/10/2011 19:41,0.88,13041,Netherlands
564551,22086,PAPER CHAIN KIT 50'S CHRISTMAS,1,08/13/2011 18:44,2.93,12565,Ireland
550513,21755,LOVE BUILDING BLOCK WORD,5,10/08/2011 19:23,5.36,14128,Spain
580430,84879,ASSORTED COLOUR BIRD ORNAMENT,1,09/01/2011 10:13,1.88,14507,United Kingdom
552109,21754,HOME BUILDING BLOCK WORD,19,02/19/2011 10:20,5.73,13738,United Kingdom
542081,84406B,CREAM CUPID HEARTS COAT HANGER,15,03/08/2011 14:25,2.8,,United Kingdom
581521,22086,PAPER CHAIN KIT 50'S CHRISTMAS,3,06/24/2011 17:38,2.68,14558,United Kingdom
581826,21730,GLASS STAR FROSTED T-LIGHT HOLDER,8,07/29/2011 12:18,4.39,14018,Spain
562331,22752,SET 7 BABUSHKA NESTING BOXES,10,10/24/2011 19:09,8.17,12917,United Kingdom
571386,22138,BAKING SET 9 PIECE RETROSPOT,8,09/25/2011 11:47,5.13,12900,United Kingdom
541517,21730,GLASS STAR FROSTED T-LIGHT HOLDER,2,02/19/2011 15:23,4.18,14850,Portugal
558746,23084,RABBIT NIGHT LIGHT,9,10/15/2011 16:23,2.01,13278,United Kingdom
582296,21754,HOME BUILDING BLOCK WORD,14,02/15/2011 16:33,6.67,13080,United Kingdom
576619,22960,JAM MAKING SET WITH JARS,20,03/26/2011 15:25,3.92,13554,Germany
561017,23203,JUMBO BAG DOILEY PATTERNS,9,11/20/2011 11:44,2.27,12897,Germany
547800,21931,JUMBO STORAGE BAG SUKI,1,10/25/2011 09:51,1.88,13047,United Kingdom
539185,22138,BAKING SET 9 PIECE RETROSPOT,1,05/13/2011 13:42,5.26,12351,United Kingdom
569405,22961,JAM MAKING SET PRINTED,4,04/19/2011 17:06,1.57,12894,United Kingdom
562352,84029E,RED WOOLLY HOTTIE WHITE HEART,3,05/07/2011 16:38,3.73,12478,United Kingdom
561585,23298,SPOTTY BUNTING,5,05/13/2011 10:14,5.2,,United Kingdom
538799,21931,JUMBO STORAGE BAG SUKI,5,08/31/2011 15:29,1.88,16295,United Kingdom
571845,22383,LUNCH BAG SUKI DESIGN,12,02/23/2011 07:22,1.88,13101,France
583210,23084,RABBIT NIGHT LIGHT,1,11/05/2011 13:58,2.23,12919,United Kingdom
536912,22423,REGENCY CAKESTAND 3 TIER,1,08/21/2011 11:42,11.93,15770,Ireland
542604,22138,BAKING SET 9 PIECE RETROSPOT,6,08/30/2011 19:59,4.48,13076,United Kingdom
581920,23203,JUMBO BAG DOILEY PATTERNS,5,05/06/2011 12:00,1.95,12629,Germany
567758,22632,HAND WARMER RED POLKA DOT,5,10/30/2011 13:48,1.92,14641,United Kingdom
575394,22178,VICTORIAN GLASS HANGING T-LIGHT,7,06/12/2011 19:10,1.18,13757,United Kingdom
544181,22178,VICTORIAN GLASS HANGING T-LIGHT,2,02/27/2011 10:38,1.17,14488,France
562640,22961,JAM MAKING SET PRINTED,1,03/12/2011 14:09,1.37,13642,United Kingdom
576280,22960,JAM MAKING SET WITH JARS,19,03/13/2011 15:16,4.18,12579,United Kingdom
575340,85123A,WHITE HANGING HEART T-LIGHT HOLDER,18,11/02/2011 10:09,2.81,12970,United Kingdom
550071,23203,JUMBO BAG DOILEY PATTERNS,18,12/04/2010 18:05,1.91,13619,United Kingdom
584031,85123A,WHITE HANGING HEART T-LIGHT HOLDER,3,06/30/2011 10:00,2.65,14026,United Kingdom
539263,23298,SPOTTY BUNTING,11,02/23/2011 12:59,4.75,12733,Spain
562264,85099B,JUMBO BAG RED RETROSPOT,1,05/28/2011 10:14,2.29,12941,United Kingdom
554239,23084,RABBIT NIGHT LIGHT,6,08/20/2011 19:06,1.87,14229,Netherlands
564189,21929,JUMBO BAG PINK VINTAGE PAISLEY,1,05/13/2011 08:38,1.94,12647,France
563889,84029E,RED WOOLLY HOTTIE WHITE HEART,8,08/28/2011 13:03,3.46,13190,United Kingdom
576450,23298,SPOTTY BUNTING,14,05/13/2011 10:09,5.0,12760,Ireland
539944,22383,LUNCH BAG SUKI DESIGN,12,02/25/2011 15:31,1.61,12695,Ireland
569229,84406B,CREAM CUPID HEARTS COAT HANGER,5,09/17/2011 14:16,2.54,14118,United Kingdom
544989,22423,REGENCY CAKESTAND 3 TIER,9,02/26/2011 08:38,12.69,12987,Ireland
549659,22632,HAND WARMER RED POLKA DOT,22,12/23/2010 07:03,1.81,13628,United Kingdom
553188,71053,WHITE METAL LANTERN,1,01/02/2011 11:51,3.53,,United Kingdom
554506,21754,HOME BUILDING BLOCK WORD,6,06/11/2011 16:41,5.94,14365,United Kingdom
567273,23203,JUMBO BAG DOILEY PATTERNS,8,02/11/2011 15:14,2.11,12765,United Kingdom
549627,21212,PACK OF 72 RETROSPOT CAKE CASES,9,10/09/2011 13:02,0.38,12779,United Kingdom
551281,22752,SET 7 BABUSHKA NESTING BOXES,5,05/29/2011 11:59,7.26,13362,Ireland
548433,85123A,WHITE HANGING HEART T-LIGHT HOLDER,7,10/15/2011 09:35,2.67,12859,United Kingdom
550964,20725,LUNCH BAG RED RETROSPOT,4,04/13/2011 10:38,1.79,14284,United Kingdom
569087,84879,ASSORTED COLOUR BIRD ORNAMENT,2,04/16/2011 14:51,1.86,12858,United Kingdom
545209,23203,JUMBO BAG DOILEY PATTERNS,6,02/16/2011 15:59,2.12,13855,Netherlands
552529,22138,BAKING SET 9 PIECE RETROSPOT,1,03/09/2011 13:09,4.6,12489,United Kingdom
553286,22383,LUNCH BAG SUKI DESIGN,2,10/04/2011 07:55,1.8,12683,Netherlands
569260,23298,SPOTTY BUNTING,1,06/16/2011 19:41,4.97,14697,France
545615,23298,SPOTTY BUNTING,8,06/25/2011 09:25,5.07,12362,United Kingdom
558689,22633,HAND WARMER UNION JACK,12,06/17/2011 09:08,1.97,12753,United Kingdom
556482,22633,HAND WARMER UNION JACK,7,04/19/2011 08:56,1.67,14578,Belgium
548816,22197,SMALL POPCORN HOLDER,3,10/12/2011 09:45,0.91,14242,Germany
568744,84406B,CREAM CUPID HEARTS COAT HANGER,12,02/23/2011 15:34,2.98,13241,Germany
583184,22752,SET 7 BABUSHKA NESTING BOXES,1,02/13/2011 07:15,7.58,13565,Spain
563852,22197,SMALL POPCORN HOLDER,5,07/17/2011 09:07,0.87,13936,United Kingdom
546730,85099B,JUMBO BAG RED RETROSPOT,16,04/11/2011 15:36,1.97,13425,United Kingdom
568463,20727,LUNCH BAG BLACK SKULL.,13,11/04/2011 17:52,1.51,13290,Ireland
554935,22423,REGENCY CAKESTAND 3 TIER,1,09/01/2011 13:31,12.08,12462,United Kingdom
553458,23084,RABBIT NIGHT LIGHT,8,12/09/2011 12:24,2.11,12504,Ireland
562800,22197,SMALL POPCORN HOLDER,4,03/12/2011 17:25,0.86,13436,United Kingdom
570557,22961,JAM MAKING SET PRINTED,4,09/29/2011 16:18,1.62,14460,Ireland
585023,22632,HAND WARMER RED POLKA DOT,9,05/21/2011 18:11,1.8,12887,United Kingdom
582657,22632,HAND WARMER RED POLKA DOT,15,07/14/2011 12:48,2.07,13295,Germany
570152,22961,JAM MAKING SET PRINTED,7,08/16/2011 15:54,1.57,13001,Ireland
577582,84879,ASSORTED COLOUR BIRD ORNAMENT,2,11/03/2011 07:22,1.83,13964,United Kingdom
537844,22961,JAM MAKING SET PRINTED,4,03/29/2011 12:32,1.65,13060,France
545254,22197,SMALL POPCORN HOLDER,6,03/15/2011 11:08,0.89,13753,Ireland
561947,22178,VICTORIAN GLASS HANGING T-LIGHT,2,11/01/2011 12:38,1.35,13023,United Kingdom
540650,23203,JUMBO BAG DOILEY PATTERNS,5,05/10/2011 13:53,2.36,14480,United Kingdom
558598,84029E,RED WOOLLY HOTTIE WHITE HEART,9,01/18/2011 09:28,4.02,13495,United Kingdom
563043,22752,SET 7 BABUSHKA NESTING BOXES,1,09/24/2011 07:31,7.56,14556,United Kingdom
571205,20725,LUNCH BAG RED RETROSPOT,1,05/13/2011 16:50,1.75,13829,Germany
567430,22178,VICTORIAN GLASS HANGING T-LIGHT,8,10/01/2011 19:17,1.14,12778,United Kingdom
552199,22960,JAM MAKING SET WITH JARS,8,05/15/2011 11:42,4.71,13259,Netherlands
537491,84879,ASSORTED COLOUR BIRD ORNAMENT,4,06/01/2011 19:45,1.77,12902,United Kingdom
579337,23084,RABBIT NIGHT LIGHT,11,12/12/2010 12:05,1.95,13602,Spain
575303,20725,LUNCH BAG RED RETROSPOT,5,09/10/2011 18:20,1.6,13051,Germany
541698,23203,JUMBO BAG DOILEY PATTERNS,12,12/13/2010 09:25,2.37,13544,United Kingdom
553514,85099B,JUMBO BAG RED RETROSPOT,9,11/24/2011 14:27,2.17,12670,United Kingdom
560158,22086,PAPER CHAIN KIT 50'S CHRISTMAS,1,05/03/2011 15:25,3.36,13625,United Kingdom
576902,22383,LUNCH BAG SUKI DESIGN,15,04/16/2011 08:48,1.59,13182,United Kingdom
571303,85099B,JUMBO BAG RED RETROSPOT,8,09/17/2011 08:15,1.89,12657,United Kingdom
551017,22960,JAM MAKING SET WITH JARS,14,06/27/2011 15:17,4.14,13450,United Kingdom
568133,22960,JAM MAKING SET WITH JARS,5,03/25/2011 15:33,3.95,12713,United Kingdom
544953,22086,PAPER CHAIN KIT 50'S CHRISTMAS,1,06/23/2011 13:38,3.13,13574,United Kingdom
542267,23084,RABBIT NIGHT LIGHT,7,03/09/2011 10:48,2.09,12607,United Kingdom
541150,22086,PAPER CHAIN KIT 50'S CHRISTMAS,8,08/09/2011 16:25,2.78,12955,United Kingdom
581242,84406B,CREAM CUPID HEARTS COAT HANGER,4,02/23/2011 09:33,3.04,13159,United Kingdom
571596,23084,RABBIT NIGHT LIGHT,12,10/21/2011 07:29,1.88,13122,France
552760,84406B,CREAM CUPID HEARTS COAT HANGER,1,01/17/2011 10:14,2.9,13581,United Kingdom
540731,22633,HAND WARMER UNION JACK,5,02/17/2011 07:39,1.97,12978,United Kingdom
549809,21071,VINTAGE BILLBOARD DRINK ME MUG,8,03/11/2011 19:54,1.13,13401,France
566430,23084,RABBIT NIGHT LIGHT,2,07/16/2011 14:49,2.18,14149,Germany
554267,84406B,CREAM CUPID HEARTS COAT HANGER,5,12/08/2010 13:48,2.76,15096,Germany
556745,22423,REGENCY CAKESTAND 3 TIER,16,10/18/2011 12:54,12.49,13003,United Kingdom
577232,21754,HOME BUILDING BLOCK WORD,5,06/23/2011 14:51,6.57,14216,France
552328,22197,SMALL POPCORN HOLDER,1,07/25/2011 11:32,0.96,12677,United Kingdom
543997,21755,LOVE BUILDING BLOCK WORD,3,03/18/2011 19:52,6.4,12512,United Kingdom
563643,22961,JAM MAKING SET PRINTED,4,05/09/2011 11:18,1.5,12534,France
556986,21071,VINTAGE BILLBOARD DRINK ME MUG,4,04/12/2011 09:27,1.1,12993,United Kingdom
564910,22423,REGENCY CAKESTAND 3 TIER,13,11/26/2011 16:53,13.74,13014,United Kingdom
544993,21730,GLASS STAR FROSTED T-LIGHT HOLDER,5,10/06/2011 18:52,4.11,12987,Ireland
578835,85123A,WHITE HANGING HEART T-LIGHT HOLDER,2,08/06/2011 19:19,2.49,13131,Ireland
580845,85099B,JUMBO BAG RED RETROSPOT,5,03/22/2011 15:31,2.14,15264,Ireland
544614,21931,JUMBO STORAGE BAG SUKI,2,06/26/2011 10:20,1.94,12757,Germany
577692,85123A,WHITE HANGING HEART T-LIGHT HOLDER,8,06/15/2011 19:00,2.89,12701,United Kingdom
545987,22960,JAM MAKING SET WITH JARS,2,01/12/2011 17:03,4.83,13758,Germany
573254,22632,HAND WARMER RED POLKA DOT,3,03/14/2011 12:56,1.75,12391,United Kingdom
545784,21754,HOME BUILDING BLOCK WORD,3,06/27/2011 19:54,6.53,12861,Germany
546278,23084,RABBIT NIGHT LIGHT,4,10/29/2011 07:58,2.07,13111,Spain
C540856,85099B,JUMBO BAG RED RETROSPOT,-4,03/18/2011 09:02,2.05,14345,United Kingdom
570972,23084,RABBIT NIGHT LIGHT,8,10/12/2011 14:42,1.96,14446,United Kingdom
548829,22752,SET 7 BABUSHKA NESTING BOXES,2,10/26/2011 12:40,7.48,14646,France
549632,22752,SET 7 BABUSHKA NESTING BOXES,2,02/24/2011 12:41,7.23,12779,United Kingdom
541185,21931,JUMBO STORAGE BAG SUKI,6,03/17/2011 15:17,1.97,13768,United Kingdom
561665,21931,JUMBO STORAGE BAG SUKI,13,02/24/2011 11:03,1.99,12477,France
562588,85099B,JUMBO BAG RED RETROSPOT,24,06/12/2011 08:28,2.07,13433,United Kingdom
565391,23084,RABBIT NIGHT LIGHT,5,10/05/2011 18:32,2.15,13325,United Kingdom
564602,23298,SPOTTY BUNTING,2,04/09/2011 07:47,4.79,14223,United Kingdom
542506,22961,JAM MAKING SET PRINTED,3,12/05/2011 10:43,1.6,12819,United Kingdom
543342,22086,PAPER CHAIN KIT 50'S CHRISTMAS,1,06/19/2011 18:05,2.72,14062,United Kingdom
576072,22086,PAPER CHAIN KIT 50'S CHRISTMAS,4,10/08/2011 16:19,3.38,13950,United Kingdom
536705,22960,JAM MAKING SET WITH JARS,10,02/26/2011 12:40,4.15,,United Kingdom
539212,22752,SET 7 BABUSHKA NESTING BOXES,6,01/20/2011 19:42,8.63,13913,United Kingdom
544029,21730,GLASS STAR FROSTED T-LIGHT HOLDER,12,02/23/2011 10:23,4.73,13618,Belgium
536949,22178,VICTORIAN GLASS HANGING T-LIGHT,11,09/14/2011 17:34,1.4,13229,Ireland
558086,22961,JAM MAKING SET PRINTED,7,08/02/2011 19:01,1.59,12454,United Kingdom
571195,21212,PACK OF 72 RETROSPOT CAKE CASES,4,03/14/2011 13:19,0.46,13597,United Kingdom
581499,84406B,CREAM CUPID HEARTS COAT HANGER,5,12/05/2011 19:24,2.79,13915,Spain
556529,84029E,RED WOOLLY HOTTIE WHITE HEART,3,04/24/2011 11:13,3.85,12500,Ireland
C582758,21929,JUMBO BAG PINK VINTAGE PAISLEY,-4,07/19/2011 16:48,2.33,13171,United Kingdom
552074,22960,JAM MAKING SET WITH JARS,4,05/02/2011 13:03,4.02,13247,United Kingdom
579826,21212,PACK OF 72 RETROSPOT CAKE CASES,18,01/29/2011 11:02,0.47,13536,United Kingdom
542053,21754,HOME BUILDING BLOCK WORD,6,02/17/2011 07:41,6.66,16018,Ireland
540190,20727,LUNCH BAG BLACK SKULL.,7,03/15/2011 14:50,1.52,13356,United Kingdom
541896,71053,WHITE METAL LANTERN,10,07/17/2011 12:34,3.11,12694,United Kingdom
554094,22178,VICTORIAN GLASS HANGING T-LIGHT,1,03/15/2011 14:53,1.4,14199,United Kingdom
569215,22752,SET 7 BABUSHKA NESTING BOXES,5,06/30/2011 07:14,6.94,13223,United Kingdom
C571037,22961,JAM MAKING SET PRINTED,-2,02/26/2011 18:12,1.52,15146,Germany
537402,22633,HAND WARMER UNION JACK,11,08/20/2011 13:20,1.67,13102,United Kingdom
559168,21931,JUMBO STORAGE BAG SUKI,3,09/09/2011 16:54,1.97,13946,United Kingdom
586122,22633,HAND WARMER UNION JACK,5,02/11/2011 11:44,1.72,13455,United Kingdom
566467,84879,ASSORTED COLOUR BIRD ORNAMENT,13,04/02/2011 19:30,1.7,12864,United Kingdom
580596,84406B,CREAM CUPID HEARTS COAT HANGER,2,10/10/2011 13:04,2.72,14485,Germany
571168,21755,LOVE BUILDING BLOCK WORD,1,01/16/2011 17:22,6.72,13886,United Kingdom
538624,22197,SMALL POPCORN HOLDER,21,08/05/2011 15:46,0.9,12370,Ireland
584102,22383,LUNCH BAG SUKI DESIGN,5,12/06/2010 19:11,1.79,15651,United Kingdom
565425,21071,VINTAGE BILLBOARD DRINK ME MUG,2,05/16/2011 19:11,1.14,14475,United Kingdom
539571,22086,PAPER CHAIN KIT 50'S CHRISTMAS,1,10/02/2011 16:59,3.2,13066,Ireland
574156,22960,JAM MAKING SET WITH JARS,1,02/22/2011 07:09,3.9,12736,France
566782,21931,JUMBO STORAGE BAG SUKI,4,06/22/2011 08:16,2.21,15638,United Kingdom
547801,84406B,CREAM CUPID HEARTS COAT HANGER,9,07/26/2011 09:36,2.58,13047,United Kingdom
587069,22752,SET 7 BABUSHKA NESTING BOXES,5,06/18/2011 10:52,7.9,14653,United Kingdom
567307,20727,LUNCH BAG BLACK SKULL.,13,01/23/2011 09:50,1.63,12467,Spain
552174,21212,PACK OF 72 RETROSPOT CAKE CASES,18,02/18/2011 18:10,0.44,12521,Ireland
566898,23298,SPOTTY BUNTING,5,03/21/2011 18:33,4.65,12895,United Kingdom
541422,84406B,CREAM CUPID HEARTS COAT HANGER,15,04/05/2011 07:05,2.99,12551,Germany
545916,22632,HAND WARMER RED POLKA DOT,6,08/05/2011 18:56,1.67,12492,United Kingdom
553097,84029G,KNITTED UNION FLAG HOT WATER BOTTLE,1,09/30/2011 10:34,4.2,14692,United Kingdom
579503,21755,LOVE BUILDING BLOCK WORD,3,04/28/2011 15:01,5.56,14625,United Kingdom
579273,22138,BAKING SET 9 PIECE RETROSPOT,11,03/26/2011 18:30,5.45,13394,United Kingdom
569349,23084,RABBIT NIGHT LIGHT,7,07/05/2011 11:39,2.09,13734,United Kingdom
584637,21212,PACK OF 72 RETROSPOT CAKE CASES,2,05/03/2011 14:41,0.38,14402,United Kingdom
563123,21754,HOME BUILDING BLOCK WORD,10,03/29/2011 11:19,5.87,12554,United Kingdom
580940,20725,LUNCH BAG RED RETROSPOT,6,04/20/2011 17:20,1.81,14436,United Kingdom
562499,22633,HAND WARMER UNION JACK,10,08/26/2011 08:10,2.02,13188,United Kingdom
571090,22752,SET 7 BABUSHKA NESTING BOXES,8,06/14/2011 13:39,8.42,12420,United Kingdom
555504,22178,VICTORIAN GLASS HANGING T-LIGHT,1,08/13/2011 15:24,1.34,14458,Germany
580692,85123A,WHITE HANGING HEART T-LIGHT HOLDER,5,01/06/2011 10:48,2.51,15067,Ireland
547272,85123A,WHITE HANGING HEART T-LIGHT HOLDER,1,06/12/2011 17:09,2.5,14528,Belgium
563935,23203,JUMBO BAG DOILEY PATTERNS,9,04/25/2011 12:05,2.02,12735,United Kingdom
558939,22633,HAND WARMER UNION JACK,11,06/17/2011 16:34,1.89,13646,United Kingdom
545998,22960,JAM MAKING SET WITH JARS,10,01/25/2011 12:43,4.58,13758,Germany
564663,21754,HOME BUILDING BLOCK WORD,20,12/06/2010 11:26,6.44,13727,United Kingdom
574453,23203,JUMBO BAG DOILEY PATTERNS,7,09/09/2011 13:15,1.93,12828,United Kingdom
552220,21212,PACK OF 72 RETROSPOT CAKE CASES,2,04/12/2011 12:43,0.47,12794,United Kingdom
580922,23203,JUMBO BAG DOILEY PATTERNS,5,01/12/2011 18:14,2.33,13749,United Kingdom
553899,84029E,RED WOOLLY HOTTIE WHITE HEART,3,07/12/2011 15:59,3.7,15332,United Kingdom
574457,22960,JAM MAKING SET WITH JARS,2,09/13/2011 11:55,4.46,14563,United Kingdom
564456,22423,REGENCY CAKESTAND 3 TIER,8,07/20/2011 10:25,13.39,13028,United Kingdom
578945,22961,JAM MAKING SET PRINTED,1,09/24/2011 13:05,1.39,14112,United Kingdom
541434,22138,BAKING SET 9 PIECE RETROSPOT,8,02/02/2011 17:52,5.32,14136,United Kingdom
562784,85123A,WHITE HANGING HEART T-LIGHT HOLDER,10,04/08/2011 14:33,2.49,13826,United Kingdom
562598,22178,VICTORIAN GLASS HANGING T-LIGHT,6,12/23/2010 07:22,1.32,13433,United Kingdom
552195,20727,LUNCH BAG BLACK SKULL.,13,06/08/2011 15:36,1.58,13259,Netherlands
565165,22632,HAND WARMER RED POLKA DOT,2,10/21/2011 09:57,2.08,12673,United Kingdom
548239,22086,PAPER CHAIN KIT 50'S CHRISTMAS,19,10/02/2011 10:33,3.14,13346,United Kingdom
551369,22086,PAPER CHAIN KIT 50'S CHRISTMAS,8,01/15/2011 13:42,2.92,15802,United Kingdom
571685,21212,PACK OF 72 RETROSPOT CAKE CASES,4,04/05/2011 10:21,0.39,13786,United Kingdom
582314,21212,PACK OF 72 RETROSPOT CAKE CASES,7,02/05/2011 09:52,0.47,12357,United Kingdom
583227,84029G,KNITTED UNION FLAG HOT WATER BOTTLE,1,06/28/2011 09:26,4.07,,United Kingdom
576103,84029E,RED WOOLLY HOTTIE WHITE HEART,9,05/05/2011 08:28,4.0,13292,United Kingdom
587086,21931,JUMBO STORAGE BAG SUKI,1,02/15/2011 07:52,1.87,13157,United Kingdom
565173,21212,PACK OF 72 RETROSPOT CAKE CASES,4,03/06/2011 17:05,0.4,14700,Germany
568922,20727,LUNCH BAG BLACK SKULL.,7,10/04/2011 11:59,1.61,12731,United Kingdom
543203,21755,LOVE BUILDING BLOCK WORD,2,02/04/2011 17:25,6.43,15272,United Kingdom
585614,22178,VICTORIAN GLASS HANGING T-LIGHT,3,10/08/2011 12:59,1.16,12576,United Kingdom
542242,21931,JUMBO STORAGE BAG SUKI,13,08/25/2011 15:51,1.76,12404,United Kingdom
576767,22178,VICTORIAN GLASS HANGING T-LIGHT,7,07/22/2011 11:00,1.36,,United Kingdom
556034,22633,HAND WARMER UNION JACK,4,05/01/2011 12:02,1.8,12487,United Kingdom
571850,21212,PACK OF 72 RETROSPOT CAKE CASES,7,03/05/2011 10:13,0.41,13101,France
561129,22197,SMALL POPCORN HOLDER,9,03/03/2011 09:50,0.82,13514,France
583899,21071,VINTAGE BILLBOARD DRINK ME MUG,1,02/03/2011 09:05,1.14,12432,United Kingdom
568710,85099B,JUMBO BAG RED RETROSPOT,11,09/21/2011 15:16,2.09,12361,United Kingdom
548470,22633,HAND WARMER UNION JACK,5,02/13/2011 08:38,1.79,13491,United Kingdom
581616,21931,JUMBO STORAGE BAG SUKI,6,12/06/2010 10:10,1.96,15174,Portugal
574272,22138,BAKING SET 9 PIECE RETROSPOT,9,06/21/2011 15:39,4.46,13180,United Kingdom
581398,21071,VINTAGE BILLBOARD DRINK ME MUG,1,02/27/2011 13:38,1.15,12368,United Kingdom
570926,21929,JUMBO BAG PINK VINTAGE PAISLEY,1,03/25/2011 08:20,2.24,13679,United Kingdom
C564091,85123A,WHITE HANGING HEART T-LIGHT HOLDER,-3,10/30/2011 17:49,2.51,14369,United Kingdom
C548455,21754,HOME BUILDING BLOCK WORD,-8,01/22/2011 14:30,5.75,13491,United Kingdom
540785,23084,RABBIT NIGHT LIGHT,9,04/06/2011 18:56,2.17,12349,United Kingdom
541140,23298,SPOTTY BUNTING,7,05/03/2011 16:47,5.49,12955,United Kingdom
545940,22960,JAM MAKING SET WITH JARS,7,04/25/2011 16:42,4.84,12492,United Kingdom
584354,21755,LOVE BUILDING BLOCK WORD,10,04/26/2011 14:16,6.32,13340,United Kingdom
567457,22178,VICTORIAN GLASS HANGING T-LIGHT,11,06/15/2011 12:21,1.36,13599,United Kingdom
557469,20727,LUNCH BAG BLACK SKULL.,13,12/11/2010 10:31,1.53,13884,United Kingdom
576061,20725,LUNCH BAG RED RETROSPOT,1,03/05/2011 10:39,1.86,13950,United Kingdom
553571,71053,WHITE METAL LANTERN,6,10/04/2011 10:01,3.23,16183,Ireland
585792,21931,JUMBO STORAGE BAG SUKI,10,04/10/2011 16:19,2.1,13717,Ireland
585295,22961,JAM MAKING SET PRINTED,8,05/19/2011 07:41,1.48,14757,United Kingdom
550139,85123A,WHITE HANGING HEART T-LIGHT HOLDER,2,07/08/2011 16:04,2.74,12686,United Kingdom
546185,21212,PACK OF 72 RETROSPOT CAKE CASES,12,08/17/2011 15:44,0.38,12719,United Kingdom
553309,22632,HAND WARMER RED POLKA DOT,10,05/30/2011 07:47,1.77,,Spain
575822,22752,SET 7 BABUSHKA NESTING BOXES,3,06/13/2011 18:52,7.11,13991,Spain
586954,84029G,KNITTED UNION FLAG HOT WATER BOTTLE,4,11/25/2011 10:03,3.79,12842,United Kingdom
539368,84406B,CREAM CUPID HEARTS COAT HANGER,8,07/28/2011 16:14,2.77,12863,United Kingdom
564207,21929,JUMBO BAG PINK VINTAGE PAISLEY,8,06/27/2011 17:31,2.12,12621,United Kingdom
546937,21071,VINTAGE BILLBOARD DRINK ME MUG,11,03/10/2011 16:36,1.04,13443,France
C563461,22086,PAPER CHAIN KIT 50'S CHRISTMAS,-2,10/21/2011 08:36,3.31,12612,Germany
563939,84879,ASSORTED COLOUR BIRD ORNAMENT,11,11/01/2011 19:36,1.91,,United Kingdom
546306,85123A,WHITE HANGING HEART T-LIGHT HOLDER,4,12/27/2010 14:09,2.69,15440,France
547837,84029G,KNITTED UNION FLAG HOT WATER BOTTLE,6,12/23/2010 08:17,3.59,13653,France
563056,20725,LUNCH BAG RED RETROSPOT,7,01/28/2011 13:47,1.63,13892,Belgium
553853,22178,VICTORIAN GLASS HANGING T-LIGHT,9,06/09/2011 16:33,1.25,13338,Ireland
543844,23203,JUMBO BAG DOILEY PATTERNS,3,05/07/2011 19:39,2.21,12989,France
576805,22752,SET 7 BABUSHKA NESTING BOXES,13,02/18/2011 19:04,7.59,12856,Netherlands
541673,21071,VINTAGE BILLBOARD DRINK ME MUG,9,04/07/2011 16:59,1.04,12814,United Kingdom
560822,22178,VICTORIAN GLASS HANGING T-LIGHT,5,10/22/2011 16:38,1.31,12705,Ireland
563284,21931,JUMBO STORAGE BAG SUKI,5,05/27/2011 11:19,2.22,13027,Ireland
578246,22960,JAM MAKING SET WITH JARS,7,10/11/2011 07:45,4.26,,United Kingdom
555053,22383,LUNCH BAG SUKI DESIGN,5,04/18/2011 12:13,1.74,13607,Ireland
574676,23203,JUMBO BAG DOILEY PATTERNS,4,02/26/2011 17:53,2.05,13705,United Kingdom
537001,20727,LUNCH BAG BLACK SKULL.,13,08/12/2011 14:06,1.84,13388,United Kingdom
543577,21755,LOVE BUILDING BLOCK WORD,1,02/18/2011 16:33,6.63,12995,United Kingdom
539639,22178,VICTORIAN GLASS HANGING T-LIGHT,8,02/22/2011 09:55,1.22,14160,United Kingdom
557278,21929,JUMBO BAG PINK VINTAGE PAISLEY,16,02/03/2011 18:17,2.15,13605,Portugal
579963,21754,HOME BUILDING BLOCK WORD,10,04/06/2011 13:28,5.98,13807,Spain
575653,22633,HAND WARMER UNION JACK,5,01/01/2011 17:36,1.75,13772,United Kingdom
584889,22086,PAPER CHAIN KIT 50'S CHRISTMAS,11,07/31/2011 17:39,3.0,12755,United Kingdom
584837,84879,ASSORTED COLOUR BIRD ORNAMENT,12,05/14/2011 14:14,1.74,12963,United Kingdom
542400,23203,JUMBO BAG DOILEY PATTERNS,1,04/16/2011 13:52,2.03,13022,United Kingdom
554253,21071,VINTAGE BILLBOARD DRINK ME MUG,3,04/16/2011 18:04,1.22,14503,Netherlands
559063,22960,JAM MAKING SET WITH JARS,11,05/10/2011 12:29,4.83,12586,United Kingdom
584878,22178,VICTORIAN GLASS HANGING T-LIGHT,10,05/22/2011 17:37,1.43,12755,United Kingdom
564203,84029E,RED WOOLLY HOTTIE WHITE HEART,4,04/03/2011 18:14,3.63,15091,Netherlands
555184,84029E,RED WOOLLY HOTTIE WHITE HEART,2,11/13/2011 18:12,3.86,13040,France
575420,23203,JUMBO BAG DOILEY PATTERNS,10,05/11/2011 14:00,2.28,12352,United Kingdom
556408,21929,JUMBO BAG PINK VINTAGE PAISLEY,3,07/16/2011 15:00,2.01,14819,United Kingdom
576318,85099B,JUMBO BAG RED RETROSPOT,16,10/09/2011 17:41,2.23,12981,United Kingdom
554504,22632,HAND WARMER RED POLKA DOT,5,08/21/2011 18:41,1.89,14774,United Kingdom
576655,21730,GLASS STAR FROSTED T-LIGHT HOLDER,7,10/21/2011 15:36,4.65,13019,United Kingdom
583252,21730,GLASS STAR FROSTED T-LIGHT HOLDER,8,10/18/2011 08:06,4.68,14145,United Kingdom
553145,71053,WHITE METAL LANTERN,1,03/11/2011 16:23,3.09,12394,United Kingdom
543858,22423,REGENCY CAKESTAND 3 TIER,2,05/15/2011 16:54,13.8,12989,France
540838,22197,SMALL POPCORN HOLDER,6,04/29/2011 15:59,0.86,12930,United Kingdom
553591,20727,LUNCH BAG BLACK SKULL.,1,03/14/2011 15:14,1.51,13226,United Kingdom
576143,22961,JAM MAKING SET PRINTED,2,03/09/2011 17:37,1.63,13614,United Kingdom
566449,21730,GLASS STAR FROSTED T-LIGHT HOLDER,9,05/18/2011 12:25,4.7,12864,United Kingdom
C555348,84879,ASSORTED COLOUR BIRD ORNAMENT,-3,01/30/2011 13:08,1.61,15345,United Kingdom
560729,21754,HOME BUILDING BLOCK WORD,4,04/17/2011 18:55,6.65,13431,Germany
551258,84406B,CREAM CUPID HEARTS COAT HANGER,7,09/28/2011 17:07,2.93,12909,Ireland
569223,22086,PAPER CHAIN KIT 50'S CHRISTMAS,1,06/15/2011 11:07,3.12,15442,United Kingdom
587111,84406B,CREAM CUPID HEARTS COAT HANGER,3,11/08/2011 17:56,2.88,13979,Germany
558169,22086,PAPER CHAIN KIT 50'S CHRISTMAS,10,12/04/2011 07:06,2.73,13029,United Kingdom
575599,20727,LUNCH BAG BLACK SKULL.,7,10/29/2011 18:50,1.68,14332,United Kingdom
577893,22632,HAND WARMER RED POLKA DOT,4,05/26/2011 14:30,1.82,12552,United Kingdom
565660,22197,SMALL POPCORN HOLDER,5,12/11/2010 08:35,0.81,13538,United Kingdom
546010,23298,SPOTTY BUNTING,2,08/23/2011 11:35,5.34,13981,United Kingdom
563478,21071,VINTAGE BILLBOARD DRINK ME MUG,6,02/16/2011 12:37,1.08,12612,Germany
580215,21730,GLASS STAR FROSTED T-LIGHT HOLDER,18,11/24/2011 17:52,4.44,12524,United Kingdom
564688,22752,SET 7 BABUSHKA NESTING BOXES,4,07/13/2011 10:59,7.9,,United Kingdom
581780,21755,LOVE BUILDING BLOCK WORD,10,08/30/2011 08:43,5.82,12390,Ireland
554366,21754,HOME BUILDING BLOCK WORD,2,08/19/2011 16:57,5.59,13035,United Kingdom
562153,22383,LUNCH BAG SUKI DESIGN,4,05/19/2011 13:13,1.59,14224,United Kingdom
560792,21931,JUMBO STORAGE BAG SUKI,6,09/18/2011 14:29,1.83,12630,Belgium
586641,22632,HAND WARMER RED POLKA DOT,12,10/19/2011 10:15,2.0,12901,Ireland
582312,22633,HAND WARMER UNION JACK,3,11/23/2011 18:27,2.11,12357,United Kingdom
574691,22633,HAND WARMER UNION JACK,11,08/20/2011 16:46,2.06,13042,Ireland
551533,21212,PACK OF 72 RETROSPOT CAKE CASES,9,09/24/2011 16:51,0.38,12667,Germany
548061,85123A,WHITE HANGING HEART T-LIGHT HOLDER,3,03/09/2011 09:18,2.41,12892,United Kingdom
540807,20727,LUNCH BAG BLACK SKULL.,8,08/21/2011 08:06,1.63,12535,United Kingdom
579955,84406B,CREAM CUPID HEARTS COAT HANGER,7,07/27/2011 10:16,2.63,13807,Spain
567145,23084,RABBIT NIGHT LIGHT,8,07/21/2011 10:15,2.03,12685,United Kingdom
571750,23084,RABBIT NIGHT LIGHT,8,03/27/2011 15:05,2.0,12965,Netherlands
584289,22178,VICTORIAN GLASS HANGING T-LIGHT,7,07/06/2011 12:07,1.13,13220,Netherlands
542081,20725,LUNCH BAG RED RETROSPOT,9,03/08/2011 14:25,1.52,13452,United Kingdom
540086,71053,WHITE METAL LANTERN,1,09/04/2011 17:15,3.68,14189,Ireland
540704,22138,BAKING SET 9 PIECE RETROSPOT,8,11/14/2011 10:25,5.06,12978,United Kingdom
573188,23203,JUMBO BAG DOILEY PATTERNS,12,08/19/2011 17:40,2.32,13349,United Kingdom
559408,23084,RABBIT NIGHT LIGHT,10,11/08/2011 07:44,2.31,13053,United Kingdom
C556414,22086,PAPER CHAIN KIT 50'S CHRISTMAS,-9,12/01/2011 09:19,2.76,12483,Germany
551280,84029G,KNITTED UNION FLAG HOT WATER BOTTLE,4,07/08/2011 10:39,3.79,13362,Ireland
581383,23203,JUMBO BAG DOILEY PATTERNS,12,08/30/2011 08:49,2.13,12368,United Kingdom
539881,21754,HOME BUILDING BLOCK WORD,1,03/03/2011 12:13,5.68,13535,United Kingdom
585348,23084,RABBIT NIGHT LIGHT,4,12/02/2010 14:51,2.12,13828,Ireland
568931,22178,VICTORIAN GLASS HANGING T-LIGHT,3,06/20/2011 15:28,1.31,12731,United Kingdom
546847,85099B,JUMBO BAG RED RETROSPOT,23,04/14/2011 15:29,90.67,13335,United Kingdom
587032,84029G,KNITTED UNION FLAG HOT WATER BOTTLE,7,03/26/2011 19:35,3.41,12937,United Kingdom
583237,84029E,RED WOOLLY HOTTIE WHITE HEART,5,07/28/2011 07:09,3.65,13093,United Kingdom
C561384,21755,LOVE BUILDING BLOCK WORD,-2,08/30/2011 09:41,5.91,14611,United Kingdom
547137,22178,VICTORIAN GLASS HANGING T-LIGHT,4,10/27/2011 09:46,1.24,14307,United Kingdom
568374,23298,SPOTTY BUNTING,8,03/01/2011 09:52,5.01,13500,United Kingdom
579008,21755,LOVE BUILDING BLOCK WORD,1,01/30/2011 12:34,128.96,13850,United Kingdom
560117,85099B,JUMBO BAG RED RETROSPOT,13,01/25/2011 17:24,2.28,12781,United Kingdom
557988,23298,SPOTTY BUNTING,4,12/12/2010 19:36,4.98,15752,United Kingdom
557697,22752,SET 7 BABUSHKA NESTING BOXES,9,04/10/2011 13:31,7.27,12658,United Kingdom
581647,21071,VINTAGE BILLBOARD DRINK ME MUG,1,10/11/2011 13:18,0.98,14594,United Kingdom
559227,71053,WHITE METAL LANTERN,24,07/01/2011 11:56,3.48,12383,Ireland
552057,21929,JUMBO BAG PINK VINTAGE PAISLEY,1,07/19/2011 09:26,2.37,13247,United Kingdom
573899,21931,JUMBO STORAGE BAG SUKI,15,10/13/2011 14:14,1.82,12976,Spain
541711,20727,LUNCH BAG BLACK SKULL.,6,10/08/2011 18:08,1.73,13990,United Kingdom
562503,84879,ASSORTED COLOUR BIRD ORNAMENT,1,07/30/2011 12:42,1.53,13188,United Kingdom
583249,21071,VINTAGE BILLBOARD DRINK ME MUG,4,11/03/2011 15:28,1.18,14145,United Kingdom
580451,21730,GLASS STAR FROSTED T-LIGHT HOLDER,2,04/15/2011 11:39,4.46,13838,Germany
575900,84029G,KNITTED UNION FLAG HOT WATER BOTTLE,8,02/04/2011 07:29,4.06,12956,United Kingdom
567453,21071,VINTAGE BILLBOARD DRINK ME MUG,4,04/18/2011 16:19,1.07,13599,United Kingdom
568822,21071,VINTAGE BILLBOARD DRINK ME MUG,13,03/02/2011 19:58,1.21,12642,United Kingdom
582678,84029G,KNITTED UNION FLAG HOT WATER BOTTLE,1,08/07/2011 19:04,3.85,12899,United Kingdom
553525,22423,REGENCY CAKESTAND 3 TIER,5,08/20/2011 07:48,13.82,13098,United Kingdom
556997,84879,ASSORTED COLOUR BIRD ORNAMENT,3,10/15/2011 16:13,1.78,12993,United Kingdom
539882,22086,PAPER CHAIN KIT 50'S CHRISTMAS,15,12/16/2010 18:41,2.91,13535,United Kingdom
570319,23084,RABBIT NIGHT LIGHT,13,01/18/2011 10:51,1.95,13661,United Kingdom
570994,22961,JAM MAKING SET PRINTED,7,07/18/2011 10:30,1.41,13621,United Kingdom
551533,23203,JUMBO BAG DOILEY PATTERNS,6,09/24/2011 16:51,2.02,12667,Germany
586263,23203,JUMBO BAG DOILEY PATTERNS,9,07/23/2011 09:13,2.35,12948,United Kingdom
551529,22423,REGENCY CAKESTAND 3 TIER,7,03/23/2011 11:41,14.31,12667,Germany
569938,84029E,RED WOOLLY HOTTIE WHITE HEART,8,01/16/2011 14:45,4.3,14928,United Kingdom
574558,22086,PAPER CHAIN KIT 50'S CHRISTMAS,1,07/13/2011 09:03,2.69,12783,United Kingdom
561469,22423,REGENCY CAKESTAND 3 TIER,3,11/05/2011 08:07,13.86,12910,United Kingdom
554695,21730,GLASS STAR FROSTED T-LIGHT HOLDER,10,09/06/2011 08:54,4.86,13121,United Kingdom
573310,22383,LUNCH BAG SUKI DESIGN,8,03/06/2011 19:49,1.68,13748,United Kingdom
579815,71053,WHITE METAL LANTERN,1,11/29/2011 18:00,3.72,14174,United Kingdom
549709,22633,HAND WARMER UNION JACK,6,03/31/2011 13:10,1.85,13030,United Kingdom
576927,22423,REGENCY CAKESTAND 3 TIER,4,02/28/2011 12:09,12.27,14772,United Kingdom
577647,21071,VINTAGE BILLBOARD DRINK ME MUG,5,02/26/2011 15:10,1.16,13391,United Kingdom
577135,22752,SET 7 BABUSHKA NESTING BOXES,14,07/17/2011 15:00,8.25,12624,Portugal
564159,20727,LUNCH BAG BLACK SKULL.,14,05/23/2011 12:03,1.57,12652,United Kingdom
544080,22961,JAM MAKING SET PRINTED,4,04/12/2011 08:45,1.6,,Belgium
577141,22423,REGENCY CAKESTAND 3 TIER,7,08/15/2011 07:02,12.37,12624,Portugal
554061,21071,VINTAGE BILLBOARD DRINK ME MUG,11,02/08/2011 16:31,1.15,13366,United Kingdom
567538,71053,WHITE METAL LANTERN,5,04/14/2011 18:55,98.55,13802,United Kingdom
586660,22197,SMALL POPCORN HOLDER,6,02/21/2011 14:09,0.8,13811,United Kingdom
572274,23203,JUMBO BAG DOILEY PATTERNS,15,06/27/2011 13:04,1.88,12365,United Kingdom
580905,85099B,JUMBO BAG RED RETROSPOT,4,03/24/2011 13:32,2.16,14584,United Kingdom
537121,21929,JUMBO BAG PINK VINTAGE PAISLEY,3,10/27/2011 10:42,2.27,,United Kingdom
562232,22197,SMALL POPCORN HOLDER,4,03/12/2011 11:56,0.91,13933,United Kingdom
552694,21929,JUMBO BAG PINK VINTAGE PAISLEY,11,03/16/2011 08:37,2.02,13563,United Kingdom
575031,21754,HOME BUILDING BLOCK WORD,6,02/22/2011 08:51,5.59,12809,United Kingdom
578341,23298,SPOTTY BUNTING,6,01/29/2011 09:09,5.66,15131,United Kingdom
586565,21730,GLASS STAR FROSTED T-LIGHT HOLDER,17,06/14/2011 13:27,4.55,12536,Germany
563944,85099B,JUMBO BAG RED RETROSPOT,12,05/01/2011 11:51,2.04,12735,United Kingdom
576728,22138,BAKING SET 9 PIECE RETROSPOT,3,09/02/2011 13:25,4.54,14383,United Kingdom
555487,22138,BAKING SET 9 PIECE RETROSPOT,6,10/15/2011 07:44,4.76,12878,France
571575,21929,JUMBO BAG PINK VINTAGE PAISLEY,1,05/11/2011 19:33,2.19,15340,Belgium
566948,23203,JUMBO BAG DOILEY PATTERNS,3,03/14/2011 11:40,2.03,13920,United Kingdom
581040,20725,LUNCH BAG RED RETROSPOT,1,06/24/2011 09:22,1.77,13639,United Kingdom
561881,22178,VICTORIAN GLASS HANGING T-LIGHT,10,08/01/2011 11:59,1.43,12398,Germany
540710,21071,VINTAGE BILLBOARD DRINK ME MUG,9,03/11/2011 10:02,1.11,12978,United Kingdom
548054,71053,WHITE METAL LANTERN,5,06/15/2011 07:07,3.12,12892,United Kingdom
584237,84029E,RED WOOLLY HOTTIE WHITE HEART,5,02/08/2011 09:05,3.59,13673,United Kingdom
538341,22197,SMALL POPCORN HOLDER,1,03/19/2011 19:36,0.8,13860,France
581011,23298,SPOTTY BUNTING,8,03/11/2011 18:13,4.73,14713,United Kingdom
575461,22961,JAM MAKING SET PRINTED,1,11/05/2011 12:58,1.59,12759,United Kingdom
541671,22178,VICTORIAN GLASS HANGING T-LIGHT,11,06/21/2011 10:02,1.26,12814,United Kingdom
566237,21071,VINTAGE BILLBOARD DRINK ME MUG,1,10/23/2011 13:05,1.21,13910,United Kingdom
578926,22383,LUNCH BAG SUKI DESIGN,15,12/05/2010 09:01,1.49,13398,United Kingdom
537183,85123A,WHITE HANGING HEART T-LIGHT HOLDER,2,11/09/2011 19:36,2.3,12845,United Kingdom
558817,21730,GLASS STAR FROSTED T-LIGHT HOLDER,5,01/27/2011 07:53,3.84,12681,United Kingdom
554348,22752,SET 7 BABUSHKA NESTING BOXES,2,09/08/2011 10:13,8.49,13035,United Kingdom
